method,rep,t,ess
pf_ce,0,0,1.00523
pf_ce,0,1,258.969
pf_ce,0,2,128.328
pf_ce,0,3,283.379
pf_ce,0,4,13.7311
pf_ce,0,5,235.239
pf_ce,0,6,39.2966
pf_ce,0,7,233.577
pf_ce,0,8,91.1503
pf_ce,0,9,190.767
pf_ce,0,10,249.021
pf_ce,0,11,94.3505
pf_ce,0,12,173.082
pf_ce,0,13,80.5737
pf_ce,0,14,175.908
pf_ce,0,15,129.161
pf_ce,0,16,215.88
pf_ce,0,17,230.165
pf_ce,0,18,222.653
pf_ce,0,19,100.679
pf_ce,0,20,60.5098
pf_ce,0,21,145.17
pf_ce,0,22,9.39817
pf_ce,0,23,62.729
pf_ce,0,24,21.0663
pf_ce,0,25,161.485
pf_ce,0,26,158.468
pf_ce,0,27,80.2268
pf_ce,0,28,85.7732
pf_ce,0,29,46.2516
pf_ce,0,30,212.334
pf_ce,0,31,200.374
pf_ce,0,32,228.747
pf_ce,0,33,186.985
pf_ce,0,34,129.395
pf_ce,0,35,61.5711
pf_ce,0,36,241.289
pf_ce,0,37,235.088
pf_ce,0,38,20.9638
pf_ce,0,39,54.3726
pf_ce,0,40,178.657
pf_ce,0,41,118.92
pf_ce,0,42,212.841
pf_ce,0,43,1.45354
pf_ce,0,44,79.9124
pf_ce,0,45,179.663
pf_ce,0,46,166.538
pf_ce,0,47,48.7367
pf_ce,0,48,212.864
pf_ce,0,49,174.874
pf_ce,0,50,96.7942
pf_ce,0,51,3.12878
pf_ce,0,52,150.914
pf_ce,0,53,83.0307
pf_ce,0,54,126.998
pf_ce,0,55,25.1248
pf_ce,0,56,61.3792
pf_ce,0,57,155.654
pf_ce,0,58,169.349
pf_ce,0,59,169.213
pf_ce,0,60,11.7984
pf_ce,0,61,26.3642
pf_ce,0,62,56.9807
pf_ce,0,63,68.9657
pf_ce,0,64,90.8976
pf_ce,0,65,35.1568
pf_ce,0,66,1.0046
pf_ce,0,67,117.693
pf_ce,0,68,133.338
pf_ce,0,69,123.546
pf_ce,0,70,1.6529
pf_ce,0,71,21.7081
pf_ce,0,72,89.4797
pf_ce,0,73,40.1957
pf_ce,0,74,115.81
pf_ce,0,75,105.268
pf_ce,0,76,65.8342
pf_ce,0,77,95.8519
pf_ce,0,78,189.736
pf_ce,0,79,167.163
pf_ce,0,80,108.69
pf_ce,0,81,68.5349
pf_ce,0,82,92.654
pf_ce,0,83,111.538
pf_ce,0,84,188.439
pf_ce,0,85,27.1548
pf_ce,0,86,33.3096
pf_ce,0,87,1.01043
pf_ce,0,88,67.4785
pf_ce,0,89,41.8288
pf_ce,0,90,44.8547
pf_ce,0,91,92.0363
pf_ce,0,92,123.289
pf_ce,0,93,139.427
pf_ce,0,94,154.452
pf_ce,0,95,108.908
pf_ce,0,96,114.939
pf_ce,0,97,49.8787
pf_ce,0,98,168.14
pf_ce,0,99,152.891
pf_ce,0,100,172.695
pf_ce,0,101,162.135
pf_ce,0,102,192.556
pf_ce,0,103,64.7463
pf_ce,0,104,188.923
pf_ce,0,105,12.1393
pf_ce,0,106,64.9209
pf_ce,0,107,47.9899
pf_ce,0,108,144.113
pf_ce,0,109,124.506
pf_ce,0,110,202.696
pf_ce,0,111,216.809
pf_ce,0,112,37.6524
pf_ce,0,113,158.438
pf_ce,0,114,71.0147
pf_ce,0,115,144.797
pf_ce,0,116,190.265
pf_ce,0,117,208.464
pf_ce,0,118,226.428
pf_ce,0,119,187.018
pf_ce,0,120,244.876
pf_ce,0,121,240.099
pf_ce,0,122,54.9808
pf_ce,0,123,38.1333
pf_ce,0,124,153.427
pf_ce,0,125,142.747
pf_ce,0,126,211.971
pf_ce,0,127,199.661
pf_ce,0,128,169.469
pf_ce,0,129,13.3528
pf_ce,0,130,173.529
pf_ce,0,131,203.456
pf_ce,0,132,187.889
pf_ce,0,133,148.346
pf_ce,0,134,202.669
pf_ce,0,135,261.822
pf_ce,0,136,78.6092
pf_ce,0,137,85.4615
pf_ce,0,138,93.6032
pf_ce,0,139,156.854
pf_ce,0,140,19.5704
pf_ce,0,141,199.233
pf_ce,0,142,68.9051
pf_ce,0,143,92.6402
pf_ce,0,144,196.43
pf_ce,0,145,226.268
pf_ce,0,146,182.991
pf_ce,0,147,264.145
pf_ce,0,148,5.02116
pf_ce,0,149,111.647
copf_ce,0,0,4.43345
copf_ce,0,1,436.338
copf_ce,0,2,364.579
copf_ce,0,3,300.662
copf_ce,0,4,184.416
copf_ce,0,5,423.584
copf_ce,0,6,277.399
copf_ce,0,7,208.979
copf_ce,0,8,347.775
copf_ce,0,9,277.096
copf_ce,0,10,226.984
copf_ce,0,11,345.589
copf_ce,0,12,257.275
copf_ce,0,13,167.475
copf_ce,0,14,370.84
copf_ce,0,15,295.686
copf_ce,0,16,246.847
copf_ce,0,17,418.067
copf_ce,0,18,336.538
copf_ce,0,19,248.508
copf_ce,0,20,331.552
copf_ce,0,21,244.283
copf_ce,0,22,220.721
copf_ce,0,23,302.196
copf_ce,0,24,201.49
copf_ce,0,25,329.76
copf_ce,0,26,228.023
copf_ce,0,27,322.44
copf_ce,0,28,245.291
copf_ce,0,29,320.6
copf_ce,0,30,242.529
copf_ce,0,31,415.164
copf_ce,0,32,327.077
copf_ce,0,33,245.634
copf_ce,0,34,384.992
copf_ce,0,35,281.308
copf_ce,0,36,222.186
copf_ce,0,37,415.234
copf_ce,0,38,263.066
copf_ce,0,39,169.682
copf_ce,0,40,370.084
copf_ce,0,41,262.974
copf_ce,0,42,188.924
copf_ce,0,43,99.5582
copf_ce,0,44,317.437
copf_ce,0,45,199.839
copf_ce,0,46,360.621
copf_ce,0,47,266.827
copf_ce,0,48,217.047
copf_ce,0,49,395.746
copf_ce,0,50,284.779
copf_ce,0,51,164.471
copf_ce,0,52,349.323
copf_ce,0,53,262.219
copf_ce,0,54,187.903
copf_ce,0,55,257.491
copf_ce,0,56,160.628
copf_ce,0,57,338.6
copf_ce,0,58,246.358
copf_ce,0,59,384.805
copf_ce,0,60,234.105
copf_ce,0,61,278.392
copf_ce,0,62,158.503
copf_ce,0,63,286.278
copf_ce,0,64,190.021
copf_ce,0,65,272.46
copf_ce,0,66,123.498
copf_ce,0,67,258.892
copf_ce,0,68,128.99
copf_ce,0,69,290.416
copf_ce,0,70,135.325
copf_ce,0,71,316.367
copf_ce,0,72,144.066
copf_ce,0,73,216.89
copf_ce,0,74,243.606
copf_ce,0,75,251.257
copf_ce,0,76,283.156
copf_ce,0,77,180.926
copf_ce,0,78,377.681
copf_ce,0,79,295.693
copf_ce,0,80,221.874
copf_ce,0,81,309.452
copf_ce,0,82,210.922
copf_ce,0,83,345.214
copf_ce,0,84,246.425
copf_ce,0,85,281.543
copf_ce,0,86,169.181
copf_ce,0,87,123.891
copf_ce,0,88,267.755
copf_ce,0,89,123.198
copf_ce,0,90,215.947
copf_ce,0,91,234.035
copf_ce,0,92,268.423
copf_ce,0,93,151.352
copf_ce,0,94,298.837
copf_ce,0,95,199.015
copf_ce,0,96,336.851
copf_ce,0,97,194.782
copf_ce,0,98,350.812
copf_ce,0,99,237.123
copf_ce,0,100,370.186
copf_ce,0,101,250.87
copf_ce,0,102,373.671
copf_ce,0,103,254.086
copf_ce,0,104,393.308
copf_ce,0,105,229.561
copf_ce,0,106,337.12
copf_ce,0,107,235.223
copf_ce,0,108,386.119
copf_ce,0,109,283.042
copf_ce,0,110,215.546
copf_ce,0,111,404.366
copf_ce,0,112,272.549
copf_ce,0,113,190.179
copf_ce,0,114,330.315
copf_ce,0,115,218.802
copf_ce,0,116,393.763
copf_ce,0,117,308.355
copf_ce,0,118,253.606
copf_ce,0,119,406.585
copf_ce,0,120,326.955
copf_ce,0,121,263.324
copf_ce,0,122,167.06
copf_ce,0,123,294.19
copf_ce,0,124,196.035
copf_ce,0,125,363.47
copf_ce,0,126,268.414
copf_ce,0,127,200.786
copf_ce,0,128,400.287
copf_ce,0,129,248.274
copf_ce,0,130,398.437
copf_ce,0,131,321.396
copf_ce,0,132,246.784
copf_ce,0,133,375.42
copf_ce,0,134,292.531
copf_ce,0,135,237.269
copf_ce,0,136,402.145
copf_ce,0,137,273.404
copf_ce,0,138,188.228
copf_ce,0,139,387.834
copf_ce,0,140,242.758
copf_ce,0,141,380.158
copf_ce,0,142,309.093
copf_ce,0,143,230.087
copf_ce,0,144,413.655
copf_ce,0,145,344.329
copf_ce,0,146,269.906
copf_ce,0,147,222.083
copf_ce,0,148,242.045
copf_ce,0,149,362.77
pf_ce,1,0,1.0279
pf_ce,1,1,268.743
pf_ce,1,2,143.659
pf_ce,1,3,261.509
pf_ce,1,4,11.4982
pf_ce,1,5,230.044
pf_ce,1,6,28.2953
pf_ce,1,7,208.511
pf_ce,1,8,80.5348
pf_ce,1,9,186.31
pf_ce,1,10,248.003
pf_ce,1,11,114.452
pf_ce,1,12,179.997
pf_ce,1,13,69.6593
pf_ce,1,14,172.973
pf_ce,1,15,124.956
pf_ce,1,16,219.442
pf_ce,1,17,251.999
pf_ce,1,18,237.966
pf_ce,1,19,98.6396
pf_ce,1,20,66.278
pf_ce,1,21,130.377
pf_ce,1,22,8.43763
pf_ce,1,23,77.8865
pf_ce,1,24,29.059
pf_ce,1,25,153.76
pf_ce,1,26,158.666
pf_ce,1,27,74.1587
pf_ce,1,28,76.8201
pf_ce,1,29,62.3578
pf_ce,1,30,200.692
pf_ce,1,31,208.724
pf_ce,1,32,230.376
pf_ce,1,33,181.961
pf_ce,1,34,120.793
pf_ce,1,35,63.1432
pf_ce,1,36,252.384
pf_ce,1,37,234.813
pf_ce,1,38,20.531
pf_ce,1,39,69.0751
pf_ce,1,40,183.911
pf_ce,1,41,119.355
pf_ce,1,42,210.329
pf_ce,1,43,2.37775
pf_ce,1,44,124.872
pf_ce,1,45,171.608
pf_ce,1,46,160.02
pf_ce,1,47,37.9697
pf_ce,1,48,225.256
pf_ce,1,49,180.927
pf_ce,1,50,96.1209
pf_ce,1,51,8.56152
pf_ce,1,52,136.397
pf_ce,1,53,91.3379
pf_ce,1,54,131.29
pf_ce,1,55,25.7451
pf_ce,1,56,47.7616
pf_ce,1,57,142.246
pf_ce,1,58,194.798
pf_ce,1,59,180.505
pf_ce,1,60,14.0335
pf_ce,1,61,28.5883
pf_ce,1,62,54.7277
pf_ce,1,63,76.9406
pf_ce,1,64,104.894
pf_ce,1,65,38.139
pf_ce,1,66,1.69351
pf_ce,1,67,91.4308
pf_ce,1,68,123.473
pf_ce,1,69,110.915
pf_ce,1,70,1.9109
pf_ce,1,71,8.64147
pf_ce,1,72,90.4533
pf_ce,1,73,36.337
pf_ce,1,74,116.03
pf_ce,1,75,101.324
pf_ce,1,76,53.2146
pf_ce,1,77,67.3972
pf_ce,1,78,181.767
pf_ce,1,79,182.246
pf_ce,1,80,97.2771
pf_ce,1,81,65.8422
pf_ce,1,82,86.2054
pf_ce,1,83,126.302
pf_ce,1,84,185.364
pf_ce,1,85,19.069
pf_ce,1,86,38.1312
pf_ce,1,87,1.00597
pf_ce,1,88,57.2417
pf_ce,1,89,42.1055
pf_ce,1,90,35.901
pf_ce,1,91,93.8815
pf_ce,1,92,122.605
pf_ce,1,93,122.196
pf_ce,1,94,157.394
pf_ce,1,95,89.9696
pf_ce,1,96,101.77
pf_ce,1,97,71.0534
pf_ce,1,98,167.807
pf_ce,1,99,149.258
pf_ce,1,100,181.391
pf_ce,1,101,148.725
pf_ce,1,102,191.843
pf_ce,1,103,67.4527
pf_ce,1,104,188.013
pf_ce,1,105,3.99802
pf_ce,1,106,49.8218
pf_ce,1,107,51.2213
pf_ce,1,108,134.513
pf_ce,1,109,135.129
pf_ce,1,110,201.765
pf_ce,1,111,185.093
pf_ce,1,112,58.6843
pf_ce,1,113,183.254
pf_ce,1,114,69.96
pf_ce,1,115,147.199
pf_ce,1,116,180.093
pf_ce,1,117,214.625
pf_ce,1,118,233.521
pf_ce,1,119,172.835
pf_ce,1,120,239.588
pf_ce,1,121,240.177
pf_ce,1,122,42.1542
pf_ce,1,123,43.4993
pf_ce,1,124,149.332
pf_ce,1,125,170.158
pf_ce,1,126,218.555
pf_ce,1,127,178.888
pf_ce,1,128,168.414
pf_ce,1,129,8.1233
pf_ce,1,130,190.172
pf_ce,1,131,218.629
pf_ce,1,132,182.359
pf_ce,1,133,143.863
pf_ce,1,134,201.604
pf_ce,1,135,261.575
pf_ce,1,136,98.6604
pf_ce,1,137,87.441
pf_ce,1,138,88.61
pf_ce,1,139,153.734
pf_ce,1,140,24.2483
pf_ce,1,141,190.954
pf_ce,1,142,79.5197
pf_ce,1,143,91.4898
pf_ce,1,144,180.585
pf_ce,1,145,212.643
pf_ce,1,146,177.578
pf_ce,1,147,271.088
pf_ce,1,148,7.47054
pf_ce,1,149,140.417
copf_ce,1,0,2.53913
copf_ce,1,1,427.873
copf_ce,1,2,355.521
copf_ce,1,3,302.094
copf_ce,1,4,190.934
copf_ce,1,5,409.433
copf_ce,1,6,271.047
copf_ce,1,7,215.065
copf_ce,1,8,332.776
copf_ce,1,9,258.096
copf_ce,1,10,209.316
copf_ce,1,11,354.779
copf_ce,1,12,246.487
copf_ce,1,13,339.524
copf_ce,1,14,248.298
copf_ce,1,15,372.992
copf_ce,1,16,283.722
copf_ce,1,17,218.415
copf_ce,1,18,421.433
copf_ce,1,19,314.935
copf_ce,1,20,213.732
copf_ce,1,21,378.866
copf_ce,1,22,213.935
copf_ce,1,23,320.12
copf_ce,1,24,190.319
copf_ce,1,25,336.643
copf_ce,1,26,246.049
copf_ce,1,27,334.509
copf_ce,1,28,270.112
copf_ce,1,29,187.976
copf_ce,1,30,378.059
copf_ce,1,31,285.704
copf_ce,1,32,230.212
copf_ce,1,33,393.733
copf_ce,1,34,323.117
copf_ce,1,35,226.41
copf_ce,1,36,414.642
copf_ce,1,37,328.293
copf_ce,1,38,232.818
copf_ce,1,39,308.721
copf_ce,1,40,214.202
copf_ce,1,41,343.01
copf_ce,1,42,253.168
copf_ce,1,43,167.955
copf_ce,1,44,317.634
copf_ce,1,45,203.043
copf_ce,1,46,342.769
copf_ce,1,47,256.129
copf_ce,1,48,201.293
copf_ce,1,49,401.473
copf_ce,1,50,296.858
copf_ce,1,51,176.123
copf_ce,1,52,344.357
copf_ce,1,53,266.185
copf_ce,1,54,201.036
copf_ce,1,55,266.155
copf_ce,1,56,180.837
copf_ce,1,57,344.849
copf_ce,1,58,246.306
copf_ce,1,59,371.834
copf_ce,1,60,236.367
copf_ce,1,61,266.348
copf_ce,1,62,137.727
copf_ce,1,63,292.23
copf_ce,1,64,192.239
copf_ce,1,65,276.099
copf_ce,1,66,117.135
copf_ce,1,67,242.519
copf_ce,1,68,271.797
copf_ce,1,69,148.071
copf_ce,1,70,194.52
copf_ce,1,71,306.41
copf_ce,1,72,117.601
copf_ce,1,73,234.331
copf_ce,1,74,234.214
copf_ce,1,75,257.282
copf_ce,1,76,147.324
copf_ce,1,77,330.579
copf_ce,1,78,233.506
copf_ce,1,79,385.37
copf_ce,1,80,283.726
copf_ce,1,81,186.446
copf_ce,1,82,331.014
copf_ce,1,83,210.182
copf_ce,1,84,371.28
copf_ce,1,85,224.717
copf_ce,1,86,274.775
copf_ce,1,87,114.573
copf_ce,1,88,252.753
copf_ce,1,89,237.352
copf_ce,1,90,223.899
copf_ce,1,91,231.149
copf_ce,1,92,280.28
copf_ce,1,93,141.211
copf_ce,1,94,301.598
copf_ce,1,95,199.349
copf_ce,1,96,319.272
copf_ce,1,97,187.712
copf_ce,1,98,344.104
copf_ce,1,99,223.164
copf_ce,1,100,372.149
copf_ce,1,101,258.427
copf_ce,1,102,182.963
copf_ce,1,103,326.258
copf_ce,1,104,231.371
copf_ce,1,105,242.533
copf_ce,1,106,337.048
copf_ce,1,107,219.659
copf_ce,1,108,364.346
copf_ce,1,109,263.348
copf_ce,1,110,194.086
copf_ce,1,111,403.108
copf_ce,1,112,273.209
copf_ce,1,113,193.686
copf_ce,1,114,326.143
copf_ce,1,115,222.328
copf_ce,1,116,380.367
copf_ce,1,117,290.841
copf_ce,1,118,236.78
copf_ce,1,119,406.822
copf_ce,1,120,335.948
copf_ce,1,121,273.787
copf_ce,1,122,184.593
copf_ce,1,123,289.503
copf_ce,1,124,201.824
copf_ce,1,125,363.439
copf_ce,1,126,263.945
copf_ce,1,127,195.951
copf_ce,1,128,389.157
copf_ce,1,129,246.968
copf_ce,1,130,387.182
copf_ce,1,131,314.183
copf_ce,1,132,241.472
copf_ce,1,133,374.327
copf_ce,1,134,294.991
copf_ce,1,135,235.612
copf_ce,1,136,391.343
copf_ce,1,137,267.561
copf_ce,1,138,181.957
copf_ce,1,139,386.975
copf_ce,1,140,239.881
copf_ce,1,141,390.747
copf_ce,1,142,312.191
copf_ce,1,143,219.338
copf_ce,1,144,410.009
copf_ce,1,145,334.784
copf_ce,1,146,276.489
copf_ce,1,147,237.483
copf_ce,1,148,191.409
copf_ce,1,149,378.054
pf_ce,2,0,1.76853
pf_ce,2,1,210.198
pf_ce,2,2,266.887
pf_ce,2,3,134.691
pf_ce,2,4,32.8061
pf_ce,2,5,232.735
pf_ce,2,6,32.815
pf_ce,2,7,246.034
pf_ce,2,8,105.304
pf_ce,2,9,195.393
pf_ce,2,10,240.106
pf_ce,2,11,102.12
pf_ce,2,12,161.161
pf_ce,2,13,85.2022
pf_ce,2,14,177.815
pf_ce,2,15,124.06
pf_ce,2,16,205.489
pf_ce,2,17,250.81
pf_ce,2,18,214.903
pf_ce,2,19,91.0125
pf_ce,2,20,59.8105
pf_ce,2,21,111.851
pf_ce,2,22,8.59351
pf_ce,2,23,76.133
pf_ce,2,24,29.8523
pf_ce,2,25,165.289
pf_ce,2,26,155.354
pf_ce,2,27,70.6986
pf_ce,2,28,73.4135
pf_ce,2,29,58.0744
pf_ce,2,30,184.44
pf_ce,2,31,228.326
pf_ce,2,32,224.606
pf_ce,2,33,177.685
pf_ce,2,34,114.817
pf_ce,2,35,62.3443
pf_ce,2,36,241.887
pf_ce,2,37,240.702
pf_ce,2,38,19.7716
pf_ce,2,39,76.7434
pf_ce,2,40,184.488
pf_ce,2,41,110.791
pf_ce,2,42,200.791
pf_ce,2,43,2.06377
pf_ce,2,44,118.982
pf_ce,2,45,180.54
pf_ce,2,46,155.621
pf_ce,2,47,57.575
pf_ce,2,48,219.631
pf_ce,2,49,180.901
pf_ce,2,50,112.253
pf_ce,2,51,7.10926
pf_ce,2,52,165.564
pf_ce,2,53,106.309
pf_ce,2,54,132.95
pf_ce,2,55,19.6381
pf_ce,2,56,41.5306
pf_ce,2,57,154.04
pf_ce,2,58,161.271
pf_ce,2,59,174.548
pf_ce,2,60,11.1603
pf_ce,2,61,22.1255
pf_ce,2,62,59.9504
pf_ce,2,63,76.8776
pf_ce,2,64,97.1037
pf_ce,2,65,23.6242
pf_ce,2,66,1.90467
pf_ce,2,67,104.561
pf_ce,2,68,119.542
pf_ce,2,69,135.495
pf_ce,2,70,2.15702
pf_ce,2,71,25.0776
pf_ce,2,72,108.947
pf_ce,2,73,40.928
pf_ce,2,74,106.236
pf_ce,2,75,118.157
pf_ce,2,76,65.2505
pf_ce,2,77,68.6977
pf_ce,2,78,194.048
pf_ce,2,79,183.291
pf_ce,2,80,120.395
pf_ce,2,81,74.2734
pf_ce,2,82,81.0555
pf_ce,2,83,128.775
pf_ce,2,84,189.025
pf_ce,2,85,23.0964
pf_ce,2,86,42.7777
pf_ce,2,87,1.98757
pf_ce,2,88,52.8047
pf_ce,2,89,41.223
pf_ce,2,90,44.3402
pf_ce,2,91,80.1856
pf_ce,2,92,107.018
pf_ce,2,93,141.368
pf_ce,2,94,145.447
pf_ce,2,95,107.392
pf_ce,2,96,112.112
pf_ce,2,97,68.0189
pf_ce,2,98,154.155
pf_ce,2,99,129.051
pf_ce,2,100,186.199
pf_ce,2,101,161.332
pf_ce,2,102,178.196
pf_ce,2,103,73.8718
pf_ce,2,104,184.442
pf_ce,2,105,7.28728
pf_ce,2,106,68.7767
pf_ce,2,107,42.7439
pf_ce,2,108,154.709
pf_ce,2,109,139.198
pf_ce,2,110,217.303
pf_ce,2,111,206.465
pf_ce,2,112,63.6868
pf_ce,2,113,164.229
pf_ce,2,114,70.1748
pf_ce,2,115,164.34
pf_ce,2,116,179.491
pf_ce,2,117,207.459
pf_ce,2,118,227.102
pf_ce,2,119,184.417
pf_ce,2,120,247.989
pf_ce,2,121,232.555
pf_ce,2,122,50.4244
pf_ce,2,123,42.5577
pf_ce,2,124,146.304
pf_ce,2,125,158.869
pf_ce,2,126,202.875
pf_ce,2,127,196.701
pf_ce,2,128,171.195
pf_ce,2,129,10.6048
pf_ce,2,130,168.589
pf_ce,2,131,203.391
pf_ce,2,132,174.164
pf_ce,2,133,142.122
pf_ce,2,134,228.592
pf_ce,2,135,252.022
pf_ce,2,136,170.12
pf_ce,2,137,77.2055
pf_ce,2,138,80.7696
pf_ce,2,139,154.105
pf_ce,2,140,21.9542
pf_ce,2,141,169.986
pf_ce,2,142,62.3844
pf_ce,2,143,89.3056
pf_ce,2,144,178.752
pf_ce,2,145,207.242
pf_ce,2,146,181.929
pf_ce,2,147,264.89
pf_ce,2,148,4.55583
pf_ce,2,149,126.679
copf_ce,2,0,4.3811
copf_ce,2,1,432.263
copf_ce,2,2,363.701
copf_ce,2,3,294.133
copf_ce,2,4,175.335
copf_ce,2,5,422.044
copf_ce,2,6,269.608
copf_ce,2,7,203.833
copf_ce,2,8,339.199
copf_ce,2,9,267.792
copf_ce,2,10,218.399
copf_ce,2,11,345.934
copf_ce,2,12,256.097
copf_ce,2,13,177.552
copf_ce,2,14,380.065
copf_ce,2,15,304.35
copf_ce,2,16,239.139
copf_ce,2,17,416.674
copf_ce,2,18,346.886
copf_ce,2,19,258.444
copf_ce,2,20,189.502
copf_ce,2,21,369.62
copf_ce,2,22,205.464
copf_ce,2,23,324.399
copf_ce,2,24,183.311
copf_ce,2,25,329.538
copf_ce,2,26,248.746
copf_ce,2,27,325.99
copf_ce,2,28,234.45
copf_ce,2,29,313.112
copf_ce,2,30,219.31
copf_ce,2,31,409.374
copf_ce,2,32,332.611
copf_ce,2,33,258.885
copf_ce,2,34,198.728
copf_ce,2,35,325.463
copf_ce,2,36,254.577
copf_ce,2,37,421.885
copf_ce,2,38,262.217
copf_ce,2,39,173.687
copf_ce,2,40,371.083
copf_ce,2,41,253.718
copf_ce,2,42,385.252
copf_ce,2,43,202.739
copf_ce,2,44,324.552
copf_ce,2,45,222.826
copf_ce,2,46,366.127
copf_ce,2,47,290.985
copf_ce,2,48,229.707
copf_ce,2,49,402.188
copf_ce,2,50,290.444
copf_ce,2,51,165.774
copf_ce,2,52,365.104
copf_ce,2,53,278.427
copf_ce,2,54,207.55
copf_ce,2,55,288.183
copf_ce,2,56,185.676
copf_ce,2,57,357.109
copf_ce,2,58,260.795
copf_ce,2,59,194.644
copf_ce,2,60,219.226
copf_ce,2,61,275.104
copf_ce,2,62,141.668
copf_ce,2,63,281.968
copf_ce,2,64,191.387
copf_ce,2,65,288.806
copf_ce,2,66,128.283
copf_ce,2,67,242.692
copf_ce,2,68,282.124
copf_ce,2,69,159.074
copf_ce,2,70,188.036
copf_ce,2,71,312.863
copf_ce,2,72,143.328
copf_ce,2,73,216.329
copf_ce,2,74,232.527
copf_ce,2,75,246.215
copf_ce,2,76,298.465
copf_ce,2,77,195.932
copf_ce,2,78,382.831
copf_ce,2,79,298.835
copf_ce,2,80,216.139
copf_ce,2,81,314.865
copf_ce,2,82,200.905
copf_ce,2,83,344.326
copf_ce,2,84,247.247
copf_ce,2,85,260.647
copf_ce,2,86,164.531
copf_ce,2,87,161.068
copf_ce,2,88,274.95
copf_ce,2,89,129.264
copf_ce,2,90,225.447
copf_ce,2,91,244.697
copf_ce,2,92,251.006
copf_ce,2,93,282.48
copf_ce,2,94,155.413
copf_ce,2,95,323.885
copf_ce,2,96,201.257
copf_ce,2,97,284.004
copf_ce,2,98,182.741
copf_ce,2,99,329.869
copf_ce,2,100,225.655
copf_ce,2,101,365.981
copf_ce,2,102,256.932
copf_ce,2,103,163.157
copf_ce,2,104,362.298
copf_ce,2,105,222.764
copf_ce,2,106,339.925
copf_ce,2,107,221.945
copf_ce,2,108,373.302
copf_ce,2,109,257.929
copf_ce,2,110,205.162
copf_ce,2,111,397.7
copf_ce,2,112,273.742
copf_ce,2,113,206.077
copf_ce,2,114,313.302
copf_ce,2,115,206.076
copf_ce,2,116,389.803
copf_ce,2,117,294.471
copf_ce,2,118,222.377
copf_ce,2,119,407.067
copf_ce,2,120,335.677
copf_ce,2,121,264.649
copf_ce,2,122,177.475
copf_ce,2,123,300.555
copf_ce,2,124,199.358
copf_ce,2,125,377.029
copf_ce,2,126,276.362
copf_ce,2,127,197.115
copf_ce,2,128,397.686
copf_ce,2,129,253.445
copf_ce,2,130,390.949
copf_ce,2,131,316.462
copf_ce,2,132,253.145
copf_ce,2,133,367.965
copf_ce,2,134,285.71
copf_ce,2,135,230.856
copf_ce,2,136,395.829
copf_ce,2,137,273.015
copf_ce,2,138,187.754
copf_ce,2,139,403.271
copf_ce,2,140,263.648
copf_ce,2,141,190.402
copf_ce,2,142,377.85
copf_ce,2,143,288.399
copf_ce,2,144,232.602
copf_ce,2,145,430.807
copf_ce,2,146,343.243
copf_ce,2,147,276.22
copf_ce,2,148,171.109
copf_ce,2,149,375.454
pf_ce,3,0,2.01488
pf_ce,3,1,255.698
pf_ce,3,2,261.181
pf_ce,3,3,135.409
pf_ce,3,4,29.0086
pf_ce,3,5,225.272
pf_ce,3,6,27.7096
pf_ce,3,7,219.783
pf_ce,3,8,91.0665
pf_ce,3,9,203.149
pf_ce,3,10,242.276
pf_ce,3,11,91.2563
pf_ce,3,12,164.797
pf_ce,3,13,75.6835
pf_ce,3,14,167.352
pf_ce,3,15,124.103
pf_ce,3,16,216.697
pf_ce,3,17,238.632
pf_ce,3,18,233.478
pf_ce,3,19,107.266
pf_ce,3,20,81.5711
pf_ce,3,21,124.026
pf_ce,3,22,11.0528
pf_ce,3,23,87.7171
pf_ce,3,24,19.7868
pf_ce,3,25,177.087
pf_ce,3,26,154.973
pf_ce,3,27,69.5428
pf_ce,3,28,86.9693
pf_ce,3,29,55.7583
pf_ce,3,30,211.191
pf_ce,3,31,199.723
pf_ce,3,32,226.851
pf_ce,3,33,173.275
pf_ce,3,34,115.99
pf_ce,3,35,68.0292
pf_ce,3,36,242.709
pf_ce,3,37,240.884
pf_ce,3,38,24.701
pf_ce,3,39,69.1207
pf_ce,3,40,170.638
pf_ce,3,41,115.416
pf_ce,3,42,218.07
pf_ce,3,43,1.30161
pf_ce,3,44,93.9791
pf_ce,3,45,174.631
pf_ce,3,46,178.628
pf_ce,3,47,39.102
pf_ce,3,48,208.069
pf_ce,3,49,199.745
pf_ce,3,50,110.061
pf_ce,3,51,13.6038
pf_ce,3,52,160.806
pf_ce,3,53,89.2863
pf_ce,3,54,134.434
pf_ce,3,55,20.7548
pf_ce,3,56,64.9032
pf_ce,3,57,167.816
pf_ce,3,58,181.727
pf_ce,3,59,167.924
pf_ce,3,60,12.2449
pf_ce,3,61,16.0441
pf_ce,3,62,51.2263
pf_ce,3,63,76.6602
pf_ce,3,64,100.428
pf_ce,3,65,32.6304
pf_ce,3,66,1.38275
pf_ce,3,67,71.9692
pf_ce,3,68,117.54
pf_ce,3,69,148.664
pf_ce,3,70,2.30585
pf_ce,3,71,7.74461
pf_ce,3,72,107.309
pf_ce,3,73,34.4568
pf_ce,3,74,105.709
pf_ce,3,75,103.698
pf_ce,3,76,61.4887
pf_ce,3,77,73.4382
pf_ce,3,78,167.494
pf_ce,3,79,177.23
pf_ce,3,80,134.119
pf_ce,3,81,62.1552
pf_ce,3,82,88.1052
pf_ce,3,83,114.401
pf_ce,3,84,186.555
pf_ce,3,85,18.209
pf_ce,3,86,34.2713
pf_ce,3,87,1.00001
pf_ce,3,88,61.2366
pf_ce,3,89,44.3249
pf_ce,3,90,39.4732
pf_ce,3,91,83.8303
pf_ce,3,92,122.789
pf_ce,3,93,122.408
pf_ce,3,94,138.243
pf_ce,3,95,106.086
pf_ce,3,96,116.585
pf_ce,3,97,62.9644
pf_ce,3,98,158.81
pf_ce,3,99,122.93
pf_ce,3,100,172.513
pf_ce,3,101,156.294
pf_ce,3,102,173.937
pf_ce,3,103,73.053
pf_ce,3,104,177.636
pf_ce,3,105,7.80627
pf_ce,3,106,65.0134
pf_ce,3,107,44.6429
pf_ce,3,108,139.05
pf_ce,3,109,124.049
pf_ce,3,110,218.919
pf_ce,3,111,206.211
pf_ce,3,112,48.712
pf_ce,3,113,176.428
pf_ce,3,114,62.3702
pf_ce,3,115,149.377
pf_ce,3,116,202.315
pf_ce,3,117,194.499
pf_ce,3,118,213.192
pf_ce,3,119,190.176
pf_ce,3,120,249.904
pf_ce,3,121,237.287
pf_ce,3,122,47.0859
pf_ce,3,123,41.1831
pf_ce,3,124,146.377
pf_ce,3,125,129.536
pf_ce,3,126,208.77
pf_ce,3,127,190.159
pf_ce,3,128,166.236
pf_ce,3,129,8.01207
pf_ce,3,130,176.633
pf_ce,3,131,211.93
pf_ce,3,132,186.278
pf_ce,3,133,143.271
pf_ce,3,134,224.717
pf_ce,3,135,240.258
pf_ce,3,136,174.199
pf_ce,3,137,92.9454
pf_ce,3,138,84.8523
pf_ce,3,139,142.956
pf_ce,3,140,16.7824
pf_ce,3,141,186.906
pf_ce,3,142,64.793
pf_ce,3,143,94.8125
pf_ce,3,144,189.329
pf_ce,3,145,204.731
pf_ce,3,146,188.09
pf_ce,3,147,268.077
pf_ce,3,148,8.83773
pf_ce,3,149,125.361
copf_ce,3,0,5.68371
copf_ce,3,1,436.039
copf_ce,3,2,367.519
copf_ce,3,3,306.945
copf_ce,3,4,194.022
copf_ce,3,5,417.804
copf_ce,3,6,273.038
copf_ce,3,7,211.353
copf_ce,3,8,342.948
copf_ce,3,9,277.523
copf_ce,3,10,208.772
copf_ce,3,11,344.479
copf_ce,3,12,264.821
copf_ce,3,13,168.37
copf_ce,3,14,371.691
copf_ce,3,15,292.336
copf_ce,3,16,227.606
copf_ce,3,17,428.416
copf_ce,3,18,351.561
copf_ce,3,19,253.309
copf_ce,3,20,322.469
copf_ce,3,21,223.709
copf_ce,3,22,229.086
copf_ce,3,23,329.457
copf_ce,3,24,188.466
copf_ce,3,25,343.643
copf_ce,3,26,245.784
copf_ce,3,27,333.722
copf_ce,3,28,262.84
copf_ce,3,29,186.321
copf_ce,3,30,383.146
copf_ce,3,31,298.424
copf_ce,3,32,234.097
copf_ce,3,33,394.472
copf_ce,3,34,317.778
copf_ce,3,35,238.303
copf_ce,3,36,415.219
copf_ce,3,37,323.738
copf_ce,3,38,207.137
copf_ce,3,39,311.59
copf_ce,3,40,231.201
copf_ce,3,41,349.063
copf_ce,3,42,265.899
copf_ce,3,43,135.95
copf_ce,3,44,317.846
copf_ce,3,45,209.638
copf_ce,3,46,354.178
copf_ce,3,47,271.215
copf_ce,3,48,215.315
copf_ce,3,49,402.995
copf_ce,3,50,286.397
copf_ce,3,51,166.876
copf_ce,3,52,354.605
copf_ce,3,53,269.364
copf_ce,3,54,193.671
copf_ce,3,55,280.474
copf_ce,3,56,177.029
copf_ce,3,57,353.919
copf_ce,3,58,249.841
copf_ce,3,59,388.967
copf_ce,3,60,233.634
copf_ce,3,61,281.49
copf_ce,3,62,153.694
copf_ce,3,63,276.053
copf_ce,3,64,182.967
copf_ce,3,65,277.792
copf_ce,3,66,132.631
copf_ce,3,67,241.043
copf_ce,3,68,270.624
copf_ce,3,69,146.49
copf_ce,3,70,203.61
copf_ce,3,71,322.049
copf_ce,3,72,136.654
copf_ce,3,73,224.772
copf_ce,3,74,255.551
copf_ce,3,75,246.827
copf_ce,3,76,281.605
copf_ce,3,77,194.342
copf_ce,3,78,381.161
copf_ce,3,79,291.999
copf_ce,3,80,209.352
copf_ce,3,81,330.112
copf_ce,3,82,210.827
copf_ce,3,83,343.71
copf_ce,3,84,245.322
copf_ce,3,85,245.126
copf_ce,3,86,272.697
copf_ce,3,87,99.0513
copf_ce,3,88,268.537
copf_ce,3,89,116.709
copf_ce,3,90,217.368
copf_ce,3,91,234.822
copf_ce,3,92,263.941
copf_ce,3,93,141.799
copf_ce,3,94,294.711
copf_ce,3,95,188.112
copf_ce,3,96,321.108
copf_ce,3,97,202.419
copf_ce,3,98,345.042
copf_ce,3,99,229.053
copf_ce,3,100,350.413
copf_ce,3,101,245.589
copf_ce,3,102,359.883
copf_ce,3,103,231.77
copf_ce,3,104,382.028
copf_ce,3,105,219.51
copf_ce,3,106,325.559
copf_ce,3,107,202.63
copf_ce,3,108,364.716
copf_ce,3,109,254.196
copf_ce,3,110,394.883
copf_ce,3,111,305.881
copf_ce,3,112,204.792
copf_ce,3,113,381.605
copf_ce,3,114,258.32
copf_ce,3,115,174.304
copf_ce,3,116,382.196
copf_ce,3,117,305.689
copf_ce,3,118,248.337
copf_ce,3,119,406.921
copf_ce,3,120,338.173
copf_ce,3,121,276.182
copf_ce,3,122,180.064
copf_ce,3,123,290.703
copf_ce,3,124,225.414
copf_ce,3,125,367.681
copf_ce,3,126,287.714
copf_ce,3,127,216.295
copf_ce,3,128,401.777
copf_ce,3,129,252.64
copf_ce,3,130,393.099
copf_ce,3,131,315.099
copf_ce,3,132,239.553
copf_ce,3,133,371.47
copf_ce,3,134,282.829
copf_ce,3,135,226.79
copf_ce,3,136,388.707
copf_ce,3,137,265.937
copf_ce,3,138,172.313
copf_ce,3,139,391.133
copf_ce,3,140,246.136
copf_ce,3,141,379.506
copf_ce,3,142,295.173
copf_ce,3,143,220.092
copf_ce,3,144,409.355
copf_ce,3,145,338.46
copf_ce,3,146,267.646
copf_ce,3,147,219.391
copf_ce,3,148,177.702
copf_ce,3,149,363.49
pf_ce,4,0,3.13818
pf_ce,4,1,134.731
pf_ce,4,2,277.868
pf_ce,4,3,132.082
pf_ce,4,4,23.0489
pf_ce,4,5,240.678
pf_ce,4,6,23.9867
pf_ce,4,7,224.91
pf_ce,4,8,91.2483
pf_ce,4,9,201.98
pf_ce,4,10,238.547
pf_ce,4,11,93.1774
pf_ce,4,12,167.426
pf_ce,4,13,72.7561
pf_ce,4,14,184.539
pf_ce,4,15,109.598
pf_ce,4,16,228.198
pf_ce,4,17,231.581
pf_ce,4,18,230.844
pf_ce,4,19,106.943
pf_ce,4,20,56.507
pf_ce,4,21,127.736
pf_ce,4,22,10.8592
pf_ce,4,23,62.2898
pf_ce,4,24,30.9873
pf_ce,4,25,171.178
pf_ce,4,26,151.688
pf_ce,4,27,82.9823
pf_ce,4,28,79.5755
pf_ce,4,29,44.5997
pf_ce,4,30,207.446
pf_ce,4,31,201.119
pf_ce,4,32,233.728
pf_ce,4,33,174.959
pf_ce,4,34,120.136
pf_ce,4,35,69.2878
pf_ce,4,36,236.364
pf_ce,4,37,247.249
pf_ce,4,38,20.0933
pf_ce,4,39,64.1329
pf_ce,4,40,176.711
pf_ce,4,41,104.236
pf_ce,4,42,202.409
pf_ce,4,43,1.3526
pf_ce,4,44,69.4391
pf_ce,4,45,176.62
pf_ce,4,46,181.461
pf_ce,4,47,42.6529
pf_ce,4,48,222.089
pf_ce,4,49,161.913
pf_ce,4,50,93.2478
pf_ce,4,51,9.84854
pf_ce,4,52,163.993
pf_ce,4,53,81.3445
pf_ce,4,54,133.764
pf_ce,4,55,15.7691
pf_ce,4,56,47.2696
pf_ce,4,57,148.034
pf_ce,4,58,170.86
pf_ce,4,59,188.707
pf_ce,4,60,9.17316
pf_ce,4,61,27.9211
pf_ce,4,62,60.0404
pf_ce,4,63,77.692
pf_ce,4,64,89.6485
pf_ce,4,65,33.4312
pf_ce,4,66,1.00118
pf_ce,4,67,58.6883
pf_ce,4,68,123.881
pf_ce,4,69,123.044
pf_ce,4,70,2.75726
pf_ce,4,71,9.25166
pf_ce,4,72,98.575
pf_ce,4,73,44.3309
pf_ce,4,74,110.056
pf_ce,4,75,113.949
pf_ce,4,76,53.863
pf_ce,4,77,83.0124
pf_ce,4,78,162.111
pf_ce,4,79,175.292
pf_ce,4,80,132.989
pf_ce,4,81,55.1783
pf_ce,4,82,91.8987
pf_ce,4,83,124.222
pf_ce,4,84,191.311
pf_ce,4,85,25.8502
pf_ce,4,86,38.7874
pf_ce,4,87,1.00002
pf_ce,4,88,36.8162
pf_ce,4,89,42.1488
pf_ce,4,90,38.9438
pf_ce,4,91,99.5617
pf_ce,4,92,128.364
pf_ce,4,93,124.448
pf_ce,4,94,131.604
pf_ce,4,95,102.16
pf_ce,4,96,125.917
pf_ce,4,97,65.5958
pf_ce,4,98,146.63
pf_ce,4,99,143.693
pf_ce,4,100,171.665
pf_ce,4,101,154.495
pf_ce,4,102,200.36
pf_ce,4,103,70.6575
pf_ce,4,104,187.095
pf_ce,4,105,10.6686
pf_ce,4,106,62.7483
pf_ce,4,107,51.5731
pf_ce,4,108,156.674
pf_ce,4,109,121.393
pf_ce,4,110,220.5
pf_ce,4,111,196.077
pf_ce,4,112,55.7502
pf_ce,4,113,144.871
pf_ce,4,114,77.7369
pf_ce,4,115,164.371
pf_ce,4,116,186.727
pf_ce,4,117,236.878
pf_ce,4,118,205.908
pf_ce,4,119,186.791
pf_ce,4,120,240.408
pf_ce,4,121,237.639
pf_ce,4,122,57.6164
pf_ce,4,123,46.1583
pf_ce,4,124,147.768
pf_ce,4,125,144.307
pf_ce,4,126,200.216
pf_ce,4,127,197.487
pf_ce,4,128,168.672
pf_ce,4,129,15.5168
pf_ce,4,130,182.757
pf_ce,4,131,198.308
pf_ce,4,132,176.179
pf_ce,4,133,145.817
pf_ce,4,134,220.575
pf_ce,4,135,242.146
pf_ce,4,136,175.411
pf_ce,4,137,75.8515
pf_ce,4,138,82.6254
pf_ce,4,139,153.609
pf_ce,4,140,16.2982
pf_ce,4,141,185.799
pf_ce,4,142,76.2106
pf_ce,4,143,91.85
pf_ce,4,144,196.608
pf_ce,4,145,244.764
pf_ce,4,146,160.293
pf_ce,4,147,259.691
pf_ce,4,148,6.96631
pf_ce,4,149,127.144
copf_ce,4,0,6.45087
copf_ce,4,1,427.084
copf_ce,4,2,356.299
copf_ce,4,3,301.212
copf_ce,4,4,187.965
copf_ce,4,5,416.728
copf_ce,4,6,266.287
copf_ce,4,7,204.812
copf_ce,4,8,335.794
copf_ce,4,9,245.028
copf_ce,4,10,426.188
copf_ce,4,11,323.146
copf_ce,4,12,243.776
copf_ce,4,13,344.489
copf_ce,4,14,249.638
copf_ce,4,15,386.972
copf_ce,4,16,309.886
copf_ce,4,17,236.047
copf_ce,4,18,417.304
copf_ce,4,19,325.884
copf_ce,4,20,223.147
copf_ce,4,21,355.159
copf_ce,4,22,204.712
copf_ce,4,23,322.552
copf_ce,4,24,190.172
copf_ce,4,25,338.446
copf_ce,4,26,242.884
copf_ce,4,27,331.655
copf_ce,4,28,259.296
copf_ce,4,29,179.441
copf_ce,4,30,385.507
copf_ce,4,31,293.183
copf_ce,4,32,232.24
copf_ce,4,33,392.866
copf_ce,4,34,328.738
copf_ce,4,35,241.268
copf_ce,4,36,419.53
copf_ce,4,37,338.26
copf_ce,4,38,219.356
copf_ce,4,39,307.875
copf_ce,4,40,221.33
copf_ce,4,41,340.185
copf_ce,4,42,239.747
copf_ce,4,43,185.324
copf_ce,4,44,331.25
copf_ce,4,45,225.713
copf_ce,4,46,350.276
copf_ce,4,47,258.249
copf_ce,4,48,209.08
copf_ce,4,49,389.899
copf_ce,4,50,287.549
copf_ce,4,51,172.418
copf_ce,4,52,359.031
copf_ce,4,53,265.831
copf_ce,4,54,202.876
copf_ce,4,55,266.095
copf_ce,4,56,152.99
copf_ce,4,57,346.004
copf_ce,4,58,247.718
copf_ce,4,59,375.386
copf_ce,4,60,232.664
copf_ce,4,61,285.529
copf_ce,4,62,156.41
copf_ce,4,63,288.451
copf_ce,4,64,202.895
copf_ce,4,65,278.99
copf_ce,4,66,114.4
copf_ce,4,67,254.483
copf_ce,4,68,256.18
copf_ce,4,69,136.562
copf_ce,4,70,174.024
copf_ce,4,71,308.976
copf_ce,4,72,138.103
copf_ce,4,73,226.309
copf_ce,4,74,225.111
copf_ce,4,75,265.254
copf_ce,4,76,142.71
copf_ce,4,77,321.603
copf_ce,4,78,233.135
copf_ce,4,79,395.907
copf_ce,4,80,290.76
copf_ce,4,81,199.821
copf_ce,4,82,318.936
copf_ce,4,83,220.566
copf_ce,4,84,373.236
copf_ce,4,85,236.653
copf_ce,4,86,267.628
copf_ce,4,87,111.875
copf_ce,4,88,268.88
copf_ce,4,89,118.852
copf_ce,4,90,213.343
copf_ce,4,91,236.557
copf_ce,4,92,252.341
copf_ce,4,93,285.652
copf_ce,4,94,157.753
copf_ce,4,95,320.622
copf_ce,4,96,201.662
copf_ce,4,97,297.715
copf_ce,4,98,207.466
copf_ce,4,99,342.861
copf_ce,4,100,233.937
copf_ce,4,101,362.496
copf_ce,4,102,247.87
copf_ce,4,103,317.016
copf_ce,4,104,223.185
copf_ce,4,105,237.967
copf_ce,4,106,343.131
copf_ce,4,107,213.43
copf_ce,4,108,370.963
copf_ce,4,109,266.847
copf_ce,4,110,201.779
copf_ce,4,111,401.654
copf_ce,4,112,271.769
copf_ce,4,113,203.445
copf_ce,4,114,317.277
copf_ce,4,115,213.439
copf_ce,4,116,375.31
copf_ce,4,117,287.853
copf_ce,4,118,228.135
copf_ce,4,119,410.691
copf_ce,4,120,343.352
copf_ce,4,121,281.359
copf_ce,4,122,196.079
copf_ce,4,123,280.449
copf_ce,4,124,200.185
copf_ce,4,125,379.081
copf_ce,4,126,278.144
copf_ce,4,127,208.09
copf_ce,4,128,397.154
copf_ce,4,129,255.898
copf_ce,4,130,392.616
copf_ce,4,131,313.953
copf_ce,4,132,243.47
copf_ce,4,133,380.52
copf_ce,4,134,293.988
copf_ce,4,135,239.471
copf_ce,4,136,385.168
copf_ce,4,137,267.037
copf_ce,4,138,193.947
copf_ce,4,139,389.476
copf_ce,4,140,262.215
copf_ce,4,141,181.236
copf_ce,4,142,350.25
copf_ce,4,143,262.507
copf_ce,4,144,204.6
copf_ce,4,145,422.031
copf_ce,4,146,335.376
copf_ce,4,147,271.725
copf_ce,4,148,155.841
copf_ce,4,149,371.53
pf_ce,5,0,1.80713
pf_ce,5,1,211.098
pf_ce,5,2,263.326
pf_ce,5,3,122.567
pf_ce,5,4,31.1812
pf_ce,5,5,219.711
pf_ce,5,6,22.3785
pf_ce,5,7,208.769
pf_ce,5,8,92.1643
pf_ce,5,9,180.683
pf_ce,5,10,241.96
pf_ce,5,11,94.0909
pf_ce,5,12,161.521
pf_ce,5,13,78.6227
pf_ce,5,14,174.526
pf_ce,5,15,124.014
pf_ce,5,16,214.853
pf_ce,5,17,243.56
pf_ce,5,18,214.336
pf_ce,5,19,104.083
pf_ce,5,20,78.689
pf_ce,5,21,121.063
pf_ce,5,22,7.1745
pf_ce,5,23,93.6404
pf_ce,5,24,21.9738
pf_ce,5,25,165.689
pf_ce,5,26,158.087
pf_ce,5,27,77.5814
pf_ce,5,28,83.1735
pf_ce,5,29,60.8931
pf_ce,5,30,203.86
pf_ce,5,31,226.933
pf_ce,5,32,244.538
pf_ce,5,33,169.543
pf_ce,5,34,119.282
pf_ce,5,35,83.9362
pf_ce,5,36,229.046
pf_ce,5,37,219.238
pf_ce,5,38,24.0702
pf_ce,5,39,52.1725
pf_ce,5,40,160.331
pf_ce,5,41,121.555
pf_ce,5,42,208.506
pf_ce,5,43,1.0082
pf_ce,5,44,124.494
pf_ce,5,45,179.941
pf_ce,5,46,155.429
pf_ce,5,47,50.7971
pf_ce,5,48,226.52
pf_ce,5,49,171.292
pf_ce,5,50,97.5732
pf_ce,5,51,9.7021
pf_ce,5,52,182.54
pf_ce,5,53,79.9824
pf_ce,5,54,130.829
pf_ce,5,55,26.114
pf_ce,5,56,71.6316
pf_ce,5,57,169.015
pf_ce,5,58,162.964
pf_ce,5,59,194.346
pf_ce,5,60,6.36493
pf_ce,5,61,29.1414
pf_ce,5,62,49.9109
pf_ce,5,63,82.975
pf_ce,5,64,106.791
pf_ce,5,65,34.0451
pf_ce,5,66,1.92091
pf_ce,5,67,73.1776
pf_ce,5,68,119.893
pf_ce,5,69,121.462
pf_ce,5,70,2.2514
pf_ce,5,71,13.1511
pf_ce,5,72,101.019
pf_ce,5,73,28.9389
pf_ce,5,74,100.992
pf_ce,5,75,110.76
pf_ce,5,76,70.8622
pf_ce,5,77,61.9762
pf_ce,5,78,172.811
pf_ce,5,79,166.946
pf_ce,5,80,101.118
pf_ce,5,81,64.6045
pf_ce,5,82,91.3906
pf_ce,5,83,125.482
pf_ce,5,84,192.469
pf_ce,5,85,23.8981
pf_ce,5,86,34.5518
pf_ce,5,87,1.00002
pf_ce,5,88,49.9757
pf_ce,5,89,35.0533
pf_ce,5,90,38.4981
pf_ce,5,91,86.2466
pf_ce,5,92,111.132
pf_ce,5,93,111.728
pf_ce,5,94,138.391
pf_ce,5,95,98.2506
pf_ce,5,96,115.706
pf_ce,5,97,72.6017
pf_ce,5,98,158.969
pf_ce,5,99,132.659
pf_ce,5,100,187.56
pf_ce,5,101,176.335
pf_ce,5,102,196.172
pf_ce,5,103,75.782
pf_ce,5,104,173.344
pf_ce,5,105,8.74286
pf_ce,5,106,57.4306
pf_ce,5,107,51.7117
pf_ce,5,108,140.306
pf_ce,5,109,118.197
pf_ce,5,110,200.764
pf_ce,5,111,208.904
pf_ce,5,112,51.3653
pf_ce,5,113,160.883
pf_ce,5,114,67.0411
pf_ce,5,115,157.944
pf_ce,5,116,184.484
pf_ce,5,117,215.918
pf_ce,5,118,200.037
pf_ce,5,119,191.562
pf_ce,5,120,235.59
pf_ce,5,121,239.907
pf_ce,5,122,47.3682
pf_ce,5,123,48.2625
pf_ce,5,124,151.671
pf_ce,5,125,150.436
pf_ce,5,126,202.34
pf_ce,5,127,187.702
pf_ce,5,128,167.553
pf_ce,5,129,17.3923
pf_ce,5,130,165.431
pf_ce,5,131,203.714
pf_ce,5,132,184.948
pf_ce,5,133,144.162
pf_ce,5,134,220.232
pf_ce,5,135,235.71
pf_ce,5,136,176.065
pf_ce,5,137,99.3464
pf_ce,5,138,97.4594
pf_ce,5,139,171.935
pf_ce,5,140,19.477
pf_ce,5,141,202.068
pf_ce,5,142,86.7985
pf_ce,5,143,72.9675
pf_ce,5,144,188.812
pf_ce,5,145,218.388
pf_ce,5,146,176.21
pf_ce,5,147,260.104
pf_ce,5,148,3.23993
pf_ce,5,149,153.186
copf_ce,5,0,3.75369
copf_ce,5,1,430.557
copf_ce,5,2,355.068
copf_ce,5,3,301.483
copf_ce,5,4,180.357
copf_ce,5,5,419.079
copf_ce,5,6,271.709
copf_ce,5,7,203.153
copf_ce,5,8,343.601
copf_ce,5,9,282.372
copf_ce,5,10,231.269
copf_ce,5,11,339.447
copf_ce,5,12,250.174
copf_ce,5,13,323.129
copf_ce,5,14,219.723
copf_ce,5,15,391.706
copf_ce,5,16,311.749
copf_ce,5,17,253.348
copf_ce,5,18,427.875
copf_ce,5,19,319.756
copf_ce,5,20,215.837
copf_ce,5,21,352.503
copf_ce,5,22,196.163
copf_ce,5,23,315.157
copf_ce,5,24,180.695
copf_ce,5,25,327.796
copf_ce,5,26,227.772
copf_ce,5,27,324.048
copf_ce,5,28,238.574
copf_ce,5,29,323.16
copf_ce,5,30,239.076
copf_ce,5,31,397.863
copf_ce,5,32,318.052
copf_ce,5,33,254.94
copf_ce,5,34,380.005
copf_ce,5,35,279.697
copf_ce,5,36,210.74
copf_ce,5,37,420.419
copf_ce,5,38,275.5
copf_ce,5,39,188.113
copf_ce,5,40,383.084
copf_ce,5,41,252.815
copf_ce,5,42,394.257
copf_ce,5,43,206.138
copf_ce,5,44,325.367
copf_ce,5,45,226.461
copf_ce,5,46,351.085
copf_ce,5,47,269.3
copf_ce,5,48,206.718
copf_ce,5,49,393.494
copf_ce,5,50,276.378
copf_ce,5,51,165.481
copf_ce,5,52,366.931
copf_ce,5,53,276.23
copf_ce,5,54,202.287
copf_ce,5,55,275.571
copf_ce,5,56,151.393
copf_ce,5,57,326.757
copf_ce,5,58,233.347
copf_ce,5,59,372.461
copf_ce,5,60,229.531
copf_ce,5,61,274.258
copf_ce,5,62,158.723
copf_ce,5,63,293.352
copf_ce,5,64,185.582
copf_ce,5,65,271.282
copf_ce,5,66,129.855
copf_ce,5,67,253.655
copf_ce,5,68,286.441
copf_ce,5,69,163.55
copf_ce,5,70,184.658
copf_ce,5,71,306.924
copf_ce,5,72,117.476
copf_ce,5,73,220.493
copf_ce,5,74,246.534
copf_ce,5,75,247.126
copf_ce,5,76,290.275
copf_ce,5,77,199.984
copf_ce,5,78,371.16
copf_ce,5,79,278.695
copf_ce,5,80,199.463
copf_ce,5,81,321.963
copf_ce,5,82,204.434
copf_ce,5,83,336.244
copf_ce,5,84,238.143
copf_ce,5,85,285.11
copf_ce,5,86,173.288
copf_ce,5,87,128.036
copf_ce,5,88,257.955
copf_ce,5,89,120.333
copf_ce,5,90,226.9
copf_ce,5,91,222.895
copf_ce,5,92,263.394
copf_ce,5,93,151.545
copf_ce,5,94,298.416
copf_ce,5,95,192.264
copf_ce,5,96,314.631
copf_ce,5,97,181.997
copf_ce,5,98,347.456
copf_ce,5,99,225.392
copf_ce,5,100,357.126
copf_ce,5,101,243.875
copf_ce,5,102,364.585
copf_ce,5,103,230.234
copf_ce,5,104,388.892
copf_ce,5,105,226.619
copf_ce,5,106,345.627
copf_ce,5,107,230.769
copf_ce,5,108,373.617
copf_ce,5,109,274.157
copf_ce,5,110,205.081
copf_ce,5,111,392.847
copf_ce,5,112,267.498
copf_ce,5,113,190.078
copf_ce,5,114,326.301
copf_ce,5,115,222.008
copf_ce,5,116,401.826
copf_ce,5,117,298.395
copf_ce,5,118,237.475
copf_ce,5,119,413.665
copf_ce,5,120,343.25
copf_ce,5,121,278.892
copf_ce,5,122,191.941
copf_ce,5,123,299.279
copf_ce,5,124,221.483
copf_ce,5,125,371.751
copf_ce,5,126,274.985
copf_ce,5,127,208.422
copf_ce,5,128,399.386
copf_ce,5,129,257.279
copf_ce,5,130,191.98
copf_ce,5,131,413.362
copf_ce,5,132,326.163
copf_ce,5,133,238.566
copf_ce,5,134,405.528
copf_ce,5,135,320.443
copf_ce,5,136,246.56
copf_ce,5,137,337.669
copf_ce,5,138,235.859
copf_ce,5,139,399.312
copf_ce,5,140,274.722
copf_ce,5,141,202.62
copf_ce,5,142,378.627
copf_ce,5,143,278.567
copf_ce,5,144,224.703
copf_ce,5,145,424.931
copf_ce,5,146,339.661
copf_ce,5,147,277.718
copf_ce,5,148,157.567
copf_ce,5,149,371.592
pf_ce,6,0,1.41387
pf_ce,6,1,125.379
pf_ce,6,2,283.928
pf_ce,6,3,136.712
pf_ce,6,4,17.8522
pf_ce,6,5,220.947
pf_ce,6,6,31.6818
pf_ce,6,7,236.928
pf_ce,6,8,100.188
pf_ce,6,9,199.072
pf_ce,6,10,247.632
pf_ce,6,11,99.9512
pf_ce,6,12,170.397
pf_ce,6,13,82.1076
pf_ce,6,14,175.808
pf_ce,6,15,111.303
pf_ce,6,16,220.982
pf_ce,6,17,237.341
pf_ce,6,18,216.673
pf_ce,6,19,99.7067
pf_ce,6,20,72.428
pf_ce,6,21,138.644
pf_ce,6,22,6.2698
pf_ce,6,23,85.9179
pf_ce,6,24,25.8659
pf_ce,6,25,164.435
pf_ce,6,26,158.006
pf_ce,6,27,74.4512
pf_ce,6,28,94.5102
pf_ce,6,29,60.3562
pf_ce,6,30,196.824
pf_ce,6,31,201.122
pf_ce,6,32,237.076
pf_ce,6,33,188.166
pf_ce,6,34,112.704
pf_ce,6,35,69.7243
pf_ce,6,36,236.421
pf_ce,6,37,244.659
pf_ce,6,38,23.8069
pf_ce,6,39,65.5183
pf_ce,6,40,174.365
pf_ce,6,41,121.094
pf_ce,6,42,197.177
pf_ce,6,43,2.90999
pf_ce,6,44,123.416
pf_ce,6,45,183.603
pf_ce,6,46,178.259
pf_ce,6,47,41.8537
pf_ce,6,48,204.051
pf_ce,6,49,171.491
pf_ce,6,50,91.8111
pf_ce,6,51,5.64251
pf_ce,6,52,160.732
pf_ce,6,53,94.1754
pf_ce,6,54,120.609
pf_ce,6,55,21.5333
pf_ce,6,56,55.38
pf_ce,6,57,160.133
pf_ce,6,58,160.16
pf_ce,6,59,178.295
pf_ce,6,60,11.8908
pf_ce,6,61,37.826
pf_ce,6,62,43.8822
pf_ce,6,63,70.7912
pf_ce,6,64,95.1906
pf_ce,6,65,37.2488
pf_ce,6,66,1.75303
pf_ce,6,67,55.8073
pf_ce,6,68,118.625
pf_ce,6,69,131.866
pf_ce,6,70,1.08132
pf_ce,6,71,12.6346
pf_ce,6,72,91.5552
pf_ce,6,73,38.7597
pf_ce,6,74,123.862
pf_ce,6,75,117.652
pf_ce,6,76,56.9079
pf_ce,6,77,61.4818
pf_ce,6,78,187.293
pf_ce,6,79,173.872
pf_ce,6,80,121.345
pf_ce,6,81,69.8949
pf_ce,6,82,96.3175
pf_ce,6,83,128.113
pf_ce,6,84,210.219
pf_ce,6,85,26.4686
pf_ce,6,86,43.041
pf_ce,6,87,1.36843
pf_ce,6,88,66.8735
pf_ce,6,89,41.9306
pf_ce,6,90,58.8824
pf_ce,6,91,79.1297
pf_ce,6,92,127.309
pf_ce,6,93,138.815
pf_ce,6,94,143.965
pf_ce,6,95,118.724
pf_ce,6,96,131.687
pf_ce,6,97,71.6503
pf_ce,6,98,159.833
pf_ce,6,99,124.76
pf_ce,6,100,196.444
pf_ce,6,101,153.499
pf_ce,6,102,179.976
pf_ce,6,103,72.4069
pf_ce,6,104,194.855
pf_ce,6,105,11.0047
pf_ce,6,106,64.7001
pf_ce,6,107,48.8557
pf_ce,6,108,159.923
pf_ce,6,109,117.85
pf_ce,6,110,194.411
pf_ce,6,111,216.919
pf_ce,6,112,56.4669
pf_ce,6,113,185.079
pf_ce,6,114,70.5357
pf_ce,6,115,157.943
pf_ce,6,116,187.703
pf_ce,6,117,223.22
pf_ce,6,118,213.991
pf_ce,6,119,174.281
pf_ce,6,120,240.107
pf_ce,6,121,254.55
pf_ce,6,122,45.0149
pf_ce,6,123,26.0896
pf_ce,6,124,139.919
pf_ce,6,125,139.289
pf_ce,6,126,216.693
pf_ce,6,127,203.325
pf_ce,6,128,152.065
pf_ce,6,129,12.0526
pf_ce,6,130,165.455
pf_ce,6,131,220.717
pf_ce,6,132,181.753
pf_ce,6,133,151.78
pf_ce,6,134,234.336
pf_ce,6,135,252.784
pf_ce,6,136,182.452
pf_ce,6,137,84.0414
pf_ce,6,138,94.835
pf_ce,6,139,141.393
pf_ce,6,140,13.6298
pf_ce,6,141,196.927
pf_ce,6,142,65.2233
pf_ce,6,143,82.9019
pf_ce,6,144,188.747
pf_ce,6,145,226.772
pf_ce,6,146,174.867
pf_ce,6,147,252.987
pf_ce,6,148,6.76953
pf_ce,6,149,120.709
copf_ce,6,0,7.67932
copf_ce,6,1,428.54
copf_ce,6,2,358.923
copf_ce,6,3,298.312
copf_ce,6,4,188.454
copf_ce,6,5,420.63
copf_ce,6,6,267.639
copf_ce,6,7,206.221
copf_ce,6,8,331.485
copf_ce,6,9,265.995
copf_ce,6,10,216.766
copf_ce,6,11,365.863
copf_ce,6,12,277.017
copf_ce,6,13,200.366
copf_ce,6,14,372.736
copf_ce,6,15,293.58
copf_ce,6,16,225.046
copf_ce,6,17,421.783
copf_ce,6,18,352.969
copf_ce,6,19,252.255
copf_ce,6,20,324.428
copf_ce,6,21,241.853
copf_ce,6,22,252.733
copf_ce,6,23,316.559
copf_ce,6,24,188.933
copf_ce,6,25,335.013
copf_ce,6,26,234.11
copf_ce,6,27,303.358
copf_ce,6,28,238.057
copf_ce,6,29,312.493
copf_ce,6,30,223.466
copf_ce,6,31,403.34
copf_ce,6,32,315.217
copf_ce,6,33,233.809
copf_ce,6,34,378.391
copf_ce,6,35,284.783
copf_ce,6,36,222.183
copf_ce,6,37,424.966
copf_ce,6,38,281.714
copf_ce,6,39,179.843
copf_ce,6,40,374.821
copf_ce,6,41,264.522
copf_ce,6,42,194.075
copf_ce,6,43,175.061
copf_ce,6,44,313.804
copf_ce,6,45,207.902
copf_ce,6,46,344.784
copf_ce,6,47,270.307
copf_ce,6,48,210.603
copf_ce,6,49,390.341
copf_ce,6,50,272.152
copf_ce,6,51,167.278
copf_ce,6,52,361.705
copf_ce,6,53,268.494
copf_ce,6,54,202.865
copf_ce,6,55,265.23
copf_ce,6,56,146.117
copf_ce,6,57,348.948
copf_ce,6,58,243.276
copf_ce,6,59,388.161
copf_ce,6,60,230.374
copf_ce,6,61,269.772
copf_ce,6,62,147.956
copf_ce,6,63,284.16
copf_ce,6,64,192.741
copf_ce,6,65,301.011
copf_ce,6,66,123.771
copf_ce,6,67,252.107
copf_ce,6,68,276.462
copf_ce,6,69,161.882
copf_ce,6,70,190.952
copf_ce,6,71,326.815
copf_ce,6,72,133.128
copf_ce,6,73,221.168
copf_ce,6,74,241.705
copf_ce,6,75,263.389
copf_ce,6,76,155.93
copf_ce,6,77,333.53
copf_ce,6,78,233.09
copf_ce,6,79,386.663
copf_ce,6,80,265.052
copf_ce,6,81,178.201
copf_ce,6,82,315.737
copf_ce,6,83,202.171
copf_ce,6,84,368.017
copf_ce,6,85,215.602
copf_ce,6,86,276.331
copf_ce,6,87,110.532
copf_ce,6,88,246.61
copf_ce,6,89,212.265
copf_ce,6,90,213.047
copf_ce,6,91,216.761
copf_ce,6,92,273.972
copf_ce,6,93,135.947
copf_ce,6,94,293.213
copf_ce,6,95,192.917
copf_ce,6,96,330.385
copf_ce,6,97,189.351
copf_ce,6,98,323.508
copf_ce,6,99,196.191
copf_ce,6,100,358.457
copf_ce,6,101,247.75
copf_ce,6,102,381.719
copf_ce,6,103,248.75
copf_ce,6,104,370.82
copf_ce,6,105,214.876
copf_ce,6,106,352.466
copf_ce,6,107,229.888
copf_ce,6,108,374.8
copf_ce,6,109,263.256
copf_ce,6,110,200.828
copf_ce,6,111,399.317
copf_ce,6,112,250.562
copf_ce,6,113,383.622
copf_ce,6,114,256.31
copf_ce,6,115,173.84
copf_ce,6,116,383.715
copf_ce,6,117,295.151
copf_ce,6,118,231.727
copf_ce,6,119,406.52
copf_ce,6,120,335.737
copf_ce,6,121,273.791
copf_ce,6,122,194.424
copf_ce,6,123,291.876
copf_ce,6,124,213.734
copf_ce,6,125,373.273
copf_ce,6,126,276.539
copf_ce,6,127,198.104
copf_ce,6,128,390.406
copf_ce,6,129,252.91
copf_ce,6,130,383.415
copf_ce,6,131,313.805
copf_ce,6,132,243.672
copf_ce,6,133,386.028
copf_ce,6,134,301.786
copf_ce,6,135,232.266
copf_ce,6,136,383.992
copf_ce,6,137,263.141
copf_ce,6,138,188.723
copf_ce,6,139,392.052
copf_ce,6,140,257.92
copf_ce,6,141,193.923
copf_ce,6,142,352.757
copf_ce,6,143,260.852
copf_ce,6,144,207.85
copf_ce,6,145,424.254
copf_ce,6,146,335.327
copf_ce,6,147,275.423
copf_ce,6,148,176.136
copf_ce,6,149,365.293
pf_ce,7,0,1.20228
pf_ce,7,1,204.359
pf_ce,7,2,263.616
pf_ce,7,3,138.898
pf_ce,7,4,20.2311
pf_ce,7,5,248.061
pf_ce,7,6,31.1432
pf_ce,7,7,205.703
pf_ce,7,8,81.1993
pf_ce,7,9,195.682
pf_ce,7,10,239.798
pf_ce,7,11,96.3392
pf_ce,7,12,156.902
pf_ce,7,13,81.0984
pf_ce,7,14,195.583
pf_ce,7,15,113.811
pf_ce,7,16,206.586
pf_ce,7,17,232.558
pf_ce,7,18,215.287
pf_ce,7,19,98.747
pf_ce,7,20,75.1037
pf_ce,7,21,139.654
pf_ce,7,22,4.87812
pf_ce,7,23,62.987
pf_ce,7,24,26.4968
pf_ce,7,25,169.617
pf_ce,7,26,149.575
pf_ce,7,27,86.6524
pf_ce,7,28,95.8123
pf_ce,7,29,48.535
pf_ce,7,30,213.683
pf_ce,7,31,202.429
pf_ce,7,32,225.619
pf_ce,7,33,169.01
pf_ce,7,34,122.723
pf_ce,7,35,69.435
pf_ce,7,36,225.581
pf_ce,7,37,231.212
pf_ce,7,38,23.5358
pf_ce,7,39,58.0733
pf_ce,7,40,177.928
pf_ce,7,41,107.285
pf_ce,7,42,209.214
pf_ce,7,43,2.73639
pf_ce,7,44,104.958
pf_ce,7,45,155.208
pf_ce,7,46,172.97
pf_ce,7,47,46.6222
pf_ce,7,48,212.99
pf_ce,7,49,182.57
pf_ce,7,50,96.9089
pf_ce,7,51,2.77784
pf_ce,7,52,141.858
pf_ce,7,53,85.8329
pf_ce,7,54,131.942
pf_ce,7,55,19.9021
pf_ce,7,56,50.4062
pf_ce,7,57,162.757
pf_ce,7,58,179.23
pf_ce,7,59,192.241
pf_ce,7,60,15.5546
pf_ce,7,61,20.8522
pf_ce,7,62,53.3158
pf_ce,7,63,82.8702
pf_ce,7,64,119.136
pf_ce,7,65,31.6798
pf_ce,7,66,1.01091
pf_ce,7,67,61.1176
pf_ce,7,68,125.951
pf_ce,7,69,124.651
pf_ce,7,70,2.34828
pf_ce,7,71,12.1644
pf_ce,7,72,102.421
pf_ce,7,73,48.068
pf_ce,7,74,98.9127
pf_ce,7,75,102.779
pf_ce,7,76,61.6842
pf_ce,7,77,76.4102
pf_ce,7,78,180.94
pf_ce,7,79,177.334
pf_ce,7,80,121.549
pf_ce,7,81,64.8835
pf_ce,7,82,87.788
pf_ce,7,83,128.342
pf_ce,7,84,200.802
pf_ce,7,85,20.4164
pf_ce,7,86,31.9473
pf_ce,7,87,1.00406
pf_ce,7,88,51.38
pf_ce,7,89,39.5051
pf_ce,7,90,44.9351
pf_ce,7,91,90.5618
pf_ce,7,92,114.319
pf_ce,7,93,117.126
pf_ce,7,94,138.424
pf_ce,7,95,125.052
pf_ce,7,96,123.617
pf_ce,7,97,58.0331
pf_ce,7,98,163.575
pf_ce,7,99,131.289
pf_ce,7,100,190.809
pf_ce,7,101,168.749
pf_ce,7,102,189.5
pf_ce,7,103,68.093
pf_ce,7,104,185.436
pf_ce,7,105,9.82251
pf_ce,7,106,68.6826
pf_ce,7,107,42.1189
pf_ce,7,108,143.855
pf_ce,7,109,121.749
pf_ce,7,110,213.615
pf_ce,7,111,209.068
pf_ce,7,112,55.5145
pf_ce,7,113,142.476
pf_ce,7,114,69.679
pf_ce,7,115,149.234
pf_ce,7,116,195.12
pf_ce,7,117,221.315
pf_ce,7,118,212.812
pf_ce,7,119,176.813
pf_ce,7,120,228.022
pf_ce,7,121,235.763
pf_ce,7,122,45.1164
pf_ce,7,123,41.5909
pf_ce,7,124,136.316
pf_ce,7,125,121.514
pf_ce,7,126,207.981
pf_ce,7,127,199.371
pf_ce,7,128,168.474
pf_ce,7,129,10.8528
pf_ce,7,130,179.791
pf_ce,7,131,210.171
pf_ce,7,132,193.152
pf_ce,7,133,139.444
pf_ce,7,134,221.501
pf_ce,7,135,254.058
pf_ce,7,136,166.03
pf_ce,7,137,71.8935
pf_ce,7,138,81.7777
pf_ce,7,139,138.906
pf_ce,7,140,19.1365
pf_ce,7,141,186.435
pf_ce,7,142,75.1215
pf_ce,7,143,100.886
pf_ce,7,144,201.557
pf_ce,7,145,226.393
pf_ce,7,146,172.52
pf_ce,7,147,275.722
pf_ce,7,148,7.28298
pf_ce,7,149,146.737
copf_ce,7,0,3.93011
copf_ce,7,1,426.414
copf_ce,7,2,357.266
copf_ce,7,3,298.376
copf_ce,7,4,192.128
copf_ce,7,5,419.822
copf_ce,7,6,275.935
copf_ce,7,7,208.851
copf_ce,7,8,347.747
copf_ce,7,9,270.83
copf_ce,7,10,218.402
copf_ce,7,11,360.409
copf_ce,7,12,267.651
copf_ce,7,13,178.314
copf_ce,7,14,384.477
copf_ce,7,15,316.326
copf_ce,7,16,256.945
copf_ce,7,17,215.622
copf_ce,7,18,426.129
copf_ce,7,19,330.181
copf_ce,7,20,232.839
copf_ce,7,21,357.682
copf_ce,7,22,199.792
copf_ce,7,23,319.048
copf_ce,7,24,179.813
copf_ce,7,25,335.394
copf_ce,7,26,246.464
copf_ce,7,27,321.521
copf_ce,7,28,241.605
copf_ce,7,29,325.682
copf_ce,7,30,249.499
copf_ce,7,31,402.809
copf_ce,7,32,316.945
copf_ce,7,33,251.34
copf_ce,7,34,378.324
copf_ce,7,35,274.966
copf_ce,7,36,210.948
copf_ce,7,37,422.349
copf_ce,7,38,269.518
copf_ce,7,39,179.149
copf_ce,7,40,379.272
copf_ce,7,41,259.474
copf_ce,7,42,197.754
copf_ce,7,43,202.234
copf_ce,7,44,312.841
copf_ce,7,45,207.425
copf_ce,7,46,359.802
copf_ce,7,47,282.053
copf_ce,7,48,226.822
copf_ce,7,49,396.009
copf_ce,7,50,269.217
copf_ce,7,51,163.278
copf_ce,7,52,357.394
copf_ce,7,53,268.341
copf_ce,7,54,198.212
copf_ce,7,55,268.267
copf_ce,7,56,174.845
copf_ce,7,57,335.609
copf_ce,7,58,240.502
copf_ce,7,59,389.01
copf_ce,7,60,243.045
copf_ce,7,61,265.67
copf_ce,7,62,156.084
copf_ce,7,63,292.928
copf_ce,7,64,186.963
copf_ce,7,65,280.6
copf_ce,7,66,117.177
copf_ce,7,67,242.012
copf_ce,7,68,273.369
copf_ce,7,69,158.733
copf_ce,7,70,168.929
copf_ce,7,71,312.1
copf_ce,7,72,141.317
copf_ce,7,73,219.981
copf_ce,7,74,227.428
copf_ce,7,75,244.81
copf_ce,7,76,268.267
copf_ce,7,77,169.668
copf_ce,7,78,370.756
copf_ce,7,79,281.07
copf_ce,7,80,203.297
copf_ce,7,81,323.973
copf_ce,7,82,215.991
copf_ce,7,83,335.778
copf_ce,7,84,234.9
copf_ce,7,85,273.19
copf_ce,7,86,150.255
copf_ce,7,87,92.0588
copf_ce,7,88,257.152
copf_ce,7,89,108.62
copf_ce,7,90,230.066
copf_ce,7,91,229.277
copf_ce,7,92,259.479
copf_ce,7,93,125.412
copf_ce,7,94,300.804
copf_ce,7,95,195.713
copf_ce,7,96,312.363
copf_ce,7,97,186.638
copf_ce,7,98,336.606
copf_ce,7,99,238.779
copf_ce,7,100,353.12
copf_ce,7,101,250.583
copf_ce,7,102,366.728
copf_ce,7,103,228.469
copf_ce,7,104,371.513
copf_ce,7,105,227.216
copf_ce,7,106,342.113
copf_ce,7,107,230.544
copf_ce,7,108,372.184
copf_ce,7,109,258.614
copf_ce,7,110,199.111
copf_ce,7,111,408.743
copf_ce,7,112,276.004
copf_ce,7,113,191.646
copf_ce,7,114,307.854
copf_ce,7,115,202.177
copf_ce,7,116,385.454
copf_ce,7,117,288.194
copf_ce,7,118,231.369
copf_ce,7,119,403.253
copf_ce,7,120,328.392
copf_ce,7,121,260.155
copf_ce,7,122,176.493
copf_ce,7,123,276.44
copf_ce,7,124,199.754
copf_ce,7,125,375.985
copf_ce,7,126,287.032
copf_ce,7,127,213.403
copf_ce,7,128,396.817
copf_ce,7,129,248.096
copf_ce,7,130,396.986
copf_ce,7,131,321.537
copf_ce,7,132,246.497
copf_ce,7,133,369.503
copf_ce,7,134,289.93
copf_ce,7,135,224.735
copf_ce,7,136,384.928
copf_ce,7,137,265.837
copf_ce,7,138,195.246
copf_ce,7,139,388.721
copf_ce,7,140,248.133
copf_ce,7,141,373.668
copf_ce,7,142,288.09
copf_ce,7,143,214.24
copf_ce,7,144,406.802
copf_ce,7,145,331.64
copf_ce,7,146,267.007
copf_ce,7,147,231.103
copf_ce,7,148,186.88
copf_ce,7,149,367.889
pf_ce,8,0,2.5398
pf_ce,8,1,203.276
pf_ce,8,2,284.099
pf_ce,8,3,145.04
pf_ce,8,4,22.6287
pf_ce,8,5,235.403
pf_ce,8,6,19.0799
pf_ce,8,7,247.877
pf_ce,8,8,91.3392
pf_ce,8,9,192.203
pf_ce,8,10,232.197
pf_ce,8,11,93.8345
pf_ce,8,12,166.489
pf_ce,8,13,70.7247
pf_ce,8,14,167.378
pf_ce,8,15,125.347
pf_ce,8,16,230.19
pf_ce,8,17,233.206
pf_ce,8,18,221.604
pf_ce,8,19,108.357
pf_ce,8,20,60.0489
pf_ce,8,21,120.072
pf_ce,8,22,7.89638
pf_ce,8,23,67.4944
pf_ce,8,24,30.805
pf_ce,8,25,172.504
pf_ce,8,26,145.499
pf_ce,8,27,93.1908
pf_ce,8,28,76.3805
pf_ce,8,29,68.2783
pf_ce,8,30,200.497
pf_ce,8,31,194.741
pf_ce,8,32,232.516
pf_ce,8,33,178.698
pf_ce,8,34,122.768
pf_ce,8,35,62.2093
pf_ce,8,36,230.307
pf_ce,8,37,250.962
pf_ce,8,38,17.3637
pf_ce,8,39,61.5085
pf_ce,8,40,168.075
pf_ce,8,41,100.513
pf_ce,8,42,215.18
pf_ce,8,43,1.79551
pf_ce,8,44,70.4841
pf_ce,8,45,160.172
pf_ce,8,46,176.034
pf_ce,8,47,41.1133
pf_ce,8,48,214.569
pf_ce,8,49,195.102
pf_ce,8,50,87.7641
pf_ce,8,51,6.5244
pf_ce,8,52,175.139
pf_ce,8,53,83.6711
pf_ce,8,54,137.025
pf_ce,8,55,21.1486
pf_ce,8,56,57.7372
pf_ce,8,57,151.652
pf_ce,8,58,169.555
pf_ce,8,59,186.158
pf_ce,8,60,5.12935
pf_ce,8,61,24.0068
pf_ce,8,62,60.9632
pf_ce,8,63,66.957
pf_ce,8,64,89.266
pf_ce,8,65,31.2712
pf_ce,8,66,2.28594
pf_ce,8,67,94.1816
pf_ce,8,68,124.211
pf_ce,8,69,123.074
pf_ce,8,70,1.54315
pf_ce,8,71,15.684
pf_ce,8,72,85.6072
pf_ce,8,73,32.6277
pf_ce,8,74,106.502
pf_ce,8,75,105.826
pf_ce,8,76,56.8011
pf_ce,8,77,67.4016
pf_ce,8,78,160.895
pf_ce,8,79,173.013
pf_ce,8,80,103.69
pf_ce,8,81,63.9153
pf_ce,8,82,80.5446
pf_ce,8,83,123.387
pf_ce,8,84,198.064
pf_ce,8,85,25.4762
pf_ce,8,86,37.6258
pf_ce,8,87,1
pf_ce,8,88,73.6482
pf_ce,8,89,34.9771
pf_ce,8,90,49.5107
pf_ce,8,91,74.6399
pf_ce,8,92,106.407
pf_ce,8,93,139.891
pf_ce,8,94,143.625
pf_ce,8,95,104.341
pf_ce,8,96,114.366
pf_ce,8,97,57.6791
pf_ce,8,98,155.329
pf_ce,8,99,144.901
pf_ce,8,100,177.898
pf_ce,8,101,155.854
pf_ce,8,102,169.292
pf_ce,8,103,66.6491
pf_ce,8,104,185.083
pf_ce,8,105,10.1342
pf_ce,8,106,82.2774
pf_ce,8,107,38.7623
pf_ce,8,108,143.759
pf_ce,8,109,124.34
pf_ce,8,110,213.47
pf_ce,8,111,210.033
pf_ce,8,112,64.057
pf_ce,8,113,161.507
pf_ce,8,114,72.4893
pf_ce,8,115,160.701
pf_ce,8,116,192.72
pf_ce,8,117,196.777
pf_ce,8,118,206.546
pf_ce,8,119,183.618
pf_ce,8,120,236.929
pf_ce,8,121,243.534
pf_ce,8,122,45.806
pf_ce,8,123,39.7186
pf_ce,8,124,133.636
pf_ce,8,125,127.863
pf_ce,8,126,219.831
pf_ce,8,127,180.725
pf_ce,8,128,171.34
pf_ce,8,129,9.53101
pf_ce,8,130,188.249
pf_ce,8,131,203.203
pf_ce,8,132,164.668
pf_ce,8,133,138.381
pf_ce,8,134,215.18
pf_ce,8,135,260.461
pf_ce,8,136,82.2039
pf_ce,8,137,72.6462
pf_ce,8,138,92.4213
pf_ce,8,139,167.752
pf_ce,8,140,11.3899
pf_ce,8,141,187.982
pf_ce,8,142,73.4379
pf_ce,8,143,100.691
pf_ce,8,144,165.711
pf_ce,8,145,235.612
pf_ce,8,146,167.406
pf_ce,8,147,270.123
pf_ce,8,148,6.26062
pf_ce,8,149,150.489
copf_ce,8,0,9.21408
copf_ce,8,1,434.99
copf_ce,8,2,364.32
copf_ce,8,3,303.186
copf_ce,8,4,202.331
copf_ce,8,5,416.345
copf_ce,8,6,281.577
copf_ce,8,7,206.862
copf_ce,8,8,335.624
copf_ce,8,9,268.719
copf_ce,8,10,219.813
copf_ce,8,11,347.366
copf_ce,8,12,259.38
copf_ce,8,13,183.763
copf_ce,8,14,383.415
copf_ce,8,15,313.546
copf_ce,8,16,247.949
copf_ce,8,17,420.604
copf_ce,8,18,346.735
copf_ce,8,19,265.931
copf_ce,8,20,193.328
copf_ce,8,21,358.467
copf_ce,8,22,200.667
copf_ce,8,23,306.174
copf_ce,8,24,186.73
copf_ce,8,25,328.905
copf_ce,8,26,239.636
copf_ce,8,27,316.134
copf_ce,8,28,239.252
copf_ce,8,29,304.734
copf_ce,8,30,224.426
copf_ce,8,31,408.17
copf_ce,8,32,327.333
copf_ce,8,33,255.428
copf_ce,8,34,396.235
copf_ce,8,35,291.73
copf_ce,8,36,231.736
copf_ce,8,37,423.239
copf_ce,8,38,251.617
copf_ce,8,39,320.838
copf_ce,8,40,217.767
copf_ce,8,41,342.728
copf_ce,8,42,252.756
copf_ce,8,43,183.084
copf_ce,8,44,310.598
copf_ce,8,45,203.704
copf_ce,8,46,358.698
copf_ce,8,47,284.985
copf_ce,8,48,222.799
copf_ce,8,49,390.327
copf_ce,8,50,275.417
copf_ce,8,51,154.257
copf_ce,8,52,345.542
copf_ce,8,53,257.144
copf_ce,8,54,193.326
copf_ce,8,55,251.648
copf_ce,8,56,306.806
copf_ce,8,57,204.642
copf_ce,8,58,367.216
copf_ce,8,59,270.938
copf_ce,8,60,164.937
copf_ce,8,61,267.444
copf_ce,8,62,152.104
copf_ce,8,63,291.424
copf_ce,8,64,193.091
copf_ce,8,65,277.594
copf_ce,8,66,127.05
copf_ce,8,67,250.922
copf_ce,8,68,265.057
copf_ce,8,69,148.047
copf_ce,8,70,191.289
copf_ce,8,71,323.034
copf_ce,8,72,127.59
copf_ce,8,73,209.218
copf_ce,8,74,235.6
copf_ce,8,75,257.595
copf_ce,8,76,142.859
copf_ce,8,77,330.772
copf_ce,8,78,240.328
copf_ce,8,79,380.101
copf_ce,8,80,275.177
copf_ce,8,81,191.844
copf_ce,8,82,336.163
copf_ce,8,83,221.38
copf_ce,8,84,372.13
copf_ce,8,85,228.233
copf_ce,8,86,277.513
copf_ce,8,87,119.085
copf_ce,8,88,265.282
copf_ce,8,89,116.94
copf_ce,8,90,233.813
copf_ce,8,91,230.138
copf_ce,8,92,262.847
copf_ce,8,93,148.125
copf_ce,8,94,308.719
copf_ce,8,95,197.308
copf_ce,8,96,339.061
copf_ce,8,97,194.722
copf_ce,8,98,340.242
copf_ce,8,99,231.505
copf_ce,8,100,364.132
copf_ce,8,101,253.089
copf_ce,8,102,384.396
copf_ce,8,103,260.626
copf_ce,8,104,179.56
copf_ce,8,105,229.21
copf_ce,8,106,357.246
copf_ce,8,107,234.317
copf_ce,8,108,377.039
copf_ce,8,109,281.316
copf_ce,8,110,211.55
copf_ce,8,111,390.694
copf_ce,8,112,269.507
copf_ce,8,113,200.795
copf_ce,8,114,312.616
copf_ce,8,115,226.923
copf_ce,8,116,389.922
copf_ce,8,117,295.324
copf_ce,8,118,237.797
copf_ce,8,119,415.978
copf_ce,8,120,349.844
copf_ce,8,121,279.459
copf_ce,8,122,190.091
copf_ce,8,123,291.672
copf_ce,8,124,214.793
copf_ce,8,125,385.175
copf_ce,8,126,291.714
copf_ce,8,127,217.853
copf_ce,8,128,403.73
copf_ce,8,129,253.803
copf_ce,8,130,385.025
copf_ce,8,131,307.037
copf_ce,8,132,242.156
copf_ce,8,133,376.678
copf_ce,8,134,290.607
copf_ce,8,135,233.26
copf_ce,8,136,398.233
copf_ce,8,137,270.21
copf_ce,8,138,173.512
copf_ce,8,139,394.01
copf_ce,8,140,257.165
copf_ce,8,141,183.993
copf_ce,8,142,360.519
copf_ce,8,143,274.004
copf_ce,8,144,224.717
copf_ce,8,145,429.862
copf_ce,8,146,348.821
copf_ce,8,147,290.015
copf_ce,8,148,176.355
copf_ce,8,149,370.858
pf_ce,9,0,1.12795
pf_ce,9,1,272.356
pf_ce,9,2,147.492
pf_ce,9,3,268.425
pf_ce,9,4,18.4728
pf_ce,9,5,235.418
pf_ce,9,6,26.6496
pf_ce,9,7,219.387
pf_ce,9,8,111.179
pf_ce,9,9,194.255
pf_ce,9,10,235.681
pf_ce,9,11,94.2952
pf_ce,9,12,164.294
pf_ce,9,13,89.4786
pf_ce,9,14,191.537
pf_ce,9,15,122.977
pf_ce,9,16,234.45
pf_ce,9,17,260.214
pf_ce,9,18,109.485
pf_ce,9,19,95.6272
pf_ce,9,20,75.7407
pf_ce,9,21,119.156
pf_ce,9,22,6.95475
pf_ce,9,23,66.3374
pf_ce,9,24,24.1808
pf_ce,9,25,150.418
pf_ce,9,26,149.997
pf_ce,9,27,80.7593
pf_ce,9,28,82.2927
pf_ce,9,29,67.8774
pf_ce,9,30,194.361
pf_ce,9,31,220.161
pf_ce,9,32,231.568
pf_ce,9,33,171.92
pf_ce,9,34,138.824
pf_ce,9,35,66.6266
pf_ce,9,36,251.711
pf_ce,9,37,241.349
pf_ce,9,38,23.5194
pf_ce,9,39,66.0761
pf_ce,9,40,199.686
pf_ce,9,41,123.947
pf_ce,9,42,207.229
pf_ce,9,43,1.00398
pf_ce,9,44,78.5362
pf_ce,9,45,178.735
pf_ce,9,46,185.668
pf_ce,9,47,45.3932
pf_ce,9,48,227.347
pf_ce,9,49,185.686
pf_ce,9,50,111.233
pf_ce,9,51,6.77867
pf_ce,9,52,159.402
pf_ce,9,53,76.4938
pf_ce,9,54,143.774
pf_ce,9,55,23.8803
pf_ce,9,56,59.896
pf_ce,9,57,169.217
pf_ce,9,58,168.922
pf_ce,9,59,181.576
pf_ce,9,60,12.7272
pf_ce,9,61,19.7108
pf_ce,9,62,54.776
pf_ce,9,63,76.9047
pf_ce,9,64,106.048
pf_ce,9,65,34.6331
pf_ce,9,66,1.00135
pf_ce,9,67,86.7404
pf_ce,9,68,120.891
pf_ce,9,69,127.971
pf_ce,9,70,4.21875
pf_ce,9,71,15.7064
pf_ce,9,72,84.4639
pf_ce,9,73,37.995
pf_ce,9,74,94.5755
pf_ce,9,75,114.59
pf_ce,9,76,65.0016
pf_ce,9,77,69.8605
pf_ce,9,78,178.958
pf_ce,9,79,182.632
pf_ce,9,80,111.945
pf_ce,9,81,66.8235
pf_ce,9,82,88.2327
pf_ce,9,83,122.298
pf_ce,9,84,204.019
pf_ce,9,85,23.1184
pf_ce,9,86,37.4784
pf_ce,9,87,1.06969
pf_ce,9,88,51.981
pf_ce,9,89,36.2586
pf_ce,9,90,47.9079
pf_ce,9,91,81.4713
pf_ce,9,92,121.219
pf_ce,9,93,137.317
pf_ce,9,94,140.418
pf_ce,9,95,107.292
pf_ce,9,96,110.621
pf_ce,9,97,48.1682
pf_ce,9,98,171.581
pf_ce,9,99,142.421
pf_ce,9,100,173.643
pf_ce,9,101,149.651
pf_ce,9,102,205.923
pf_ce,9,103,75.5347
pf_ce,9,104,193.195
pf_ce,9,105,13.1752
pf_ce,9,106,69.341
pf_ce,9,107,49.3683
pf_ce,9,108,143.366
pf_ce,9,109,124.269
pf_ce,9,110,221.337
pf_ce,9,111,208.225
pf_ce,9,112,58.2323
pf_ce,9,113,153.044
pf_ce,9,114,60.7975
pf_ce,9,115,157.566
pf_ce,9,116,185.977
pf_ce,9,117,214.019
pf_ce,9,118,204.737
pf_ce,9,119,162.797
pf_ce,9,120,253.262
pf_ce,9,121,259.332
pf_ce,9,122,26.6383
pf_ce,9,123,34.2062
pf_ce,9,124,150.243
pf_ce,9,125,143.866
pf_ce,9,126,200.157
pf_ce,9,127,189.302
pf_ce,9,128,167.816
pf_ce,9,129,12.3797
pf_ce,9,130,173.122
pf_ce,9,131,213.846
pf_ce,9,132,188.887
pf_ce,9,133,137.907
pf_ce,9,134,203.113
pf_ce,9,135,248.824
pf_ce,9,136,165.668
pf_ce,9,137,82.7289
pf_ce,9,138,96.0182
pf_ce,9,139,167.246
pf_ce,9,140,20.8993
pf_ce,9,141,188.377
pf_ce,9,142,79.6582
pf_ce,9,143,96.1105
pf_ce,9,144,180.932
pf_ce,9,145,225.305
pf_ce,9,146,187.253
pf_ce,9,147,268.875
pf_ce,9,148,4.59886
pf_ce,9,149,117.324
copf_ce,9,0,5.59548
copf_ce,9,1,421.465
copf_ce,9,2,346.158
copf_ce,9,3,290.249
copf_ce,9,4,191.417
copf_ce,9,5,423.688
copf_ce,9,6,281.515
copf_ce,9,7,218.958
copf_ce,9,8,340.312
copf_ce,9,9,264.518
copf_ce,9,10,204.459
copf_ce,9,11,339.863
copf_ce,9,12,253.244
copf_ce,9,13,342.002
copf_ce,9,14,248.332
copf_ce,9,15,377.889
copf_ce,9,16,312.674
copf_ce,9,17,245.847
copf_ce,9,18,426.216
copf_ce,9,19,319.809
copf_ce,9,20,222.345
copf_ce,9,21,366.974
copf_ce,9,22,208.39
copf_ce,9,23,311.524
copf_ce,9,24,196.425
copf_ce,9,25,339.816
copf_ce,9,26,241.69
copf_ce,9,27,304.449
copf_ce,9,28,233.96
copf_ce,9,29,312.469
copf_ce,9,30,235.244
copf_ce,9,31,393.521
copf_ce,9,32,307.924
copf_ce,9,33,232.298
copf_ce,9,34,378.7
copf_ce,9,35,273.098
copf_ce,9,36,210.505
copf_ce,9,37,430.723
copf_ce,9,38,275.357
copf_ce,9,39,183.168
copf_ce,9,40,384.546
copf_ce,9,41,270.662
copf_ce,9,42,200.738
copf_ce,9,43,166.642
copf_ce,9,44,307.726
copf_ce,9,45,201.5
copf_ce,9,46,344.021
copf_ce,9,47,264.716
copf_ce,9,48,213.578
copf_ce,9,49,398.609
copf_ce,9,50,283.88
copf_ce,9,51,184.208
copf_ce,9,52,348.558
copf_ce,9,53,278.053
copf_ce,9,54,196.19
copf_ce,9,55,289.285
copf_ce,9,56,181.81
copf_ce,9,57,347.792
copf_ce,9,58,255.744
copf_ce,9,59,383.552
copf_ce,9,60,237.842
copf_ce,9,61,273.48
copf_ce,9,62,157.156
copf_ce,9,63,290.962
copf_ce,9,64,192.193
copf_ce,9,65,285.453
copf_ce,9,66,119.4
copf_ce,9,67,253.1
copf_ce,9,68,270.658
copf_ce,9,69,148.078
copf_ce,9,70,211.78
copf_ce,9,71,311.253
copf_ce,9,72,137.787
copf_ce,9,73,225.775
copf_ce,9,74,240.093
copf_ce,9,75,247.611
copf_ce,9,76,298.109
copf_ce,9,77,200.522
copf_ce,9,78,381.06
copf_ce,9,79,300.098
copf_ce,9,80,213.707
copf_ce,9,81,317.885
copf_ce,9,82,197.819
copf_ce,9,83,343.985
copf_ce,9,84,247.506
copf_ce,9,85,268.987
copf_ce,9,86,159.216
copf_ce,9,87,142.492
copf_ce,9,88,276.858
copf_ce,9,89,124.954
copf_ce,9,90,222.776
copf_ce,9,91,230.588
copf_ce,9,92,260.541
copf_ce,9,93,135.634
copf_ce,9,94,295.219
copf_ce,9,95,189.255
copf_ce,9,96,327.061
copf_ce,9,97,193.521
copf_ce,9,98,348.214
copf_ce,9,99,227.529
copf_ce,9,100,360.602
copf_ce,9,101,246.854
copf_ce,9,102,363.864
copf_ce,9,103,234.863
copf_ce,9,104,373.94
copf_ce,9,105,223.034
copf_ce,9,106,344.628
copf_ce,9,107,222.563
copf_ce,9,108,367.227
copf_ce,9,109,259.286
copf_ce,9,110,191.627
copf_ce,9,111,403.987
copf_ce,9,112,267.395
copf_ce,9,113,195.365
copf_ce,9,114,319.219
copf_ce,9,115,223.656
copf_ce,9,116,396.446
copf_ce,9,117,312.51
copf_ce,9,118,254.752
copf_ce,9,119,414.642
copf_ce,9,120,351.878
copf_ce,9,121,291.482
copf_ce,9,122,202.301
copf_ce,9,123,294.439
copf_ce,9,124,220.623
copf_ce,9,125,375.554
copf_ce,9,126,280.883
copf_ce,9,127,206.766
copf_ce,9,128,403.229
copf_ce,9,129,258.894
copf_ce,9,130,205.941
copf_ce,9,131,407.916
copf_ce,9,132,314.601
copf_ce,9,133,233.363
copf_ce,9,134,413.52
copf_ce,9,135,324.885
copf_ce,9,136,253.772
copf_ce,9,137,337.996
copf_ce,9,138,239.09
copf_ce,9,139,382.953
copf_ce,9,140,249.883
copf_ce,9,141,379.12
copf_ce,9,142,302.631
copf_ce,9,143,223.916
copf_ce,9,144,412.965
copf_ce,9,145,343.863
copf_ce,9,146,263.975
copf_ce,9,147,219.008
copf_ce,9,148,194.928
copf_ce,9,149,371.855
pf_ce,10,0,3.12586
pf_ce,10,1,240.542
pf_ce,10,2,270.189
pf_ce,10,3,137.316
pf_ce,10,4,22.1806
pf_ce,10,5,237.409
pf_ce,10,6,27.8551
pf_ce,10,7,221.848
pf_ce,10,8,91.023
pf_ce,10,9,191.588
pf_ce,10,10,236.188
pf_ce,10,11,100.03
pf_ce,10,12,178.794
pf_ce,10,13,70.5649
pf_ce,10,14,167.39
pf_ce,10,15,105.358
pf_ce,10,16,210.347
pf_ce,10,17,233.689
pf_ce,10,18,226.425
pf_ce,10,19,100.714
pf_ce,10,20,66.0354
pf_ce,10,21,119.04
pf_ce,10,22,7.93619
pf_ce,10,23,71.7434
pf_ce,10,24,21.7649
pf_ce,10,25,162.727
pf_ce,10,26,143.767
pf_ce,10,27,77.0292
pf_ce,10,28,84.5966
pf_ce,10,29,56.9063
pf_ce,10,30,213.04
pf_ce,10,31,228.737
pf_ce,10,32,245.527
pf_ce,10,33,177.153
pf_ce,10,34,121.241
pf_ce,10,35,79.6142
pf_ce,10,36,240.548
pf_ce,10,37,243.139
pf_ce,10,38,26.98
pf_ce,10,39,66.8073
pf_ce,10,40,183.531
pf_ce,10,41,112.299
pf_ce,10,42,202.531
pf_ce,10,43,2.26714
pf_ce,10,44,101.061
pf_ce,10,45,157.95
pf_ce,10,46,159.32
pf_ce,10,47,38.9543
pf_ce,10,48,215.341
pf_ce,10,49,177.708
pf_ce,10,50,91.8376
pf_ce,10,51,11.4084
pf_ce,10,52,168.032
pf_ce,10,53,90.245
pf_ce,10,54,134.699
pf_ce,10,55,24.8383
pf_ce,10,56,51.2967
pf_ce,10,57,168.666
pf_ce,10,58,167.938
pf_ce,10,59,176.491
pf_ce,10,60,8.00537
pf_ce,10,61,28.7139
pf_ce,10,62,63.3891
pf_ce,10,63,75.388
pf_ce,10,64,99.3302
pf_ce,10,65,44.5716
pf_ce,10,66,2.63619
pf_ce,10,67,34.3342
pf_ce,10,68,115.71
pf_ce,10,69,126.248
pf_ce,10,70,3.68093
pf_ce,10,71,15.5729
pf_ce,10,72,94.0084
pf_ce,10,73,49.8448
pf_ce,10,74,103.066
pf_ce,10,75,91.8387
pf_ce,10,76,61.4642
pf_ce,10,77,70.5632
pf_ce,10,78,184.521
pf_ce,10,79,172.103
pf_ce,10,80,115.408
pf_ce,10,81,66.1523
pf_ce,10,82,85.4223
pf_ce,10,83,119.159
pf_ce,10,84,190.087
pf_ce,10,85,21.7148
pf_ce,10,86,40.5962
pf_ce,10,87,1
pf_ce,10,88,91.1373
pf_ce,10,89,36.3294
pf_ce,10,90,36.2546
pf_ce,10,91,79.1876
pf_ce,10,92,111.508
pf_ce,10,93,127.7
pf_ce,10,94,145.367
pf_ce,10,95,114.918
pf_ce,10,96,106.75
pf_ce,10,97,59.505
pf_ce,10,98,172.925
pf_ce,10,99,134.717
pf_ce,10,100,211.844
pf_ce,10,101,161.27
pf_ce,10,102,185.352
pf_ce,10,103,71.101
pf_ce,10,104,179.776
pf_ce,10,105,6.58284
pf_ce,10,106,75.1269
pf_ce,10,107,43.0827
pf_ce,10,108,130.744
pf_ce,10,109,143.242
pf_ce,10,110,192.154
pf_ce,10,111,217.732
pf_ce,10,112,57.091
pf_ce,10,113,177.724
pf_ce,10,114,67.4901
pf_ce,10,115,154.833
pf_ce,10,116,186.91
pf_ce,10,117,235.197
pf_ce,10,118,220.269
pf_ce,10,119,174.131
pf_ce,10,120,238.631
pf_ce,10,121,236.934
pf_ce,10,122,46.6685
pf_ce,10,123,40.1566
pf_ce,10,124,139.41
pf_ce,10,125,163.477
pf_ce,10,126,209.343
pf_ce,10,127,189.282
pf_ce,10,128,155.082
pf_ce,10,129,11.6602
pf_ce,10,130,174.398
pf_ce,10,131,203.395
pf_ce,10,132,185.713
pf_ce,10,133,136.924
pf_ce,10,134,222.849
pf_ce,10,135,241.575
pf_ce,10,136,175.221
pf_ce,10,137,80.9974
pf_ce,10,138,93.8703
pf_ce,10,139,175.133
pf_ce,10,140,21.621
pf_ce,10,141,190.397
pf_ce,10,142,76.7717
pf_ce,10,143,94.2947
pf_ce,10,144,184.793
pf_ce,10,145,213.98
pf_ce,10,146,168.825
pf_ce,10,147,260.049
pf_ce,10,148,7.63489
pf_ce,10,149,126.565
copf_ce,10,0,4.80128
copf_ce,10,1,427.902
copf_ce,10,2,359.151
copf_ce,10,3,295.371
copf_ce,10,4,184.561
copf_ce,10,5,426.143
copf_ce,10,6,261.946
copf_ce,10,7,213.433
copf_ce,10,8,352.364
copf_ce,10,9,286.601
copf_ce,10,10,229.984
copf_ce,10,11,344.152
copf_ce,10,12,252.289
copf_ce,10,13,329.865
copf_ce,10,14,232.069
copf_ce,10,15,382.837
copf_ce,10,16,293.724
copf_ce,10,17,226.922
copf_ce,10,18,425.243
copf_ce,10,19,325.285
copf_ce,10,20,214.278
copf_ce,10,21,371.494
copf_ce,10,22,209.516
copf_ce,10,23,305.747
copf_ce,10,24,177.718
copf_ce,10,25,326.056
copf_ce,10,26,213.893
copf_ce,10,27,314.324
copf_ce,10,28,231.92
copf_ce,10,29,318.634
copf_ce,10,30,221.79
copf_ce,10,31,400.256
copf_ce,10,32,325.914
copf_ce,10,33,254.232
copf_ce,10,34,381.192
copf_ce,10,35,283.578
copf_ce,10,36,227.038
copf_ce,10,37,419.563
copf_ce,10,38,263.054
copf_ce,10,39,177.8
copf_ce,10,40,359.857
copf_ce,10,41,254.355
copf_ce,10,42,388.598
copf_ce,10,43,197.973
copf_ce,10,44,321.577
copf_ce,10,45,212.962
copf_ce,10,46,336.9
copf_ce,10,47,261.953
copf_ce,10,48,201.15
copf_ce,10,49,392.775
copf_ce,10,50,287.066
copf_ce,10,51,170.906
copf_ce,10,52,368.071
copf_ce,10,53,269.996
copf_ce,10,54,200.499
copf_ce,10,55,282.602
copf_ce,10,56,170.679
copf_ce,10,57,349.569
copf_ce,10,58,260.581
copf_ce,10,59,206.904
copf_ce,10,60,237.73
copf_ce,10,61,272.195
copf_ce,10,62,156.462
copf_ce,10,63,298.007
copf_ce,10,64,196.485
copf_ce,10,65,276.265
copf_ce,10,66,125.539
copf_ce,10,67,250.911
copf_ce,10,68,272.981
copf_ce,10,69,152.388
copf_ce,10,70,199.708
copf_ce,10,71,309.304
copf_ce,10,72,136.359
copf_ce,10,73,225.601
copf_ce,10,74,236.046
copf_ce,10,75,258.904
copf_ce,10,76,153.701
copf_ce,10,77,323.338
copf_ce,10,78,225.968
copf_ce,10,79,381.908
copf_ce,10,80,274.325
copf_ce,10,81,185.668
copf_ce,10,82,319.37
copf_ce,10,83,212.25
copf_ce,10,84,367.097
copf_ce,10,85,229.919
copf_ce,10,86,274.736
copf_ce,10,87,115.91
copf_ce,10,88,253.96
copf_ce,10,89,231.383
copf_ce,10,90,211.144
copf_ce,10,91,234.125
copf_ce,10,92,274.42
copf_ce,10,93,155.185
copf_ce,10,94,312.945
copf_ce,10,95,212.692
copf_ce,10,96,323.803
copf_ce,10,97,193.768
copf_ce,10,98,352.436
copf_ce,10,99,233.859
copf_ce,10,100,364.976
copf_ce,10,101,259.163
copf_ce,10,102,198.403
copf_ce,10,103,306.709
copf_ce,10,104,215.54
copf_ce,10,105,231.479
copf_ce,10,106,336.913
copf_ce,10,107,218.568
copf_ce,10,108,375.477
copf_ce,10,109,265.819
copf_ce,10,110,200.848
copf_ce,10,111,393.032
copf_ce,10,112,267.578
copf_ce,10,113,189.129
copf_ce,10,114,332.274
copf_ce,10,115,231.139
copf_ce,10,116,380.622
copf_ce,10,117,300.668
copf_ce,10,118,239.175
copf_ce,10,119,413.311
copf_ce,10,120,338.793
copf_ce,10,121,277.407
copf_ce,10,122,182.046
copf_ce,10,123,289.059
copf_ce,10,124,200.504
copf_ce,10,125,362.461
copf_ce,10,126,264.189
copf_ce,10,127,191.936
copf_ce,10,128,398.507
copf_ce,10,129,250.002
copf_ce,10,130,398.995
copf_ce,10,131,327.828
copf_ce,10,132,259.357
copf_ce,10,133,193.69
copf_ce,10,134,414.047
copf_ce,10,135,328.871
copf_ce,10,136,271.076
copf_ce,10,137,207.089
copf_ce,10,138,338.815
copf_ce,10,139,273.463
copf_ce,10,140,171.478
copf_ce,10,141,388.201
copf_ce,10,142,307.317
copf_ce,10,143,216.107
copf_ce,10,144,418.251
copf_ce,10,145,342.892
copf_ce,10,146,281.527
copf_ce,10,147,232.122
copf_ce,10,148,208.094
copf_ce,10,149,377.021
pf_ce,11,0,1.22414
pf_ce,11,1,240.679
pf_ce,11,2,260.231
pf_ce,11,3,111.884
pf_ce,11,4,23.7311
pf_ce,11,5,245.148
pf_ce,11,6,29.9928
pf_ce,11,7,231.804
pf_ce,11,8,96.1077
pf_ce,11,9,207.118
pf_ce,11,10,255.167
pf_ce,11,11,101.602
pf_ce,11,12,170.578
pf_ce,11,13,77.6249
pf_ce,11,14,168.021
pf_ce,11,15,130.196
pf_ce,11,16,215.403
pf_ce,11,17,248.495
pf_ce,11,18,235.571
pf_ce,11,19,92.1471
pf_ce,11,20,74.4986
pf_ce,11,21,134.978
pf_ce,11,22,5.7205
pf_ce,11,23,84.0887
pf_ce,11,24,31.4268
pf_ce,11,25,160.801
pf_ce,11,26,148.788
pf_ce,11,27,76.3937
pf_ce,11,28,82.2434
pf_ce,11,29,55.1936
pf_ce,11,30,195.622
pf_ce,11,31,214.339
pf_ce,11,32,230.368
pf_ce,11,33,173.335
pf_ce,11,34,116.703
pf_ce,11,35,66.2897
pf_ce,11,36,231.909
pf_ce,11,37,231.833
pf_ce,11,38,21.4501
pf_ce,11,39,64.5899
pf_ce,11,40,174.535
pf_ce,11,41,110.801
pf_ce,11,42,184.176
pf_ce,11,43,1.98893
pf_ce,11,44,69.088
pf_ce,11,45,183.16
pf_ce,11,46,181.508
pf_ce,11,47,47.4343
pf_ce,11,48,212.232
pf_ce,11,49,168.309
pf_ce,11,50,104.598
pf_ce,11,51,8.98722
pf_ce,11,52,178.152
pf_ce,11,53,93.8381
pf_ce,11,54,135.897
pf_ce,11,55,24.4104
pf_ce,11,56,80.6693
pf_ce,11,57,170.823
pf_ce,11,58,186.104
pf_ce,11,59,170.25
pf_ce,11,60,11.7833
pf_ce,11,61,30.1062
pf_ce,11,62,58.2339
pf_ce,11,63,59.6656
pf_ce,11,64,95.8901
pf_ce,11,65,32.099
pf_ce,11,66,1.75075
pf_ce,11,67,65.6521
pf_ce,11,68,127.907
pf_ce,11,69,131.709
pf_ce,11,70,2.64565
pf_ce,11,71,8.59841
pf_ce,11,72,104.524
pf_ce,11,73,45.3269
pf_ce,11,74,112.429
pf_ce,11,75,108.62
pf_ce,11,76,64.7805
pf_ce,11,77,68.4741
pf_ce,11,78,190.617
pf_ce,11,79,177.334
pf_ce,11,80,127.284
pf_ce,11,81,60.903
pf_ce,11,82,77.5119
pf_ce,11,83,126.995
pf_ce,11,84,188.313
pf_ce,11,85,31.7372
pf_ce,11,86,36.0529
pf_ce,11,87,1
pf_ce,11,88,88.8802
pf_ce,11,89,41.9552
pf_ce,11,90,45.3178
pf_ce,11,91,91.7125
pf_ce,11,92,120.468
pf_ce,11,93,132.084
pf_ce,11,94,133.22
pf_ce,11,95,93.9618
pf_ce,11,96,112.64
pf_ce,11,97,57.3655
pf_ce,11,98,161.522
pf_ce,11,99,143.568
pf_ce,11,100,184.679
pf_ce,11,101,163.16
pf_ce,11,102,179.941
pf_ce,11,103,71.146
pf_ce,11,104,185.7
pf_ce,11,105,8.38153
pf_ce,11,106,62.0212
pf_ce,11,107,45.8543
pf_ce,11,108,148.174
pf_ce,11,109,121.706
pf_ce,11,110,207.744
pf_ce,11,111,220.275
pf_ce,11,112,59.1833
pf_ce,11,113,168.147
pf_ce,11,114,62.5708
pf_ce,11,115,145.457
pf_ce,11,116,202.549
pf_ce,11,117,225.112
pf_ce,11,118,211.296
pf_ce,11,119,193.417
pf_ce,11,120,256.733
pf_ce,11,121,129.251
pf_ce,11,122,47.1903
pf_ce,11,123,40.231
pf_ce,11,124,138.703
pf_ce,11,125,154.763
pf_ce,11,126,219.036
pf_ce,11,127,188.695
pf_ce,11,128,157.99
pf_ce,11,129,15.1319
pf_ce,11,130,175.077
pf_ce,11,131,201.28
pf_ce,11,132,199.334
pf_ce,11,133,149.459
pf_ce,11,134,225.231
pf_ce,11,135,252.052
pf_ce,11,136,162.517
pf_ce,11,137,79.5787
pf_ce,11,138,99.8047
pf_ce,11,139,148.14
pf_ce,11,140,14.5377
pf_ce,11,141,188.164
pf_ce,11,142,78.3779
pf_ce,11,143,97.9494
pf_ce,11,144,187.473
pf_ce,11,145,235.788
pf_ce,11,146,160.968
pf_ce,11,147,275.121
pf_ce,11,148,6.41148
pf_ce,11,149,126.524
copf_ce,11,0,2.01401
copf_ce,11,1,439.648
copf_ce,11,2,366.511
copf_ce,11,3,309.827
copf_ce,11,4,204.505
copf_ce,11,5,420.941
copf_ce,11,6,279.078
copf_ce,11,7,216.174
copf_ce,11,8,338.141
copf_ce,11,9,270.014
copf_ce,11,10,214.514
copf_ce,11,11,359.051
copf_ce,11,12,263.889
copf_ce,11,13,170.945
copf_ce,11,14,372.145
copf_ce,11,15,288.043
copf_ce,11,16,228.996
copf_ce,11,17,419.106
copf_ce,11,18,351.578
copf_ce,11,19,260.102
copf_ce,11,20,175.966
copf_ce,11,21,364.571
copf_ce,11,22,197.942
copf_ce,11,23,328.02
copf_ce,11,24,182.979
copf_ce,11,25,341.504
copf_ce,11,26,238.695
copf_ce,11,27,309.85
copf_ce,11,28,242.643
copf_ce,11,29,326.877
copf_ce,11,30,239.625
copf_ce,11,31,403.696
copf_ce,11,32,322.454
copf_ce,11,33,247.76
copf_ce,11,34,377.683
copf_ce,11,35,281.682
copf_ce,11,36,222.543
copf_ce,11,37,420.569
copf_ce,11,38,261.41
copf_ce,11,39,171.157
copf_ce,11,40,378.228
copf_ce,11,41,258.054
copf_ce,11,42,193.285
copf_ce,11,43,184.437
copf_ce,11,44,321.915
copf_ce,11,45,201.253
copf_ce,11,46,354.794
copf_ce,11,47,273.857
copf_ce,11,48,211.686
copf_ce,11,49,386.023
copf_ce,11,50,271.019
copf_ce,11,51,151.217
copf_ce,11,52,356.495
copf_ce,11,53,275.487
copf_ce,11,54,197.255
copf_ce,11,55,281.584
copf_ce,11,56,181.443
copf_ce,11,57,343.056
copf_ce,11,58,244.542
copf_ce,11,59,377.908
copf_ce,11,60,241.058
copf_ce,11,61,252.135
copf_ce,11,62,285.72
copf_ce,11,63,162.183
copf_ce,11,64,333.595
copf_ce,11,65,202.914
copf_ce,11,66,184.736
copf_ce,11,67,255.989
copf_ce,11,68,274.357
copf_ce,11,69,150.718
copf_ce,11,70,195.858
copf_ce,11,71,313.416
copf_ce,11,72,116.721
copf_ce,11,73,213.356
copf_ce,11,74,241.434
copf_ce,11,75,240.786
copf_ce,11,76,286.786
copf_ce,11,77,185.089
copf_ce,11,78,376.134
copf_ce,11,79,280.9
copf_ce,11,80,204.019
copf_ce,11,81,315.934
copf_ce,11,82,217.005
copf_ce,11,83,335.273
copf_ce,11,84,236.743
copf_ce,11,85,290.973
copf_ce,11,86,171.461
copf_ce,11,87,110.98
copf_ce,11,88,252.92
copf_ce,11,89,214.968
copf_ce,11,90,224.819
copf_ce,11,91,232.163
copf_ce,11,92,260.357
copf_ce,11,93,145.506
copf_ce,11,94,301.217
copf_ce,11,95,195.034
copf_ce,11,96,328.826
copf_ce,11,97,200.807
copf_ce,11,98,328.803
copf_ce,11,99,218.533
copf_ce,11,100,355.111
copf_ce,11,101,240.928
copf_ce,11,102,371.96
copf_ce,11,103,241.264
copf_ce,11,104,374.133
copf_ce,11,105,232.525
copf_ce,11,106,337.988
copf_ce,11,107,246.221
copf_ce,11,108,368.187
copf_ce,11,109,267.946
copf_ce,11,110,214.811
copf_ce,11,111,401.689
copf_ce,11,112,258.975
copf_ce,11,113,191.197
copf_ce,11,114,333.849
copf_ce,11,115,236.511
copf_ce,11,116,386.287
copf_ce,11,117,303.548
copf_ce,11,118,247.745
copf_ce,11,119,414.594
copf_ce,11,120,336.569
copf_ce,11,121,271.742
copf_ce,11,122,188.131
copf_ce,11,123,300.62
copf_ce,11,124,211.577
copf_ce,11,125,374.51
copf_ce,11,126,286.786
copf_ce,11,127,219.312
copf_ce,11,128,403.563
copf_ce,11,129,246.065
copf_ce,11,130,398.387
copf_ce,11,131,323.126
copf_ce,11,132,248.368
copf_ce,11,133,374.475
copf_ce,11,134,292.41
copf_ce,11,135,239.539
copf_ce,11,136,394.365
copf_ce,11,137,275.068
copf_ce,11,138,179.356
copf_ce,11,139,389.562
copf_ce,11,140,250.902
copf_ce,11,141,377.624
copf_ce,11,142,299.244
copf_ce,11,143,210.463
copf_ce,11,144,398.925
copf_ce,11,145,326.019
copf_ce,11,146,251.271
copf_ce,11,147,440.764
copf_ce,11,148,267.026
copf_ce,11,149,193.783
pf_ce,12,0,2.2395
pf_ce,12,1,243.812
pf_ce,12,2,258.705
pf_ce,12,3,122.5
pf_ce,12,4,23.7514
pf_ce,12,5,250.759
pf_ce,12,6,24.8686
pf_ce,12,7,223.254
pf_ce,12,8,73.519
pf_ce,12,9,200.106
pf_ce,12,10,235.272
pf_ce,12,11,93.3861
pf_ce,12,12,175.557
pf_ce,12,13,70.8686
pf_ce,12,14,189.404
pf_ce,12,15,104.5
pf_ce,12,16,219.379
pf_ce,12,17,242.536
pf_ce,12,18,213.755
pf_ce,12,19,108.136
pf_ce,12,20,69.5874
pf_ce,12,21,138.998
pf_ce,12,22,10.8115
pf_ce,12,23,74.4301
pf_ce,12,24,26.8764
pf_ce,12,25,168.781
pf_ce,12,26,151.022
pf_ce,12,27,81.3175
pf_ce,12,28,79.0305
pf_ce,12,29,60.4278
pf_ce,12,30,210.903
pf_ce,12,31,222.204
pf_ce,12,32,228.518
pf_ce,12,33,174.093
pf_ce,12,34,131.938
pf_ce,12,35,61.2584
pf_ce,12,36,235.071
pf_ce,12,37,216.74
pf_ce,12,38,12.5662
pf_ce,12,39,72.4024
pf_ce,12,40,185.296
pf_ce,12,41,119.125
pf_ce,12,42,195.53
pf_ce,12,43,2.07118
pf_ce,12,44,135.695
pf_ce,12,45,164.652
pf_ce,12,46,168.792
pf_ce,12,47,43.6238
pf_ce,12,48,206.93
pf_ce,12,49,185.079
pf_ce,12,50,89.56
pf_ce,12,51,9.95778
pf_ce,12,52,141.681
pf_ce,12,53,94.422
pf_ce,12,54,117.029
pf_ce,12,55,23.8802
pf_ce,12,56,65.72
pf_ce,12,57,154.409
pf_ce,12,58,177.618
pf_ce,12,59,181.352
pf_ce,12,60,17.0319
pf_ce,12,61,23.7964
pf_ce,12,62,51.5951
pf_ce,12,63,61.8233
pf_ce,12,64,85.64
pf_ce,12,65,39.0919
pf_ce,12,66,2.54463
pf_ce,12,67,48.6354
pf_ce,12,68,125.901
pf_ce,12,69,142.075
pf_ce,12,70,1.18374
pf_ce,12,71,6.9655
pf_ce,12,72,101.153
pf_ce,12,73,46.1089
pf_ce,12,74,111.483
pf_ce,12,75,96.8677
pf_ce,12,76,59.9446
pf_ce,12,77,64.7822
pf_ce,12,78,176.199
pf_ce,12,79,167.26
pf_ce,12,80,109.429
pf_ce,12,81,68.4634
pf_ce,12,82,97.7687
pf_ce,12,83,128.823
pf_ce,12,84,191.851
pf_ce,12,85,19.5042
pf_ce,12,86,43.6193
pf_ce,12,87,1
pf_ce,12,88,63.9472
pf_ce,12,89,36.8327
pf_ce,12,90,47.7792
pf_ce,12,91,94.337
pf_ce,12,92,124.573
pf_ce,12,93,118.394
pf_ce,12,94,136.892
pf_ce,12,95,100.897
pf_ce,12,96,110.176
pf_ce,12,97,50.9771
pf_ce,12,98,168.973
pf_ce,12,99,136.679
pf_ce,12,100,188.882
pf_ce,12,101,158.232
pf_ce,12,102,205.372
pf_ce,12,103,62.3629
pf_ce,12,104,186.731
pf_ce,12,105,7.74924
pf_ce,12,106,70.9032
pf_ce,12,107,47.1089
pf_ce,12,108,143.743
pf_ce,12,109,120.81
pf_ce,12,110,189.035
pf_ce,12,111,204.431
pf_ce,12,112,55.8966
pf_ce,12,113,159.579
pf_ce,12,114,73.1518
pf_ce,12,115,150.049
pf_ce,12,116,187.53
pf_ce,12,117,217.249
pf_ce,12,118,215.002
pf_ce,12,119,176.212
pf_ce,12,120,252.25
pf_ce,12,121,241.307
pf_ce,12,122,48.7772
pf_ce,12,123,41.9102
pf_ce,12,124,136.928
pf_ce,12,125,144.498
pf_ce,12,126,221.339
pf_ce,12,127,205.398
pf_ce,12,128,172.8
pf_ce,12,129,9.27772
pf_ce,12,130,163.436
pf_ce,12,131,200.891
pf_ce,12,132,174.084
pf_ce,12,133,138.611
pf_ce,12,134,223.18
pf_ce,12,135,228.594
pf_ce,12,136,168.286
pf_ce,12,137,78.8184
pf_ce,12,138,95.7094
pf_ce,12,139,155.914
pf_ce,12,140,14.0409
pf_ce,12,141,188.842
pf_ce,12,142,70.0001
pf_ce,12,143,87.2188
pf_ce,12,144,196.54
pf_ce,12,145,217.266
pf_ce,12,146,183.063
pf_ce,12,147,269.856
pf_ce,12,148,6.90751
pf_ce,12,149,145.047
copf_ce,12,0,3.37729
copf_ce,12,1,439.025
copf_ce,12,2,364.927
copf_ce,12,3,305.144
copf_ce,12,4,190.646
copf_ce,12,5,418.269
copf_ce,12,6,267.296
copf_ce,12,7,206.28
copf_ce,12,8,333.288
copf_ce,12,9,252.836
copf_ce,12,10,413.886
copf_ce,12,11,292.123
copf_ce,12,12,208.255
copf_ce,12,13,333.853
copf_ce,12,14,241.468
copf_ce,12,15,384.905
copf_ce,12,16,304.739
copf_ce,12,17,231.176
copf_ce,12,18,410.596
copf_ce,12,19,304.468
copf_ce,12,20,208.348
copf_ce,12,21,362.986
copf_ce,12,22,215.731
copf_ce,12,23,321.565
copf_ce,12,24,183.351
copf_ce,12,25,343.073
copf_ce,12,26,251.162
copf_ce,12,27,340.771
copf_ce,12,28,258.158
copf_ce,12,29,176.318
copf_ce,12,30,399.927
copf_ce,12,31,313.091
copf_ce,12,32,250.51
copf_ce,12,33,390.64
copf_ce,12,34,309.889
copf_ce,12,35,220.111
copf_ce,12,36,412.133
copf_ce,12,37,321.01
copf_ce,12,38,221.053
copf_ce,12,39,322.13
copf_ce,12,40,225.995
copf_ce,12,41,336.205
copf_ce,12,42,252.869
copf_ce,12,43,180.51
copf_ce,12,44,321.836
copf_ce,12,45,198.081
copf_ce,12,46,349.526
copf_ce,12,47,263.092
copf_ce,12,48,205.442
copf_ce,12,49,392.657
copf_ce,12,50,268.35
copf_ce,12,51,168.658
copf_ce,12,52,352.821
copf_ce,12,53,270.471
copf_ce,12,54,200.948
copf_ce,12,55,257.081
copf_ce,12,56,162.256
copf_ce,12,57,341.733
copf_ce,12,58,241.381
copf_ce,12,59,383.859
copf_ce,12,60,227.598
copf_ce,12,61,251.876
copf_ce,12,62,284.694
copf_ce,12,63,174.482
copf_ce,12,64,336.563
copf_ce,12,65,199.101
copf_ce,12,66,184.811
copf_ce,12,67,253.888
copf_ce,12,68,277.557
copf_ce,12,69,154.481
copf_ce,12,70,189.646
copf_ce,12,71,329.904
copf_ce,12,72,135.152
copf_ce,12,73,235.046
copf_ce,12,74,232.712
copf_ce,12,75,248.044
copf_ce,12,76,299.439
copf_ce,12,77,185.654
copf_ce,12,78,380.848
copf_ce,12,79,303.091
copf_ce,12,80,209.836
copf_ce,12,81,321.142
copf_ce,12,82,218.927
copf_ce,12,83,331.436
copf_ce,12,84,234.067
copf_ce,12,85,265.079
copf_ce,12,86,168.051
copf_ce,12,87,118.367
copf_ce,12,88,264.302
copf_ce,12,89,120.17
copf_ce,12,90,211.311
copf_ce,12,91,234.763
copf_ce,12,92,278.736
copf_ce,12,93,144.478
copf_ce,12,94,281.52
copf_ce,12,95,184.936
copf_ce,12,96,326.563
copf_ce,12,97,193.243
copf_ce,12,98,341.935
copf_ce,12,99,226.367
copf_ce,12,100,361.495
copf_ce,12,101,242.725
copf_ce,12,102,377.472
copf_ce,12,103,237.718
copf_ce,12,104,368.373
copf_ce,12,105,218.045
copf_ce,12,106,336.811
copf_ce,12,107,220.458
copf_ce,12,108,371.69
copf_ce,12,109,268.558
copf_ce,12,110,205.196
copf_ce,12,111,397.285
copf_ce,12,112,281.075
copf_ce,12,113,200.555
copf_ce,12,114,322.618
copf_ce,12,115,240.595
copf_ce,12,116,390.282
copf_ce,12,117,294.484
copf_ce,12,118,241.449
copf_ce,12,119,414.152
copf_ce,12,120,342.156
copf_ce,12,121,273.611
copf_ce,12,122,191.316
copf_ce,12,123,293.104
copf_ce,12,124,223.069
copf_ce,12,125,368.316
copf_ce,12,126,271.405
copf_ce,12,127,203.88
copf_ce,12,128,402.821
copf_ce,12,129,254.083
copf_ce,12,130,393.385
copf_ce,12,131,319.873
copf_ce,12,132,253.882
copf_ce,12,133,371.93
copf_ce,12,134,292.156
copf_ce,12,135,229.092
copf_ce,12,136,387.701
copf_ce,12,137,273.157
copf_ce,12,138,193.457
copf_ce,12,139,395.628
copf_ce,12,140,250.897
copf_ce,12,141,384.318
copf_ce,12,142,307.504
copf_ce,12,143,231.016
copf_ce,12,144,406.739
copf_ce,12,145,327.382
copf_ce,12,146,258.606
copf_ce,12,147,214.354
copf_ce,12,148,212.674
copf_ce,12,149,372.817
pf_ce,13,0,1.00561
pf_ce,13,1,271.598
pf_ce,13,2,142.542
pf_ce,13,3,242.332
pf_ce,13,4,28.5826
pf_ce,13,5,222.883
pf_ce,13,6,39.3614
pf_ce,13,7,218.797
pf_ce,13,8,86.6698
pf_ce,13,9,192.143
pf_ce,13,10,232.248
pf_ce,13,11,88.9999
pf_ce,13,12,169.865
pf_ce,13,13,76.3445
pf_ce,13,14,184.334
pf_ce,13,15,126.874
pf_ce,13,16,228.434
pf_ce,13,17,227.987
pf_ce,13,18,228.542
pf_ce,13,19,102.155
pf_ce,13,20,53.3677
pf_ce,13,21,141.562
pf_ce,13,22,2.96037
pf_ce,13,23,74.1061
pf_ce,13,24,26.6057
pf_ce,13,25,171.382
pf_ce,13,26,160.327
pf_ce,13,27,89.9278
pf_ce,13,28,90.5852
pf_ce,13,29,63.4403
pf_ce,13,30,210.757
pf_ce,13,31,215.319
pf_ce,13,32,224.817
pf_ce,13,33,174.601
pf_ce,13,34,129.567
pf_ce,13,35,63.0035
pf_ce,13,36,231.213
pf_ce,13,37,237.926
pf_ce,13,38,29.3405
pf_ce,13,39,62.1882
pf_ce,13,40,195.157
pf_ce,13,41,96.0161
pf_ce,13,42,201.345
pf_ce,13,43,2.4714
pf_ce,13,44,70.4475
pf_ce,13,45,175.894
pf_ce,13,46,185.262
pf_ce,13,47,45.5864
pf_ce,13,48,204.696
pf_ce,13,49,189.272
pf_ce,13,50,93.7806
pf_ce,13,51,5.28525
pf_ce,13,52,153.537
pf_ce,13,53,88.1417
pf_ce,13,54,117.982
pf_ce,13,55,24.4547
pf_ce,13,56,64.8029
pf_ce,13,57,156.284
pf_ce,13,58,149.659
pf_ce,13,59,172.541
pf_ce,13,60,15.3341
pf_ce,13,61,20.8324
pf_ce,13,62,56.5542
pf_ce,13,63,85.3199
pf_ce,13,64,95.8109
pf_ce,13,65,35.8728
pf_ce,13,66,1.03178
pf_ce,13,67,46.0563
pf_ce,13,68,126.322
pf_ce,13,69,142.404
pf_ce,13,70,1.09372
pf_ce,13,71,8.1688
pf_ce,13,72,78.5948
pf_ce,13,73,43.9448
pf_ce,13,74,107.33
pf_ce,13,75,97.5632
pf_ce,13,76,78.7422
pf_ce,13,77,83.3702
pf_ce,13,78,194.249
pf_ce,13,79,156.98
pf_ce,13,80,124.799
pf_ce,13,81,54.4106
pf_ce,13,82,84.943
pf_ce,13,83,111.812
pf_ce,13,84,202.852
pf_ce,13,85,21.7978
pf_ce,13,86,27.8223
pf_ce,13,87,1.11662
pf_ce,13,88,71.1841
pf_ce,13,89,32.7303
pf_ce,13,90,42.3441
pf_ce,13,91,85.7748
pf_ce,13,92,116.323
pf_ce,13,93,125.946
pf_ce,13,94,141.065
pf_ce,13,95,111.556
pf_ce,13,96,123.401
pf_ce,13,97,65.6421
pf_ce,13,98,154.978
pf_ce,13,99,145.94
pf_ce,13,100,180.311
pf_ce,13,101,137.949
pf_ce,13,102,191.635
pf_ce,13,103,61.5316
pf_ce,13,104,198.546
pf_ce,13,105,11.6881
pf_ce,13,106,66.4673
pf_ce,13,107,44.0522
pf_ce,13,108,156.369
pf_ce,13,109,125.235
pf_ce,13,110,208.602
pf_ce,13,111,229.48
pf_ce,13,112,59.197
pf_ce,13,113,159.71
pf_ce,13,114,66.0493
pf_ce,13,115,164.845
pf_ce,13,116,176.633
pf_ce,13,117,208.735
pf_ce,13,118,216.698
pf_ce,13,119,175.868
pf_ce,13,120,237.971
pf_ce,13,121,258.475
pf_ce,13,122,23.0988
pf_ce,13,123,30.9881
pf_ce,13,124,154.268
pf_ce,13,125,144.691
pf_ce,13,126,210.511
pf_ce,13,127,188.235
pf_ce,13,128,184.442
pf_ce,13,129,11.1815
pf_ce,13,130,166.641
pf_ce,13,131,206.58
pf_ce,13,132,184.955
pf_ce,13,133,152.156
pf_ce,13,134,212.405
pf_ce,13,135,229.818
pf_ce,13,136,168.569
pf_ce,13,137,73.7514
pf_ce,13,138,104.394
pf_ce,13,139,151.237
pf_ce,13,140,21.7246
pf_ce,13,141,185.581
pf_ce,13,142,59.728
pf_ce,13,143,96.0019
pf_ce,13,144,179.76
pf_ce,13,145,215.553
pf_ce,13,146,162.297
pf_ce,13,147,269.226
pf_ce,13,148,8.64653
pf_ce,13,149,91.2332
copf_ce,13,0,6.00123
copf_ce,13,1,441.442
copf_ce,13,2,370.181
copf_ce,13,3,306
copf_ce,13,4,201.918
copf_ce,13,5,415.352
copf_ce,13,6,268.473
copf_ce,13,7,205.196
copf_ce,13,8,351.588
copf_ce,13,9,273.062
copf_ce,13,10,218.574
copf_ce,13,11,347.487
copf_ce,13,12,253.249
copf_ce,13,13,319.834
copf_ce,13,14,233.081
copf_ce,13,15,373.664
copf_ce,13,16,304.455
copf_ce,13,17,244.247
copf_ce,13,18,423.671
copf_ce,13,19,327.387
copf_ce,13,20,234.315
copf_ce,13,21,362.64
copf_ce,13,22,198.184
copf_ce,13,23,328.518
copf_ce,13,24,186.87
copf_ce,13,25,340.81
copf_ce,13,26,241.091
copf_ce,13,27,310.277
copf_ce,13,28,227.909
copf_ce,13,29,311.587
copf_ce,13,30,237.06
copf_ce,13,31,411.401
copf_ce,13,32,327.051
copf_ce,13,33,245.966
copf_ce,13,34,374.133
copf_ce,13,35,289.632
copf_ce,13,36,227.133
copf_ce,13,37,425.356
copf_ce,13,38,260.813
copf_ce,13,39,176.291
copf_ce,13,40,365.531
copf_ce,13,41,245.968
copf_ce,13,42,389.045
copf_ce,13,43,225.022
copf_ce,13,44,331.979
copf_ce,13,45,219.602
copf_ce,13,46,353.615
copf_ce,13,47,267.811
copf_ce,13,48,208.012
copf_ce,13,49,411.283
copf_ce,13,50,298.69
copf_ce,13,51,187.012
copf_ce,13,52,367.02
copf_ce,13,53,274.342
copf_ce,13,54,195.531
copf_ce,13,55,267.705
copf_ce,13,56,153.259
copf_ce,13,57,337.759
copf_ce,13,58,240.612
copf_ce,13,59,379.914
copf_ce,13,60,224.382
copf_ce,13,61,271.35
copf_ce,13,62,140.766
copf_ce,13,63,276.316
copf_ce,13,64,187.502
copf_ce,13,65,274.745
copf_ce,13,66,128.777
copf_ce,13,67,248.687
copf_ce,13,68,246.934
copf_ce,13,69,280.589
copf_ce,13,70,120.442
copf_ce,13,71,313.67
copf_ce,13,72,116.413
copf_ce,13,73,211.922
copf_ce,13,74,246.676
copf_ce,13,75,250.406
copf_ce,13,76,278.842
copf_ce,13,77,179.771
copf_ce,13,78,382.959
copf_ce,13,79,298.775
copf_ce,13,80,199.706
copf_ce,13,81,317.125
copf_ce,13,82,219.287
copf_ce,13,83,331.561
copf_ce,13,84,224.804
copf_ce,13,85,285.428
copf_ce,13,86,161.49
copf_ce,13,87,145.529
copf_ce,13,88,265.723
copf_ce,13,89,121.873
copf_ce,13,90,210.659
copf_ce,13,91,255.893
copf_ce,13,92,272.837
copf_ce,13,93,144.348
copf_ce,13,94,296.538
copf_ce,13,95,187.225
copf_ce,13,96,317.093
copf_ce,13,97,193.014
copf_ce,13,98,347.732
copf_ce,13,99,244.568
copf_ce,13,100,360.428
copf_ce,13,101,248.795
copf_ce,13,102,360.206
copf_ce,13,103,222.24
copf_ce,13,104,370.742
copf_ce,13,105,217.553
copf_ce,13,106,330.852
copf_ce,13,107,222.163
copf_ce,13,108,383.439
copf_ce,13,109,277.85
copf_ce,13,110,204.644
copf_ce,13,111,407.642
copf_ce,13,112,284.243
copf_ce,13,113,208.983
copf_ce,13,114,324.272
copf_ce,13,115,215.039
copf_ce,13,116,379.039
copf_ce,13,117,283.308
copf_ce,13,118,232.541
copf_ce,13,119,410.339
copf_ce,13,120,341.058
copf_ce,13,121,280.771
copf_ce,13,122,199.331
copf_ce,13,123,308.501
copf_ce,13,124,212.826
copf_ce,13,125,376.554
copf_ce,13,126,283.887
copf_ce,13,127,220.417
copf_ce,13,128,405.355
copf_ce,13,129,269.759
copf_ce,13,130,209.062
copf_ce,13,131,425.105
copf_ce,13,132,345.336
copf_ce,13,133,269.996
copf_ce,13,134,213.868
copf_ce,13,135,437.205
copf_ce,13,136,343.121
copf_ce,13,137,242.077
copf_ce,13,138,341.205
copf_ce,13,139,273.271
copf_ce,13,140,174.928
copf_ce,13,141,378.667
copf_ce,13,142,294.26
copf_ce,13,143,210.036
copf_ce,13,144,409.667
copf_ce,13,145,338.302
copf_ce,13,146,271.654
copf_ce,13,147,233.618
copf_ce,13,148,208.884
copf_ce,13,149,366.053
pf_ce,14,0,2.37207
pf_ce,14,1,252.368
pf_ce,14,2,255.025
pf_ce,14,3,269.958
pf_ce,14,4,18.2578
pf_ce,14,5,227.085
pf_ce,14,6,30.6423
pf_ce,14,7,228.504
pf_ce,14,8,93.6304
pf_ce,14,9,196.779
pf_ce,14,10,216.296
pf_ce,14,11,96.5696
pf_ce,14,12,165.656
pf_ce,14,13,75.9645
pf_ce,14,14,159.079
pf_ce,14,15,121.573
pf_ce,14,16,218.57
pf_ce,14,17,252.112
pf_ce,14,18,222.458
pf_ce,14,19,125.405
pf_ce,14,20,65.9914
pf_ce,14,21,146.374
pf_ce,14,22,6.51118
pf_ce,14,23,91.6939
pf_ce,14,24,20.0267
pf_ce,14,25,162.774
pf_ce,14,26,149.069
pf_ce,14,27,70.9662
pf_ce,14,28,87.4933
pf_ce,14,29,56.8637
pf_ce,14,30,207.73
pf_ce,14,31,226.106
pf_ce,14,32,235.339
pf_ce,14,33,174.281
pf_ce,14,34,122.453
pf_ce,14,35,63.6844
pf_ce,14,36,234.098
pf_ce,14,37,247.317
pf_ce,14,38,23.8443
pf_ce,14,39,64.4614
pf_ce,14,40,175.048
pf_ce,14,41,105.115
pf_ce,14,42,214.462
pf_ce,14,43,1.01558
pf_ce,14,44,121.821
pf_ce,14,45,162.832
pf_ce,14,46,166.544
pf_ce,14,47,48.0142
pf_ce,14,48,231.453
pf_ce,14,49,176.232
pf_ce,14,50,95.3191
pf_ce,14,51,9.28154
pf_ce,14,52,160.055
pf_ce,14,53,82.2558
pf_ce,14,54,133.987
pf_ce,14,55,20.1732
pf_ce,14,56,55.8836
pf_ce,14,57,153.747
pf_ce,14,58,169.156
pf_ce,14,59,185.593
pf_ce,14,60,13.3341
pf_ce,14,61,23.9528
pf_ce,14,62,51.1892
pf_ce,14,63,67.4906
pf_ce,14,64,87.6
pf_ce,14,65,29.5823
pf_ce,14,66,1.61219
pf_ce,14,67,75.2022
pf_ce,14,68,120.979
pf_ce,14,69,117.778
pf_ce,14,70,1.53163
pf_ce,14,71,9.80214
pf_ce,14,72,92.4762
pf_ce,14,73,47.1966
pf_ce,14,74,113.133
pf_ce,14,75,119.526
pf_ce,14,76,61.3567
pf_ce,14,77,71.5433
pf_ce,14,78,186.689
pf_ce,14,79,168.099
pf_ce,14,80,111.344
pf_ce,14,81,65.5949
pf_ce,14,82,94.0495
pf_ce,14,83,129.683
pf_ce,14,84,201.184
pf_ce,14,85,22.5256
pf_ce,14,86,37.2047
pf_ce,14,87,1.00275
pf_ce,14,88,52.2605
pf_ce,14,89,29.5908
pf_ce,14,90,42.1556
pf_ce,14,91,99.3233
pf_ce,14,92,126.171
pf_ce,14,93,128.806
pf_ce,14,94,139.926
pf_ce,14,95,104.702
pf_ce,14,96,124.173
pf_ce,14,97,56.6572
pf_ce,14,98,175.689
pf_ce,14,99,143.915
pf_ce,14,100,188.758
pf_ce,14,101,147.133
pf_ce,14,102,189.71
pf_ce,14,103,56.8914
pf_ce,14,104,188.228
pf_ce,14,105,8.99928
pf_ce,14,106,71.6467
pf_ce,14,107,45.7534
pf_ce,14,108,125.566
pf_ce,14,109,127.777
pf_ce,14,110,186.085
pf_ce,14,111,213.713
pf_ce,14,112,57.6437
pf_ce,14,113,164.88
pf_ce,14,114,60.9858
pf_ce,14,115,157.979
pf_ce,14,116,181.664
pf_ce,14,117,204.959
pf_ce,14,118,224.188
pf_ce,14,119,165.142
pf_ce,14,120,247.319
pf_ce,14,121,237.853
pf_ce,14,122,48.8099
pf_ce,14,123,40.5581
pf_ce,14,124,150.365
pf_ce,14,125,155.325
pf_ce,14,126,223.851
pf_ce,14,127,192.89
pf_ce,14,128,166.664
pf_ce,14,129,8.48855
pf_ce,14,130,181.162
pf_ce,14,131,236.724
pf_ce,14,132,185.931
pf_ce,14,133,138.682
pf_ce,14,134,218.182
pf_ce,14,135,247.586
pf_ce,14,136,170.893
pf_ce,14,137,85.9098
pf_ce,14,138,93.3938
pf_ce,14,139,156.333
pf_ce,14,140,18.8487
pf_ce,14,141,186.275
pf_ce,14,142,73.0559
pf_ce,14,143,96.6699
pf_ce,14,144,211.921
pf_ce,14,145,230.079
pf_ce,14,146,157.287
pf_ce,14,147,271.486
pf_ce,14,148,1.55625
pf_ce,14,149,135.175
copf_ce,14,0,4.54221
copf_ce,14,1,442.788
copf_ce,14,2,381.255
copf_ce,14,3,309.468
copf_ce,14,4,210.574
copf_ce,14,5,428.593
copf_ce,14,6,277.705
copf_ce,14,7,214.28
copf_ce,14,8,341.564
copf_ce,14,9,268.903
copf_ce,14,10,212.597
copf_ce,14,11,343.071
copf_ce,14,12,247.71
copf_ce,14,13,343.596
copf_ce,14,14,250.875
copf_ce,14,15,380.488
copf_ce,14,16,302.915
copf_ce,14,17,246.749
copf_ce,14,18,423.729
copf_ce,14,19,327.402
copf_ce,14,20,219.833
copf_ce,14,21,369.838
copf_ce,14,22,211.558
copf_ce,14,23,307.407
copf_ce,14,24,177.464
copf_ce,14,25,328.404
copf_ce,14,26,225.884
copf_ce,14,27,327.322
copf_ce,14,28,242.056
copf_ce,14,29,314.139
copf_ce,14,30,230.723
copf_ce,14,31,398.91
copf_ce,14,32,315.623
copf_ce,14,33,242.115
copf_ce,14,34,385.053
copf_ce,14,35,285.214
copf_ce,14,36,223.54
copf_ce,14,37,419.216
copf_ce,14,38,257.443
copf_ce,14,39,169.506
copf_ce,14,40,370.46
copf_ce,14,41,262.255
copf_ce,14,42,190.628
copf_ce,14,43,161.941
copf_ce,14,44,311.3
copf_ce,14,45,190.715
copf_ce,14,46,347.658
copf_ce,14,47,268.438
copf_ce,14,48,213.189
copf_ce,14,49,399.332
copf_ce,14,50,282.473
copf_ce,14,51,174.916
copf_ce,14,52,355.809
copf_ce,14,53,276.561
copf_ce,14,54,207.959
copf_ce,14,55,265.368
copf_ce,14,56,154.098
copf_ce,14,57,356.426
copf_ce,14,58,244.913
copf_ce,14,59,386.424
copf_ce,14,60,249.346
copf_ce,14,61,252.774
copf_ce,14,62,282.632
copf_ce,14,63,166.788
copf_ce,14,64,321.565
copf_ce,14,65,196.12
copf_ce,14,66,153.423
copf_ce,14,67,266.549
copf_ce,14,68,128.481
copf_ce,14,69,278.988
copf_ce,14,70,123.113
copf_ce,14,71,317.609
copf_ce,14,72,127.403
copf_ce,14,73,219.699
copf_ce,14,74,229.32
copf_ce,14,75,255.338
copf_ce,14,76,282.652
copf_ce,14,77,190.988
copf_ce,14,78,368.346
copf_ce,14,79,283.157
copf_ce,14,80,206.248
copf_ce,14,81,316.255
copf_ce,14,82,213.141
copf_ce,14,83,335.711
copf_ce,14,84,238.685
copf_ce,14,85,274.828
copf_ce,14,86,159.263
copf_ce,14,87,126.58
copf_ce,14,88,263.557
copf_ce,14,89,122.842
copf_ce,14,90,236.473
copf_ce,14,91,241.204
copf_ce,14,92,250.757
copf_ce,14,93,290.413
copf_ce,14,94,161.74
copf_ce,14,95,319.831
copf_ce,14,96,196.558
copf_ce,14,97,285.515
copf_ce,14,98,192.515
copf_ce,14,99,324.823
copf_ce,14,100,220.967
copf_ce,14,101,351.028
copf_ce,14,102,235.124
copf_ce,14,103,306.116
copf_ce,14,104,221.128
copf_ce,14,105,227.789
copf_ce,14,106,345.348
copf_ce,14,107,216.596
copf_ce,14,108,380.069
copf_ce,14,109,267.163
copf_ce,14,110,200.159
copf_ce,14,111,394.955
copf_ce,14,112,266.314
copf_ce,14,113,198.715
copf_ce,14,114,314.902
copf_ce,14,115,211.725
copf_ce,14,116,371.871
copf_ce,14,117,280.148
copf_ce,14,118,239.611
copf_ce,14,119,401.539
copf_ce,14,120,334.876
copf_ce,14,121,266.829
copf_ce,14,122,177.075
copf_ce,14,123,306.24
copf_ce,14,124,223.359
copf_ce,14,125,382.81
copf_ce,14,126,280.861
copf_ce,14,127,208.369
copf_ce,14,128,404.165
copf_ce,14,129,265.593
copf_ce,14,130,207.159
copf_ce,14,131,413.34
copf_ce,14,132,329.312
copf_ce,14,133,239.444
copf_ce,14,134,402.664
copf_ce,14,135,321.238
copf_ce,14,136,245.619
copf_ce,14,137,328.957
copf_ce,14,138,227.308
copf_ce,14,139,386.108
copf_ce,14,140,239.294
copf_ce,14,141,382.569
copf_ce,14,142,294.194
copf_ce,14,143,230.481
copf_ce,14,144,408.005
copf_ce,14,145,337.54
copf_ce,14,146,270.292
copf_ce,14,147,221.281
copf_ce,14,148,191.788
copf_ce,14,149,372.372
pf_ce,15,0,2.28634
pf_ce,15,1,247.161
pf_ce,15,2,277.415
pf_ce,15,3,128.6
pf_ce,15,4,27.7772
pf_ce,15,5,237.697
pf_ce,15,6,30.6342
pf_ce,15,7,224.268
pf_ce,15,8,81.5598
pf_ce,15,9,188.234
pf_ce,15,10,255.514
pf_ce,15,11,95.2646
pf_ce,15,12,169.988
pf_ce,15,13,77.787
pf_ce,15,14,187.643
pf_ce,15,15,119.242
pf_ce,15,16,240.237
pf_ce,15,17,248.232
pf_ce,15,18,229.842
pf_ce,15,19,106.205
pf_ce,15,20,71.0699
pf_ce,15,21,134.847
pf_ce,15,22,5.36379
pf_ce,15,23,65.5561
pf_ce,15,24,27.4394
pf_ce,15,25,172.939
pf_ce,15,26,139.007
pf_ce,15,27,83.7067
pf_ce,15,28,82.9773
pf_ce,15,29,51.5177
pf_ce,15,30,200.178
pf_ce,15,31,217.086
pf_ce,15,32,233.281
pf_ce,15,33,170.622
pf_ce,15,34,128.964
pf_ce,15,35,70.702
pf_ce,15,36,247.236
pf_ce,15,37,242.526
pf_ce,15,38,18.0972
pf_ce,15,39,56.0572
pf_ce,15,40,166.148
pf_ce,15,41,120.562
pf_ce,15,42,204.3
pf_ce,15,43,1.69798
pf_ce,15,44,123.692
pf_ce,15,45,174.627
pf_ce,15,46,167.134
pf_ce,15,47,51.7895
pf_ce,15,48,229.972
pf_ce,15,49,183.122
pf_ce,15,50,86.4313
pf_ce,15,51,8.52228
pf_ce,15,52,158.78
pf_ce,15,53,93.2701
pf_ce,15,54,143.49
pf_ce,15,55,19.1381
pf_ce,15,56,64.4737
pf_ce,15,57,140.518
pf_ce,15,58,186.517
pf_ce,15,59,184.756
pf_ce,15,60,11.4589
pf_ce,15,61,28.442
pf_ce,15,62,69.749
pf_ce,15,63,71.9664
pf_ce,15,64,86.684
pf_ce,15,65,41.1977
pf_ce,15,66,1.03943
pf_ce,15,67,78.3976
pf_ce,15,68,130.031
pf_ce,15,69,132.641
pf_ce,15,70,1.78853
pf_ce,15,71,5.76739
pf_ce,15,72,108.145
pf_ce,15,73,38.2697
pf_ce,15,74,108.921
pf_ce,15,75,114.923
pf_ce,15,76,55.55
pf_ce,15,77,74.9852
pf_ce,15,78,190.706
pf_ce,15,79,171.404
pf_ce,15,80,122.464
pf_ce,15,81,64.6267
pf_ce,15,82,75.8423
pf_ce,15,83,124.871
pf_ce,15,84,194.929
pf_ce,15,85,18.3782
pf_ce,15,86,41.1895
pf_ce,15,87,1.00006
pf_ce,15,88,79.4802
pf_ce,15,89,34.2583
pf_ce,15,90,39.8508
pf_ce,15,91,87.5418
pf_ce,15,92,121.014
pf_ce,15,93,126.811
pf_ce,15,94,142.119
pf_ce,15,95,100.807
pf_ce,15,96,111.382
pf_ce,15,97,52.7545
pf_ce,15,98,173.335
pf_ce,15,99,134.663
pf_ce,15,100,193.43
pf_ce,15,101,168.189
pf_ce,15,102,189.878
pf_ce,15,103,62.0749
pf_ce,15,104,187.978
pf_ce,15,105,9.58023
pf_ce,15,106,74.8158
pf_ce,15,107,44.1996
pf_ce,15,108,146.808
pf_ce,15,109,143.143
pf_ce,15,110,201.457
pf_ce,15,111,217.962
pf_ce,15,112,42.7988
pf_ce,15,113,162.298
pf_ce,15,114,63.2504
pf_ce,15,115,141.933
pf_ce,15,116,200.674
pf_ce,15,117,221.05
pf_ce,15,118,236.304
pf_ce,15,119,187.554
pf_ce,15,120,250.761
pf_ce,15,121,226.143
pf_ce,15,122,44.8577
pf_ce,15,123,47.116
pf_ce,15,124,146.76
pf_ce,15,125,167.44
pf_ce,15,126,221.302
pf_ce,15,127,195.286
pf_ce,15,128,168.667
pf_ce,15,129,10.8602
pf_ce,15,130,177.984
pf_ce,15,131,208.568
pf_ce,15,132,191.986
pf_ce,15,133,152.211
pf_ce,15,134,221.046
pf_ce,15,135,250.909
pf_ce,15,136,172.178
pf_ce,15,137,77.2612
pf_ce,15,138,96.7551
pf_ce,15,139,148.664
pf_ce,15,140,20.2305
pf_ce,15,141,189.83
pf_ce,15,142,88.6029
pf_ce,15,143,88.9556
pf_ce,15,144,200.47
pf_ce,15,145,238.389
pf_ce,15,146,175.746
pf_ce,15,147,257.551
pf_ce,15,148,6.69019
pf_ce,15,149,135.008
copf_ce,15,0,7.70437
copf_ce,15,1,431.296
copf_ce,15,2,360.618
copf_ce,15,3,308.241
copf_ce,15,4,177.557
copf_ce,15,5,417.831
copf_ce,15,6,268.911
copf_ce,15,7,209.773
copf_ce,15,8,342.233
copf_ce,15,9,266.354
copf_ce,15,10,220.416
copf_ce,15,11,340.851
copf_ce,15,12,247.068
copf_ce,15,13,319.401
copf_ce,15,14,220.919
copf_ce,15,15,382.142
copf_ce,15,16,302.742
copf_ce,15,17,238.244
copf_ce,15,18,426.147
copf_ce,15,19,319.651
copf_ce,15,20,227.328
copf_ce,15,21,359.332
copf_ce,15,22,213.182
copf_ce,15,23,313.076
copf_ce,15,24,182.847
copf_ce,15,25,336.847
copf_ce,15,26,243.676
copf_ce,15,27,312.096
copf_ce,15,28,239.424
copf_ce,15,29,317.028
copf_ce,15,30,236.391
copf_ce,15,31,399.294
copf_ce,15,32,306.092
copf_ce,15,33,235.096
copf_ce,15,34,380.506
copf_ce,15,35,284.083
copf_ce,15,36,223.646
copf_ce,15,37,418.947
copf_ce,15,38,258.046
copf_ce,15,39,166.915
copf_ce,15,40,383.288
copf_ce,15,41,257.61
copf_ce,15,42,193.365
copf_ce,15,43,190.523
copf_ce,15,44,328.77
copf_ce,15,45,213.919
copf_ce,15,46,352.741
copf_ce,15,47,265.256
copf_ce,15,48,208.687
copf_ce,15,49,397.433
copf_ce,15,50,281.629
copf_ce,15,51,161.966
copf_ce,15,52,346.425
copf_ce,15,53,256.371
copf_ce,15,54,175.034
copf_ce,15,55,255.519
copf_ce,15,56,307.971
copf_ce,15,57,208.205
copf_ce,15,58,363.174
copf_ce,15,59,279.452
copf_ce,15,60,163.728
copf_ce,15,61,267.015
copf_ce,15,62,154.61
copf_ce,15,63,286.791
copf_ce,15,64,190.195
copf_ce,15,65,279.049
copf_ce,15,66,130.455
copf_ce,15,67,253.846
copf_ce,15,68,279.012
copf_ce,15,69,151.82
copf_ce,15,70,170.499
copf_ce,15,71,319.25
copf_ce,15,72,131.189
copf_ce,15,73,211.989
copf_ce,15,74,241.21
copf_ce,15,75,254.379
copf_ce,15,76,296.195
copf_ce,15,77,186.075
copf_ce,15,78,375.592
copf_ce,15,79,287.904
copf_ce,15,80,211.394
copf_ce,15,81,323.03
copf_ce,15,82,214.57
copf_ce,15,83,340.456
copf_ce,15,84,246.274
copf_ce,15,85,266.241
copf_ce,15,86,156.686
copf_ce,15,87,138.559
copf_ce,15,88,266.029
copf_ce,15,89,114.869
copf_ce,15,90,222.486
copf_ce,15,91,228.669
copf_ce,15,92,267.009
copf_ce,15,93,143.298
copf_ce,15,94,291.566
copf_ce,15,95,193.484
copf_ce,15,96,329.511
copf_ce,15,97,203.206
copf_ce,15,98,333.773
copf_ce,15,99,227.045
copf_ce,15,100,362.642
copf_ce,15,101,250.676
copf_ce,15,102,357.981
copf_ce,15,103,233.309
copf_ce,15,104,370.042
copf_ce,15,105,232.031
copf_ce,15,106,346.932
copf_ce,15,107,232.275
copf_ce,15,108,373.202
copf_ce,15,109,259.397
copf_ce,15,110,192.701
copf_ce,15,111,400.532
copf_ce,15,112,267.282
copf_ce,15,113,190.777
copf_ce,15,114,314.517
copf_ce,15,115,220.694
copf_ce,15,116,397.618
copf_ce,15,117,304.632
copf_ce,15,118,237.89
copf_ce,15,119,405.496
copf_ce,15,120,327.312
copf_ce,15,121,270.81
copf_ce,15,122,173.149
copf_ce,15,123,298.634
copf_ce,15,124,215.069
copf_ce,15,125,373.719
copf_ce,15,126,278.858
copf_ce,15,127,211.262
copf_ce,15,128,394.489
copf_ce,15,129,258.555
copf_ce,15,130,210.069
copf_ce,15,131,413.268
copf_ce,15,132,321.412
copf_ce,15,133,232.89
copf_ce,15,134,408.604
copf_ce,15,135,323.985
copf_ce,15,136,257.547
copf_ce,15,137,188.82
copf_ce,15,138,326.497
copf_ce,15,139,252.373
copf_ce,15,140,267.185
copf_ce,15,141,192.285
copf_ce,15,142,377.838
copf_ce,15,143,277.905
copf_ce,15,144,221.519
copf_ce,15,145,423.055
copf_ce,15,146,340.68
copf_ce,15,147,284.428
copf_ce,15,148,150.969
copf_ce,15,149,376.602
pf_ce,16,0,2.09664
pf_ce,16,1,244.53
pf_ce,16,2,275.271
pf_ce,16,3,126.458
pf_ce,16,4,32.8007
pf_ce,16,5,236.884
pf_ce,16,6,35.8531
pf_ce,16,7,205.202
pf_ce,16,8,93.6827
pf_ce,16,9,197.949
pf_ce,16,10,240.549
pf_ce,16,11,97.3242
pf_ce,16,12,178.762
pf_ce,16,13,84.9184
pf_ce,16,14,175.187
pf_ce,16,15,106.285
pf_ce,16,16,211.189
pf_ce,16,17,245.773
pf_ce,16,18,231.929
pf_ce,16,19,109.002
pf_ce,16,20,63.7139
pf_ce,16,21,119.285
pf_ce,16,22,8.14342
pf_ce,16,23,56.4848
pf_ce,16,24,33.3418
pf_ce,16,25,156.231
pf_ce,16,26,155.494
pf_ce,16,27,81.0672
pf_ce,16,28,87.3389
pf_ce,16,29,63.4489
pf_ce,16,30,208.44
pf_ce,16,31,223.602
pf_ce,16,32,225.222
pf_ce,16,33,175.194
pf_ce,16,34,112.952
pf_ce,16,35,70.5413
pf_ce,16,36,251.028
pf_ce,16,37,223.558
pf_ce,16,38,21.4021
pf_ce,16,39,48.3152
pf_ce,16,40,171.322
pf_ce,16,41,122.677
pf_ce,16,42,208.561
pf_ce,16,43,2.6421
pf_ce,16,44,116.297
pf_ce,16,45,151.942
pf_ce,16,46,174.176
pf_ce,16,47,48.76
pf_ce,16,48,197.281
pf_ce,16,49,179.215
pf_ce,16,50,94.0167
pf_ce,16,51,10.413
pf_ce,16,52,158.869
pf_ce,16,53,84.8946
pf_ce,16,54,125.208
pf_ce,16,55,23.4046
pf_ce,16,56,66.6182
pf_ce,16,57,152.731
pf_ce,16,58,190.958
pf_ce,16,59,181.021
pf_ce,16,60,9.91128
pf_ce,16,61,30.2096
pf_ce,16,62,44.7746
pf_ce,16,63,68.2614
pf_ce,16,64,102.413
pf_ce,16,65,33.5928
pf_ce,16,66,1.01491
pf_ce,16,67,32.4319
pf_ce,16,68,117.121
pf_ce,16,69,131.263
pf_ce,16,70,3.49894
pf_ce,16,71,15.4637
pf_ce,16,72,103.209
pf_ce,16,73,27.1213
pf_ce,16,74,111.19
pf_ce,16,75,107.332
pf_ce,16,76,63.0502
pf_ce,16,77,61.8587
pf_ce,16,78,177.446
pf_ce,16,79,161.252
pf_ce,16,80,120.445
pf_ce,16,81,70.8746
pf_ce,16,82,90.1289
pf_ce,16,83,120.114
pf_ce,16,84,190.182
pf_ce,16,85,22.8549
pf_ce,16,86,33.6167
pf_ce,16,87,1.00001
pf_ce,16,88,42.2232
pf_ce,16,89,37.3431
pf_ce,16,90,35.0632
pf_ce,16,91,79.6675
pf_ce,16,92,115.802
pf_ce,16,93,133.456
pf_ce,16,94,130.067
pf_ce,16,95,118.482
pf_ce,16,96,112.347
pf_ce,16,97,61.8895
pf_ce,16,98,148.627
pf_ce,16,99,126.703
pf_ce,16,100,183
pf_ce,16,101,155.823
pf_ce,16,102,177.141
pf_ce,16,103,70.3549
pf_ce,16,104,197.115
pf_ce,16,105,5.8136
pf_ce,16,106,67.9796
pf_ce,16,107,51.4742
pf_ce,16,108,165.973
pf_ce,16,109,142.798
pf_ce,16,110,199.666
pf_ce,16,111,217.568
pf_ce,16,112,49.9162
pf_ce,16,113,164.201
pf_ce,16,114,73.1467
pf_ce,16,115,144.344
pf_ce,16,116,205.519
pf_ce,16,117,216.922
pf_ce,16,118,220.789
pf_ce,16,119,183.39
pf_ce,16,120,235.717
pf_ce,16,121,246.265
pf_ce,16,122,39.6876
pf_ce,16,123,32.0431
pf_ce,16,124,162.701
pf_ce,16,125,148.106
pf_ce,16,126,200.614
pf_ce,16,127,185.345
pf_ce,16,128,165.79
pf_ce,16,129,12.0367
pf_ce,16,130,167.264
pf_ce,16,131,203.106
pf_ce,16,132,192.549
pf_ce,16,133,137.871
pf_ce,16,134,219.319
pf_ce,16,135,248.936
pf_ce,16,136,147.881
pf_ce,16,137,77.8785
pf_ce,16,138,74.6848
pf_ce,16,139,157.475
pf_ce,16,140,12.5133
pf_ce,16,141,185.04
pf_ce,16,142,73.0837
pf_ce,16,143,99.1171
pf_ce,16,144,181.43
pf_ce,16,145,220.784
pf_ce,16,146,167.98
pf_ce,16,147,261.636
pf_ce,16,148,6.78608
pf_ce,16,149,142.183
copf_ce,16,0,3.86154
copf_ce,16,1,423.311
copf_ce,16,2,354.032
copf_ce,16,3,294.931
copf_ce,16,4,182.966
copf_ce,16,5,425.228
copf_ce,16,6,280.263
copf_ce,16,7,217.908
copf_ce,16,8,344.903
copf_ce,16,9,269.371
copf_ce,16,10,213.359
copf_ce,16,11,337.732
copf_ce,16,12,242.77
copf_ce,16,13,339.638
copf_ce,16,14,238.918
copf_ce,16,15,384.126
copf_ce,16,16,305.656
copf_ce,16,17,236.234
copf_ce,16,18,422.206
copf_ce,16,19,313.258
copf_ce,16,20,220.1
copf_ce,16,21,373.519
copf_ce,16,22,216.444
copf_ce,16,23,318.268
copf_ce,16,24,177.947
copf_ce,16,25,348.212
copf_ce,16,26,247.252
copf_ce,16,27,327.652
copf_ce,16,28,225.684
copf_ce,16,29,311.571
copf_ce,16,30,243.271
copf_ce,16,31,400.796
copf_ce,16,32,320.674
copf_ce,16,33,237.475
copf_ce,16,34,396.093
copf_ce,16,35,302.925
copf_ce,16,36,241.605
copf_ce,16,37,420.081
copf_ce,16,38,258.479
copf_ce,16,39,174.34
copf_ce,16,40,383.386
copf_ce,16,41,267.508
copf_ce,16,42,199.527
copf_ce,16,43,206.042
copf_ce,16,44,320.456
copf_ce,16,45,216.691
copf_ce,16,46,360.034
copf_ce,16,47,276.702
copf_ce,16,48,216.714
copf_ce,16,49,390.719
copf_ce,16,50,286.987
copf_ce,16,51,158.613
copf_ce,16,52,357.731
copf_ce,16,53,275.159
copf_ce,16,54,204.088
copf_ce,16,55,267.463
copf_ce,16,56,157.442
copf_ce,16,57,337.321
copf_ce,16,58,243.264
copf_ce,16,59,382.713
copf_ce,16,60,241.715
copf_ce,16,61,281.763
copf_ce,16,62,150.543
copf_ce,16,63,310.619
copf_ce,16,64,199.313
copf_ce,16,65,268.554
copf_ce,16,66,131.979
copf_ce,16,67,252.59
copf_ce,16,68,261.593
copf_ce,16,69,137.759
copf_ce,16,70,173.817
copf_ce,16,71,305.846
copf_ce,16,72,129.045
copf_ce,16,73,217.212
copf_ce,16,74,230.877
copf_ce,16,75,266.967
copf_ce,16,76,144.127
copf_ce,16,77,335.773
copf_ce,16,78,241.798
copf_ce,16,79,387.972
copf_ce,16,80,289.304
copf_ce,16,81,188.417
copf_ce,16,82,330.752
copf_ce,16,83,218.082
copf_ce,16,84,362.472
copf_ce,16,85,224.951
copf_ce,16,86,265.776
copf_ce,16,87,118.097
copf_ce,16,88,261.756
copf_ce,16,89,120.925
copf_ce,16,90,235.888
copf_ce,16,91,223.898
copf_ce,16,92,269.75
copf_ce,16,93,144.698
copf_ce,16,94,301.897
copf_ce,16,95,200.441
copf_ce,16,96,325.646
copf_ce,16,97,203.65
copf_ce,16,98,361.833
copf_ce,16,99,240.406
copf_ce,16,100,356.397
copf_ce,16,101,238.56
copf_ce,16,102,378.322
copf_ce,16,103,228.569
copf_ce,16,104,371.875
copf_ce,16,105,225.431
copf_ce,16,106,337.949
copf_ce,16,107,235.774
copf_ce,16,108,373.843
copf_ce,16,109,267.035
copf_ce,16,110,207.316
copf_ce,16,111,412.355
copf_ce,16,112,266.079
copf_ce,16,113,192.223
copf_ce,16,114,325.248
copf_ce,16,115,217.021
copf_ce,16,116,384.89
copf_ce,16,117,296.16
copf_ce,16,118,238.547
copf_ce,16,119,405.715
copf_ce,16,120,337.882
copf_ce,16,121,277.212
copf_ce,16,122,183.612
copf_ce,16,123,296.89
copf_ce,16,124,210.08
copf_ce,16,125,366.302
copf_ce,16,126,269.075
copf_ce,16,127,200.839
copf_ce,16,128,394.807
copf_ce,16,129,247.516
copf_ce,16,130,389.504
copf_ce,16,131,303.441
copf_ce,16,132,232.819
copf_ce,16,133,373.93
copf_ce,16,134,291.395
copf_ce,16,135,227.683
copf_ce,16,136,391.382
copf_ce,16,137,273.552
copf_ce,16,138,179.293
copf_ce,16,139,381.871
copf_ce,16,140,248.328
copf_ce,16,141,378.414
copf_ce,16,142,306.817
copf_ce,16,143,222.013
copf_ce,16,144,419.809
copf_ce,16,145,339.934
copf_ce,16,146,268.346
copf_ce,16,147,222.688
copf_ce,16,148,201.211
copf_ce,16,149,360.402
pf_ce,17,0,4.865
pf_ce,17,1,238.838
pf_ce,17,2,237.855
pf_ce,17,3,244.321
pf_ce,17,4,26.905
pf_ce,17,5,230.401
pf_ce,17,6,34.1335
pf_ce,17,7,237.324
pf_ce,17,8,93.2523
pf_ce,17,9,201.706
pf_ce,17,10,233.408
pf_ce,17,11,86.7322
pf_ce,17,12,155.476
pf_ce,17,13,85.4245
pf_ce,17,14,167.479
pf_ce,17,15,135.981
pf_ce,17,16,214.481
pf_ce,17,17,252.448
pf_ce,17,18,233.506
pf_ce,17,19,102.942
pf_ce,17,20,61.6584
pf_ce,17,21,143.483
pf_ce,17,22,9.28898
pf_ce,17,23,73.1846
pf_ce,17,24,25.1072
pf_ce,17,25,162.579
pf_ce,17,26,171.629
pf_ce,17,27,71.632
pf_ce,17,28,88.2183
pf_ce,17,29,60.3938
pf_ce,17,30,208.206
pf_ce,17,31,217.995
pf_ce,17,32,227.746
pf_ce,17,33,187.963
pf_ce,17,34,117.258
pf_ce,17,35,67.7839
pf_ce,17,36,241.493
pf_ce,17,37,247.374
pf_ce,17,38,27.4947
pf_ce,17,39,68.9042
pf_ce,17,40,175.831
pf_ce,17,41,118.334
pf_ce,17,42,207.319
pf_ce,17,43,1.0662
pf_ce,17,44,106.411
pf_ce,17,45,169.874
pf_ce,17,46,162.335
pf_ce,17,47,42.9468
pf_ce,17,48,200.376
pf_ce,17,49,168.929
pf_ce,17,50,92.7037
pf_ce,17,51,5.94737
pf_ce,17,52,133.713
pf_ce,17,53,101.938
pf_ce,17,54,119.458
pf_ce,17,55,21.0933
pf_ce,17,56,69.3747
pf_ce,17,57,166.656
pf_ce,17,58,166.744
pf_ce,17,59,182.174
pf_ce,17,60,11.5755
pf_ce,17,61,22.2369
pf_ce,17,62,54.4631
pf_ce,17,63,68.0383
pf_ce,17,64,93.8264
pf_ce,17,65,33.8844
pf_ce,17,66,1.51496
pf_ce,17,67,66.5417
pf_ce,17,68,120.994
pf_ce,17,69,139.425
pf_ce,17,70,2.07477
pf_ce,17,71,7.36424
pf_ce,17,72,104.326
pf_ce,17,73,34.7774
pf_ce,17,74,108.708
pf_ce,17,75,107.055
pf_ce,17,76,57.4036
pf_ce,17,77,62.4871
pf_ce,17,78,185.248
pf_ce,17,79,168.363
pf_ce,17,80,119.487
pf_ce,17,81,73.144
pf_ce,17,82,86.5076
pf_ce,17,83,125.355
pf_ce,17,84,200.662
pf_ce,17,85,31.4665
pf_ce,17,86,36.7892
pf_ce,17,87,1
pf_ce,17,88,117.933
pf_ce,17,89,38.4673
pf_ce,17,90,54.274
pf_ce,17,91,90.8146
pf_ce,17,92,106.958
pf_ce,17,93,139.071
pf_ce,17,94,154.757
pf_ce,17,95,103.925
pf_ce,17,96,116.465
pf_ce,17,97,54.7516
pf_ce,17,98,162.14
pf_ce,17,99,122.714
pf_ce,17,100,193.796
pf_ce,17,101,172.646
pf_ce,17,102,179.446
pf_ce,17,103,69.2401
pf_ce,17,104,191.67
pf_ce,17,105,9.07273
pf_ce,17,106,67.0741
pf_ce,17,107,55.8454
pf_ce,17,108,156.129
pf_ce,17,109,128.667
pf_ce,17,110,197.512
pf_ce,17,111,195.319
pf_ce,17,112,57.787
pf_ce,17,113,171.361
pf_ce,17,114,64.7219
pf_ce,17,115,142.38
pf_ce,17,116,195.194
pf_ce,17,117,213.376
pf_ce,17,118,222.539
pf_ce,17,119,182.442
pf_ce,17,120,266.037
pf_ce,17,121,132.437
pf_ce,17,122,40.7274
pf_ce,17,123,45.7996
pf_ce,17,124,157.8
pf_ce,17,125,149.44
pf_ce,17,126,204.134
pf_ce,17,127,180.525
pf_ce,17,128,168.644
pf_ce,17,129,13.7826
pf_ce,17,130,179.567
pf_ce,17,131,207.136
pf_ce,17,132,185.319
pf_ce,17,133,141.463
pf_ce,17,134,230.739
pf_ce,17,135,239.121
pf_ce,17,136,175.12
pf_ce,17,137,73.1196
pf_ce,17,138,86.0268
pf_ce,17,139,163.957
pf_ce,17,140,17.6072
pf_ce,17,141,179.581
pf_ce,17,142,77.0609
pf_ce,17,143,90.8107
pf_ce,17,144,197.466
pf_ce,17,145,235.895
pf_ce,17,146,176.29
pf_ce,17,147,253.6
pf_ce,17,148,6.77759
pf_ce,17,149,146.709
copf_ce,17,0,5.17962
copf_ce,17,1,423.994
copf_ce,17,2,359.129
copf_ce,17,3,290.523
copf_ce,17,4,192.193
copf_ce,17,5,416.794
copf_ce,17,6,264.153
copf_ce,17,7,214.336
copf_ce,17,8,342.174
copf_ce,17,9,270.195
copf_ce,17,10,223.911
copf_ce,17,11,346.287
copf_ce,17,12,259.72
copf_ce,17,13,176.028
copf_ce,17,14,371.754
copf_ce,17,15,291.556
copf_ce,17,16,228.494
copf_ce,17,17,419.045
copf_ce,17,18,345.02
copf_ce,17,19,253.367
copf_ce,17,20,333.215
copf_ce,17,21,235.962
copf_ce,17,22,232.882
copf_ce,17,23,319.363
copf_ce,17,24,180.869
copf_ce,17,25,335.297
copf_ce,17,26,236.002
copf_ce,17,27,321.296
copf_ce,17,28,241.342
copf_ce,17,29,312.767
copf_ce,17,30,238.29
copf_ce,17,31,408.805
copf_ce,17,32,324.08
copf_ce,17,33,246.457
copf_ce,17,34,386.741
copf_ce,17,35,287.62
copf_ce,17,36,231.159
copf_ce,17,37,421.119
copf_ce,17,38,275.094
copf_ce,17,39,171.303
copf_ce,17,40,377.589
copf_ce,17,41,254.354
copf_ce,17,42,382.673
copf_ce,17,43,209.465
copf_ce,17,44,304.497
copf_ce,17,45,196.11
copf_ce,17,46,346.783
copf_ce,17,47,268.035
copf_ce,17,48,202.008
copf_ce,17,49,395.744
copf_ce,17,50,280.179
copf_ce,17,51,168.397
copf_ce,17,52,358.947
copf_ce,17,53,280.206
copf_ce,17,54,203.131
copf_ce,17,55,266.664
copf_ce,17,56,159.726
copf_ce,17,57,339.737
copf_ce,17,58,243.083
copf_ce,17,59,385.968
copf_ce,17,60,234.056
copf_ce,17,61,267.964
copf_ce,17,62,152.418
copf_ce,17,63,278.502
copf_ce,17,64,181.412
copf_ce,17,65,281.815
copf_ce,17,66,125.013
copf_ce,17,67,242.519
copf_ce,17,68,275.546
copf_ce,17,69,140.764
copf_ce,17,70,203.359
copf_ce,17,71,315.894
copf_ce,17,72,145.003
copf_ce,17,73,213.748
copf_ce,17,74,244.61
copf_ce,17,75,248.624
copf_ce,17,76,282.021
copf_ce,17,77,185.527
copf_ce,17,78,365.866
copf_ce,17,79,286.075
copf_ce,17,80,214.433
copf_ce,17,81,331.374
copf_ce,17,82,225.661
copf_ce,17,83,340.982
copf_ce,17,84,250.235
copf_ce,17,85,279.243
copf_ce,17,86,165.334
copf_ce,17,87,142.493
copf_ce,17,88,268.371
copf_ce,17,89,123.864
copf_ce,17,90,217.436
copf_ce,17,91,228.241
copf_ce,17,92,258.396
copf_ce,17,93,141.534
copf_ce,17,94,292.581
copf_ce,17,95,192.183
copf_ce,17,96,328.732
copf_ce,17,97,197.703
copf_ce,17,98,333.968
copf_ce,17,99,226.367
copf_ce,17,100,356.619
copf_ce,17,101,250.321
copf_ce,17,102,371.987
copf_ce,17,103,238.596
copf_ce,17,104,364.666
copf_ce,17,105,214.329
copf_ce,17,106,326.875
copf_ce,17,107,220.977
copf_ce,17,108,380.75
copf_ce,17,109,278.48
copf_ce,17,110,218.692
copf_ce,17,111,401.744
copf_ce,17,112,260.447
copf_ce,17,113,187.932
copf_ce,17,114,310.145
copf_ce,17,115,218.955
copf_ce,17,116,379.24
copf_ce,17,117,295.627
copf_ce,17,118,244.635
copf_ce,17,119,405.54
copf_ce,17,120,332.126
copf_ce,17,121,269
copf_ce,17,122,179.666
copf_ce,17,123,300.576
copf_ce,17,124,218.526
copf_ce,17,125,368.653
copf_ce,17,126,271.22
copf_ce,17,127,187.73
copf_ce,17,128,389.935
copf_ce,17,129,246.192
copf_ce,17,130,386.789
copf_ce,17,131,299.898
copf_ce,17,132,230.94
copf_ce,17,133,378.778
copf_ce,17,134,290.514
copf_ce,17,135,235.979
copf_ce,17,136,398.572
copf_ce,17,137,261.726
copf_ce,17,138,182.964
copf_ce,17,139,396.282
copf_ce,17,140,261.635
copf_ce,17,141,190.995
copf_ce,17,142,368.536
copf_ce,17,143,278.066
copf_ce,17,144,225.541
copf_ce,17,145,432.347
copf_ce,17,146,348.432
copf_ce,17,147,289.838
copf_ce,17,148,149.205
copf_ce,17,149,369.64
pf_ce,18,0,3.74624
pf_ce,18,1,245.11
pf_ce,18,2,254.291
pf_ce,18,3,254.666
pf_ce,18,4,30.7952
pf_ce,18,5,247.865
pf_ce,18,6,24.6831
pf_ce,18,7,227.045
pf_ce,18,8,96.2671
pf_ce,18,9,176.476
pf_ce,18,10,245.804
pf_ce,18,11,87.4442
pf_ce,18,12,166.208
pf_ce,18,13,74.5393
pf_ce,18,14,159.125
pf_ce,18,15,110.326
pf_ce,18,16,211.01
pf_ce,18,17,232.481
pf_ce,18,18,213.825
pf_ce,18,19,103.4
pf_ce,18,20,73.6143
pf_ce,18,21,136.044
pf_ce,18,22,8.30312
pf_ce,18,23,88.8921
pf_ce,18,24,24.0698
pf_ce,18,25,168.86
pf_ce,18,26,153.548
pf_ce,18,27,66.9431
pf_ce,18,28,78.8122
pf_ce,18,29,52.4712
pf_ce,18,30,205.414
pf_ce,18,31,223.819
pf_ce,18,32,238.315
pf_ce,18,33,173.87
pf_ce,18,34,124.99
pf_ce,18,35,73.4524
pf_ce,18,36,241.345
pf_ce,18,37,222.145
pf_ce,18,38,17.1645
pf_ce,18,39,62.24
pf_ce,18,40,187.586
pf_ce,18,41,126.103
pf_ce,18,42,196.296
pf_ce,18,43,2.75578
pf_ce,18,44,78.0896
pf_ce,18,45,174.23
pf_ce,18,46,174.426
pf_ce,18,47,47.2267
pf_ce,18,48,209.445
pf_ce,18,49,157.056
pf_ce,18,50,97.7745
pf_ce,18,51,12.9778
pf_ce,18,52,168.398
pf_ce,18,53,82.8727
pf_ce,18,54,129.836
pf_ce,18,55,16.7868
pf_ce,18,56,58.5541
pf_ce,18,57,143.035
pf_ce,18,58,191.743
pf_ce,18,59,188.693
pf_ce,18,60,18.4262
pf_ce,18,61,17.1802
pf_ce,18,62,51.7122
pf_ce,18,63,76.5905
pf_ce,18,64,104.186
pf_ce,18,65,30.7074
pf_ce,18,66,2.30045
pf_ce,18,67,84.1873
pf_ce,18,68,138.009
pf_ce,18,69,139.308
pf_ce,18,70,2.28677
pf_ce,18,71,12.2674
pf_ce,18,72,94.1549
pf_ce,18,73,37.3186
pf_ce,18,74,114.663
pf_ce,18,75,108.989
pf_ce,18,76,75.429
pf_ce,18,77,69.6967
pf_ce,18,78,190.369
pf_ce,18,79,184.689
pf_ce,18,80,112.204
pf_ce,18,81,63.1238
pf_ce,18,82,75.4366
pf_ce,18,83,129.745
pf_ce,18,84,181.71
pf_ce,18,85,19.9407
pf_ce,18,86,33.4558
pf_ce,18,87,1.01735
pf_ce,18,88,109.432
pf_ce,18,89,41.5282
pf_ce,18,90,48.6991
pf_ce,18,91,93.7087
pf_ce,18,92,113.143
pf_ce,18,93,120.762
pf_ce,18,94,138.128
pf_ce,18,95,126.73
pf_ce,18,96,107.868
pf_ce,18,97,62.7924
pf_ce,18,98,171.509
pf_ce,18,99,147.916
pf_ce,18,100,184.824
pf_ce,18,101,171.832
pf_ce,18,102,190.65
pf_ce,18,103,67.268
pf_ce,18,104,185.398
pf_ce,18,105,7.80378
pf_ce,18,106,89.4476
pf_ce,18,107,49.9226
pf_ce,18,108,155.826
pf_ce,18,109,131.839
pf_ce,18,110,202.165
pf_ce,18,111,214.206
pf_ce,18,112,58.9523
pf_ce,18,113,159.077
pf_ce,18,114,70.8882
pf_ce,18,115,164.203
pf_ce,18,116,184.475
pf_ce,18,117,202.941
pf_ce,18,118,211.403
pf_ce,18,119,182.365
pf_ce,18,120,255.302
pf_ce,18,121,247.037
pf_ce,18,122,61.9033
pf_ce,18,123,34.7018
pf_ce,18,124,137.18
pf_ce,18,125,147.146
pf_ce,18,126,212.552
pf_ce,18,127,193.394
pf_ce,18,128,158.533
pf_ce,18,129,7.89844
pf_ce,18,130,181.766
pf_ce,18,131,206.942
pf_ce,18,132,180.083
pf_ce,18,133,153.952
pf_ce,18,134,213.095
pf_ce,18,135,251.945
pf_ce,18,136,171.924
pf_ce,18,137,80.3241
pf_ce,18,138,84.353
pf_ce,18,139,143.059
pf_ce,18,140,20.2433
pf_ce,18,141,180.976
pf_ce,18,142,82.6902
pf_ce,18,143,88.6638
pf_ce,18,144,196.265
pf_ce,18,145,226.624
pf_ce,18,146,167.845
pf_ce,18,147,252.75
pf_ce,18,148,5.56661
pf_ce,18,149,109.942
copf_ce,18,0,11.7337
copf_ce,18,1,434.115
copf_ce,18,2,364.757
copf_ce,18,3,303.378
copf_ce,18,4,178.866
copf_ce,18,5,427.025
copf_ce,18,6,288.489
copf_ce,18,7,229.301
copf_ce,18,8,346.916
copf_ce,18,9,278.186
copf_ce,18,10,226.75
copf_ce,18,11,359.397
copf_ce,18,12,262.253
copf_ce,18,13,182.696
copf_ce,18,14,372.341
copf_ce,18,15,299.607
copf_ce,18,16,228.832
copf_ce,18,17,427.352
copf_ce,18,18,358.173
copf_ce,18,19,272.515
copf_ce,18,20,200.949
copf_ce,18,21,359.214
copf_ce,18,22,205.202
copf_ce,18,23,324.417
copf_ce,18,24,185.596
copf_ce,18,25,340.522
copf_ce,18,26,251.348
copf_ce,18,27,318.235
copf_ce,18,28,257.548
copf_ce,18,29,166.072
copf_ce,18,30,383.597
copf_ce,18,31,290.157
copf_ce,18,32,233.572
copf_ce,18,33,386.185
copf_ce,18,34,320.375
copf_ce,18,35,221.633
copf_ce,18,36,412.701
copf_ce,18,37,337.928
copf_ce,18,38,215.368
copf_ce,18,39,316.477
copf_ce,18,40,214.542
copf_ce,18,41,347.557
copf_ce,18,42,248.43
copf_ce,18,43,202.259
copf_ce,18,44,324.995
copf_ce,18,45,213.349
copf_ce,18,46,345.477
copf_ce,18,47,248.959
copf_ce,18,48,415.556
copf_ce,18,49,323.659
copf_ce,18,50,236.238
copf_ce,18,51,226.248
copf_ce,18,52,352.332
copf_ce,18,53,268.313
copf_ce,18,54,191.364
copf_ce,18,55,279.553
copf_ce,18,56,171.09
copf_ce,18,57,340.993
copf_ce,18,58,237.042
copf_ce,18,59,384.418
copf_ce,18,60,242.704
copf_ce,18,61,276.539
copf_ce,18,62,161.457
copf_ce,18,63,281.094
copf_ce,18,64,184.65
copf_ce,18,65,277.988
copf_ce,18,66,127.13
copf_ce,18,67,267.876
copf_ce,18,68,134.602
copf_ce,18,69,292.549
copf_ce,18,70,125.645
copf_ce,18,71,331.203
copf_ce,18,72,138.567
copf_ce,18,73,211.063
copf_ce,18,74,242.724
copf_ce,18,75,250.084
copf_ce,18,76,305.009
copf_ce,18,77,202.911
copf_ce,18,78,375.747
copf_ce,18,79,278.894
copf_ce,18,80,196.634
copf_ce,18,81,321.304
copf_ce,18,82,203.729
copf_ce,18,83,327.248
copf_ce,18,84,226.078
copf_ce,18,85,244.925
copf_ce,18,86,277.771
copf_ce,18,87,123.242
copf_ce,18,88,254.75
copf_ce,18,89,239.432
copf_ce,18,90,233.448
copf_ce,18,91,237.661
copf_ce,18,92,247.64
copf_ce,18,93,283.073
copf_ce,18,94,162.226
copf_ce,18,95,327.924
copf_ce,18,96,217.197
copf_ce,18,97,290.101
copf_ce,18,98,196.598
copf_ce,18,99,332.771
copf_ce,18,100,221.162
copf_ce,18,101,359.457
copf_ce,18,102,249.301
copf_ce,18,103,313.989
copf_ce,18,104,235.758
copf_ce,18,105,222.469
copf_ce,18,106,339.499
copf_ce,18,107,213.86
copf_ce,18,108,373.139
copf_ce,18,109,265.785
copf_ce,18,110,206.66
copf_ce,18,111,404.161
copf_ce,18,112,272.862
copf_ce,18,113,199.299
copf_ce,18,114,333.827
copf_ce,18,115,229.992
copf_ce,18,116,390.675
copf_ce,18,117,294.316
copf_ce,18,118,235.144
copf_ce,18,119,403.736
copf_ce,18,120,340.234
copf_ce,18,121,281.181
copf_ce,18,122,194.462
copf_ce,18,123,300.426
copf_ce,18,124,219.6
copf_ce,18,125,362.481
copf_ce,18,126,260.438
copf_ce,18,127,193.331
copf_ce,18,128,397.497
copf_ce,18,129,247.735
copf_ce,18,130,391.145
copf_ce,18,131,305.894
copf_ce,18,132,242.341
copf_ce,18,133,380.631
copf_ce,18,134,291.975
copf_ce,18,135,235.496
copf_ce,18,136,390.98
copf_ce,18,137,258.613
copf_ce,18,138,182.709
copf_ce,18,139,388.44
copf_ce,18,140,253.347
copf_ce,18,141,389.002
copf_ce,18,142,294.887
copf_ce,18,143,216.408
copf_ce,18,144,405.223
copf_ce,18,145,340.276
copf_ce,18,146,271.251
copf_ce,18,147,217.434
copf_ce,18,148,197.44
copf_ce,18,149,363.606
pf_ce,19,0,1.05942
pf_ce,19,1,210.908
pf_ce,19,2,268.032
pf_ce,19,3,133.398
pf_ce,19,4,27.1299
pf_ce,19,5,221.445
pf_ce,19,6,17.5648
pf_ce,19,7,212.773
pf_ce,19,8,84.2015
pf_ce,19,9,198.343
pf_ce,19,10,237.728
pf_ce,19,11,96.4596
pf_ce,19,12,178.835
pf_ce,19,13,85.5392
pf_ce,19,14,174.724
pf_ce,19,15,119.385
pf_ce,19,16,217.853
pf_ce,19,17,248.436
pf_ce,19,18,221.447
pf_ce,19,19,97.8026
pf_ce,19,20,63.6985
pf_ce,19,21,115.776
pf_ce,19,22,3.52978
pf_ce,19,23,64.603
pf_ce,19,24,28.8524
pf_ce,19,25,173.758
pf_ce,19,26,151.663
pf_ce,19,27,70.6049
pf_ce,19,28,95.3547
pf_ce,19,29,51.9534
pf_ce,19,30,208.76
pf_ce,19,31,220.79
pf_ce,19,32,238.461
pf_ce,19,33,178.374
pf_ce,19,34,126.507
pf_ce,19,35,65.753
pf_ce,19,36,245.403
pf_ce,19,37,237.065
pf_ce,19,38,16.8195
pf_ce,19,39,64.591
pf_ce,19,40,173.39
pf_ce,19,41,113.349
pf_ce,19,42,200.373
pf_ce,19,43,1.78873
pf_ce,19,44,89.4648
pf_ce,19,45,173.485
pf_ce,19,46,176.828
pf_ce,19,47,51.804
pf_ce,19,48,235.366
pf_ce,19,49,169.449
pf_ce,19,50,97.0339
pf_ce,19,51,7.93565
pf_ce,19,52,185.729
pf_ce,19,53,93.6134
pf_ce,19,54,133.47
pf_ce,19,55,22.3358
pf_ce,19,56,53.6199
pf_ce,19,57,152.856
pf_ce,19,58,179.025
pf_ce,19,59,183.152
pf_ce,19,60,12.8173
pf_ce,19,61,22.4716
pf_ce,19,62,64.1993
pf_ce,19,63,74.2472
pf_ce,19,64,108.745
pf_ce,19,65,38.07
pf_ce,19,66,1.89109
pf_ce,19,67,40.9633
pf_ce,19,68,123.514
pf_ce,19,69,141.984
pf_ce,19,70,5.42941
pf_ce,19,71,4.51928
pf_ce,19,72,95.9369
pf_ce,19,73,43.5666
pf_ce,19,74,110.572
pf_ce,19,75,105.235
pf_ce,19,76,52.4178
pf_ce,19,77,75.8082
pf_ce,19,78,174.518
pf_ce,19,79,169.8
pf_ce,19,80,125.304
pf_ce,19,81,60.9407
pf_ce,19,82,94.6005
pf_ce,19,83,135.58
pf_ce,19,84,198.931
pf_ce,19,85,27.584
pf_ce,19,86,38.1484
pf_ce,19,87,1
pf_ce,19,88,87.6419
pf_ce,19,89,44.0053
pf_ce,19,90,42.7488
pf_ce,19,91,97.1854
pf_ce,19,92,119.553
pf_ce,19,93,126.212
pf_ce,19,94,142.612
pf_ce,19,95,121.617
pf_ce,19,96,113.697
pf_ce,19,97,57.7781
pf_ce,19,98,174.528
pf_ce,19,99,133.753
pf_ce,19,100,179.566
pf_ce,19,101,157.146
pf_ce,19,102,194.128
pf_ce,19,103,67.8928
pf_ce,19,104,183.631
pf_ce,19,105,8.7058
pf_ce,19,106,58.6481
pf_ce,19,107,45.5516
pf_ce,19,108,148.782
pf_ce,19,109,134.733
pf_ce,19,110,197.071
pf_ce,19,111,229.417
pf_ce,19,112,50.3088
pf_ce,19,113,162.635
pf_ce,19,114,70.0144
pf_ce,19,115,169.293
pf_ce,19,116,193.684
pf_ce,19,117,219.03
pf_ce,19,118,203.092
pf_ce,19,119,168.425
pf_ce,19,120,263.76
pf_ce,19,121,125.191
pf_ce,19,122,47.2479
pf_ce,19,123,34.9125
pf_ce,19,124,160.264
pf_ce,19,125,158.75
pf_ce,19,126,209.641
pf_ce,19,127,202.226
pf_ce,19,128,180.063
pf_ce,19,129,8.11042
pf_ce,19,130,155.381
pf_ce,19,131,208.698
pf_ce,19,132,193.802
pf_ce,19,133,140.719
pf_ce,19,134,225.424
pf_ce,19,135,233.264
pf_ce,19,136,151.119
pf_ce,19,137,72.2019
pf_ce,19,138,88.3145
pf_ce,19,139,143.978
pf_ce,19,140,18.8275
pf_ce,19,141,182.985
pf_ce,19,142,72.3661
pf_ce,19,143,85.2101
pf_ce,19,144,175.012
pf_ce,19,145,226.617
pf_ce,19,146,182.529
pf_ce,19,147,285.855
pf_ce,19,148,5.56576
pf_ce,19,149,150.386
copf_ce,19,0,5.79864
copf_ce,19,1,426.926
copf_ce,19,2,358.965
copf_ce,19,3,300.035
copf_ce,19,4,195.558
copf_ce,19,5,420.44
copf_ce,19,6,268.656
copf_ce,19,7,189.059
copf_ce,19,8,349.058
copf_ce,19,9,262.955
copf_ce,19,10,207.145
copf_ce,19,11,339.462
copf_ce,19,12,246.659
copf_ce,19,13,324.687
copf_ce,19,14,237.058
copf_ce,19,15,377.973
copf_ce,19,16,308.755
copf_ce,19,17,247.93
copf_ce,19,18,430.054
copf_ce,19,19,335.462
copf_ce,19,20,230.611
copf_ce,19,21,360.839
copf_ce,19,22,203.407
copf_ce,19,23,307.416
copf_ce,19,24,177.258
copf_ce,19,25,349.97
copf_ce,19,26,250.079
copf_ce,19,27,313.413
copf_ce,19,28,238.696
copf_ce,19,29,306.245
copf_ce,19,30,223.557
copf_ce,19,31,403.118
copf_ce,19,32,303.35
copf_ce,19,33,220.946
copf_ce,19,34,380.375
copf_ce,19,35,288.448
copf_ce,19,36,229.975
copf_ce,19,37,420.9
copf_ce,19,38,272.425
copf_ce,19,39,197.54
copf_ce,19,40,355.47
copf_ce,19,41,233.989
copf_ce,19,42,381.664
copf_ce,19,43,206.843
copf_ce,19,44,323.287
copf_ce,19,45,221.097
copf_ce,19,46,340.638
copf_ce,19,47,259.696
copf_ce,19,48,209.124
copf_ce,19,49,399.735
copf_ce,19,50,282.982
copf_ce,19,51,167.323
copf_ce,19,52,354.929
copf_ce,19,53,258.912
copf_ce,19,54,186.668
copf_ce,19,55,260.639
copf_ce,19,56,172.15
copf_ce,19,57,347.191
copf_ce,19,58,249.298
copf_ce,19,59,385.608
copf_ce,19,60,230.534
copf_ce,19,61,275.533
copf_ce,19,62,160.215
copf_ce,19,63,284.199
copf_ce,19,64,188.529
copf_ce,19,65,269.565
copf_ce,19,66,123.839
copf_ce,19,67,252.13
copf_ce,19,68,265.267
copf_ce,19,69,132.954
copf_ce,19,70,198.697
copf_ce,19,71,311.572
copf_ce,19,72,122.314
copf_ce,19,73,202.317
copf_ce,19,74,237.868
copf_ce,19,75,253.865
copf_ce,19,76,285.637
copf_ce,19,77,187.971
copf_ce,19,78,380.497
copf_ce,19,79,288.181
copf_ce,19,80,201.635
copf_ce,19,81,322.85
copf_ce,19,82,208.501
copf_ce,19,83,325.759
copf_ce,19,84,227.527
copf_ce,19,85,279.592
copf_ce,19,86,171.614
copf_ce,19,87,148.919
copf_ce,19,88,262.221
copf_ce,19,89,124.872
copf_ce,19,90,227.761
copf_ce,19,91,252.434
copf_ce,19,92,261.52
copf_ce,19,93,140.758
copf_ce,19,94,290.583
copf_ce,19,95,187.922
copf_ce,19,96,323.359
copf_ce,19,97,184.242
copf_ce,19,98,347.43
copf_ce,19,99,237.934
copf_ce,19,100,361.732
copf_ce,19,101,251.16
copf_ce,19,102,376.263
copf_ce,19,103,249.086
copf_ce,19,104,385.542
copf_ce,19,105,232.079
copf_ce,19,106,344.828
copf_ce,19,107,227.646
copf_ce,19,108,382.23
copf_ce,19,109,270.829
copf_ce,19,110,207.054
copf_ce,19,111,407.951
copf_ce,19,112,280.011
copf_ce,19,113,195.165
copf_ce,19,114,322.665
copf_ce,19,115,224.416
copf_ce,19,116,382.925
copf_ce,19,117,294.312
copf_ce,19,118,236.834
copf_ce,19,119,409.114
copf_ce,19,120,342.299
copf_ce,19,121,280.918
copf_ce,19,122,193.378
copf_ce,19,123,295.154
copf_ce,19,124,218.118
copf_ce,19,125,368.633
copf_ce,19,126,267.673
copf_ce,19,127,197.992
copf_ce,19,128,391.779
copf_ce,19,129,251.982
copf_ce,19,130,391.741
copf_ce,19,131,307.419
copf_ce,19,132,239.684
copf_ce,19,133,378.19
copf_ce,19,134,283.82
copf_ce,19,135,226.12
copf_ce,19,136,396.692
copf_ce,19,137,276.988
copf_ce,19,138,198.208
copf_ce,19,139,381.054
copf_ce,19,140,250.003
copf_ce,19,141,379.108
copf_ce,19,142,301.36
copf_ce,19,143,200.711
copf_ce,19,144,405.253
copf_ce,19,145,322.057
copf_ce,19,146,254.143
copf_ce,19,147,445.895
copf_ce,19,148,250.202
copf_ce,19,149,364.767
pf_exact,0,0,64.6403
pf_exact,0,1,203.763
pf_exact,0,2,197.815
pf_exact,0,3,256.926
pf_exact,0,4,36.7645
pf_exact,0,5,218.495
pf_exact,0,6,78.862
pf_exact,0,7,200.146
pf_exact,0,8,149.673
pf_exact,0,9,128.12
pf_exact,0,10,171.649
pf_exact,0,11,159.364
pf_exact,0,12,214.848
pf_exact,0,13,134.399
pf_exact,0,14,190.654
pf_exact,0,15,71.4639
pf_exact,0,16,213.479
pf_exact,0,17,208.773
pf_exact,0,18,145.288
pf_exact,0,19,183.7
pf_exact,0,20,151.483
pf_exact,0,21,172.678
pf_exact,0,22,21.8456
pf_exact,0,23,113.634
pf_exact,0,24,56.4302
pf_exact,0,25,122.818
pf_exact,0,26,87.7473
pf_exact,0,27,132.644
pf_exact,0,28,46.5011
pf_exact,0,29,119.504
pf_exact,0,30,161.305
pf_exact,0,31,173.244
pf_exact,0,32,197.033
pf_exact,0,33,220.782
pf_exact,0,34,59.2773
pf_exact,0,35,131.069
pf_exact,0,36,239.735
pf_exact,0,37,223.93
pf_exact,0,38,63.7552
pf_exact,0,39,109.048
pf_exact,0,40,196.78
pf_exact,0,41,176.83
pf_exact,0,42,164.399
pf_exact,0,43,6.55942
pf_exact,0,44,141.346
pf_exact,0,45,143.022
pf_exact,0,46,165.655
pf_exact,0,47,21.3965
pf_exact,0,48,154.776
pf_exact,0,49,221.045
pf_exact,0,50,154.748
pf_exact,0,51,31.0953
pf_exact,0,52,171.205
pf_exact,0,53,41.7963
pf_exact,0,54,173.146
pf_exact,0,55,54.2994
pf_exact,0,56,107.254
pf_exact,0,57,160.304
pf_exact,0,58,137.554
pf_exact,0,59,122.547
pf_exact,0,60,39.3329
pf_exact,0,61,69.3231
pf_exact,0,62,106.546
pf_exact,0,63,106.919
pf_exact,0,64,53.0038
pf_exact,0,65,69.5611
pf_exact,0,66,1.2982
pf_exact,0,67,102.964
pf_exact,0,68,115.573
pf_exact,0,69,123.721
pf_exact,0,70,5.56123
pf_exact,0,71,24.8502
pf_exact,0,72,90.1618
pf_exact,0,73,77.7071
pf_exact,0,74,94.2357
pf_exact,0,75,111.784
pf_exact,0,76,36.5903
pf_exact,0,77,35.2529
pf_exact,0,78,130.693
pf_exact,0,79,104.002
pf_exact,0,80,181.226
pf_exact,0,81,129.6
pf_exact,0,82,137.79
pf_exact,0,83,171.536
pf_exact,0,84,153.322
pf_exact,0,85,55.4097
pf_exact,0,86,70.8186
pf_exact,0,87,1.34772
pf_exact,0,88,126.62
pf_exact,0,89,71.392
pf_exact,0,90,89.5362
pf_exact,0,91,102.989
pf_exact,0,92,108.973
pf_exact,0,93,87.5572
pf_exact,0,94,145.721
pf_exact,0,95,47.9564
pf_exact,0,96,157.745
pf_exact,0,97,99.6762
pf_exact,0,98,115.423
pf_exact,0,99,167.536
pf_exact,0,100,161.372
pf_exact,0,101,174.769
pf_exact,0,102,172.318
pf_exact,0,103,122.793
pf_exact,0,104,135.137
pf_exact,0,105,25.436
pf_exact,0,106,25.7636
pf_exact,0,107,92.8107
pf_exact,0,108,84.5482
pf_exact,0,109,176.366
pf_exact,0,110,141.409
pf_exact,0,111,197.06
pf_exact,0,112,103.925
pf_exact,0,113,180.568
pf_exact,0,114,113.99
pf_exact,0,115,175.117
pf_exact,0,116,127.496
pf_exact,0,117,165.329
pf_exact,0,118,149.703
pf_exact,0,119,108.734
pf_exact,0,120,239.239
pf_exact,0,121,253.114
pf_exact,0,122,99.4575
pf_exact,0,123,102.163
pf_exact,0,124,161.859
pf_exact,0,125,182.238
pf_exact,0,126,195.428
pf_exact,0,127,190.112
pf_exact,0,128,94.038
pf_exact,0,129,38.2097
pf_exact,0,130,101.336
pf_exact,0,131,133.341
pf_exact,0,132,222.486
pf_exact,0,133,207.464
pf_exact,0,134,205.593
pf_exact,0,135,212.004
pf_exact,0,136,219.281
pf_exact,0,137,150.634
pf_exact,0,138,163.475
pf_exact,0,139,85.1765
pf_exact,0,140,55.7699
pf_exact,0,141,188.154
pf_exact,0,142,31.9421
pf_exact,0,143,148.247
pf_exact,0,144,131.732
pf_exact,0,145,141.218
pf_exact,0,146,243.727
pf_exact,0,147,233.834
pf_exact,0,148,24.0009
pf_exact,0,149,173.925
copf_exact,0,0,167.749
copf_exact,0,1,416.866
copf_exact,0,2,343.604
copf_exact,0,3,278.766
copf_exact,0,4,188.192
copf_exact,0,5,411.221
copf_exact,0,6,287.894
copf_exact,0,7,210.831
copf_exact,0,8,360.866
copf_exact,0,9,271.247
copf_exact,0,10,207.478
copf_exact,0,11,387.186
copf_exact,0,12,280.66
copf_exact,0,13,195.515
copf_exact,0,14,370.372
copf_exact,0,15,284.675
copf_exact,0,16,226.329
copf_exact,0,17,409.849
copf_exact,0,18,313.971
copf_exact,0,19,231.69
copf_exact,0,20,363.988
copf_exact,0,21,270.512
copf_exact,0,22,154.723
copf_exact,0,23,321.592
copf_exact,0,24,199.041
copf_exact,0,25,339.824
copf_exact,0,26,226.97
copf_exact,0,27,336.257
copf_exact,0,28,256.561
copf_exact,0,29,185.841
copf_exact,0,30,370.102
copf_exact,0,31,276.885
copf_exact,0,32,217.707
copf_exact,0,33,409.294
copf_exact,0,34,312.025
copf_exact,0,35,245.184
copf_exact,0,36,414.241
copf_exact,0,37,319.503
copf_exact,0,38,216.476
copf_exact,0,39,345.5
copf_exact,0,40,229.109
copf_exact,0,41,350.969
copf_exact,0,42,252.198
copf_exact,0,43,229.199
copf_exact,0,44,318.282
copf_exact,0,45,206.308
copf_exact,0,46,345.481
copf_exact,0,47,247.329
copf_exact,0,48,396.779
copf_exact,0,49,293.828
copf_exact,0,50,213.076
copf_exact,0,51,258.336
copf_exact,0,52,174.754
copf_exact,0,53,344.671
copf_exact,0,54,246.464
copf_exact,0,55,303.326
copf_exact,0,56,181.46
copf_exact,0,57,340.869
copf_exact,0,58,238.13
copf_exact,0,59,350.412
copf_exact,0,60,221.244
copf_exact,0,61,300.858
copf_exact,0,62,163.257
copf_exact,0,63,276.312
copf_exact,0,64,167.459
copf_exact,0,65,286.708
copf_exact,0,66,131.62
copf_exact,0,67,247.689
copf_exact,0,68,243.103
copf_exact,0,69,271.69
copf_exact,0,70,119.702
copf_exact,0,71,196.945
copf_exact,0,72,225.809
copf_exact,0,73,205.172
copf_exact,0,74,222.339
copf_exact,0,75,254.784
copf_exact,0,76,285.572
copf_exact,0,77,184.578
copf_exact,0,78,356.776
copf_exact,0,79,268.981
copf_exact,0,80,186.568
copf_exact,0,81,350.057
copf_exact,0,82,234.788
copf_exact,0,83,353.064
copf_exact,0,84,257.472
copf_exact,0,85,163.004
copf_exact,0,86,289.306
copf_exact,0,87,115.968
copf_exact,0,88,262.341
copf_exact,0,89,111.805
copf_exact,0,90,220.455
copf_exact,0,91,232.407
copf_exact,0,92,263.424
copf_exact,0,93,128.185
copf_exact,0,94,284.432
copf_exact,0,95,182.963
copf_exact,0,96,328.671
copf_exact,0,97,197.936
copf_exact,0,98,318.579
copf_exact,0,99,207.197
copf_exact,0,100,334.031
copf_exact,0,101,243.585
copf_exact,0,102,357.835
copf_exact,0,103,244.257
copf_exact,0,104,352.416
copf_exact,0,105,204.67
copf_exact,0,106,324.331
copf_exact,0,107,206.855
copf_exact,0,108,344.544
copf_exact,0,109,242.812
copf_exact,0,110,370.195
copf_exact,0,111,283.913
copf_exact,0,112,208.979
copf_exact,0,113,377.237
copf_exact,0,114,247.766
copf_exact,0,115,351.326
copf_exact,0,116,252.868
copf_exact,0,117,387.16
copf_exact,0,118,305.229
copf_exact,0,119,245.014
copf_exact,0,120,415.879
copf_exact,0,121,334.182
copf_exact,0,122,239.577
copf_exact,0,123,350.243
copf_exact,0,124,255.629
copf_exact,0,125,374.4
copf_exact,0,126,267.582
copf_exact,0,127,194.282
copf_exact,0,128,372.797
copf_exact,0,129,251.978
copf_exact,0,130,371.38
copf_exact,0,131,286.222
copf_exact,0,132,222.04
copf_exact,0,133,401.784
copf_exact,0,134,308.671
copf_exact,0,135,250.438
copf_exact,0,136,417.576
copf_exact,0,137,297.081
copf_exact,0,138,214.196
copf_exact,0,139,351.454
copf_exact,0,140,229.835
copf_exact,0,141,375.907
copf_exact,0,142,285.621
copf_exact,0,143,218.15
copf_exact,0,144,373.254
copf_exact,0,145,291.074
copf_exact,0,146,235.51
copf_exact,0,147,427.456
copf_exact,0,148,288.15
copf_exact,0,149,214.776
pf_exact,1,0,67.934
pf_exact,1,1,235.74
pf_exact,1,2,208.513
pf_exact,1,3,263.868
pf_exact,1,4,42.3961
pf_exact,1,5,231.392
pf_exact,1,6,68.131
pf_exact,1,7,190.347
pf_exact,1,8,146.613
pf_exact,1,9,129.505
pf_exact,1,10,178.1
pf_exact,1,11,175.173
pf_exact,1,12,206.423
pf_exact,1,13,133.382
pf_exact,1,14,186.456
pf_exact,1,15,65.8861
pf_exact,1,16,219.382
pf_exact,1,17,223.988
pf_exact,1,18,140.006
pf_exact,1,19,159.687
pf_exact,1,20,137.967
pf_exact,1,21,190.929
pf_exact,1,22,31.0907
pf_exact,1,23,138.478
pf_exact,1,24,71.0642
pf_exact,1,25,111.157
pf_exact,1,26,93.0316
pf_exact,1,27,122.488
pf_exact,1,28,34.2106
pf_exact,1,29,97.1642
pf_exact,1,30,163.499
pf_exact,1,31,161.434
pf_exact,1,32,187.036
pf_exact,1,33,216.016
pf_exact,1,34,61.7555
pf_exact,1,35,131.982
pf_exact,1,36,226.416
pf_exact,1,37,220.721
pf_exact,1,38,48.1751
pf_exact,1,39,142.015
pf_exact,1,40,199.633
pf_exact,1,41,153.116
pf_exact,1,42,148.489
pf_exact,1,43,5.49564
pf_exact,1,44,169.444
pf_exact,1,45,143.605
pf_exact,1,46,171.509
pf_exact,1,47,16.9368
pf_exact,1,48,151.568
pf_exact,1,49,211.671
pf_exact,1,50,155.826
pf_exact,1,51,30.4669
pf_exact,1,52,184.388
pf_exact,1,53,40.8884
pf_exact,1,54,189.757
pf_exact,1,55,60.2955
pf_exact,1,56,120.526
pf_exact,1,57,155.934
pf_exact,1,58,130.307
pf_exact,1,59,113.052
pf_exact,1,60,39.4694
pf_exact,1,61,59.3182
pf_exact,1,62,96.2992
pf_exact,1,63,120.415
pf_exact,1,64,56.9337
pf_exact,1,65,80.6767
pf_exact,1,66,2.20818
pf_exact,1,67,96.1664
pf_exact,1,68,107.607
pf_exact,1,69,130.592
pf_exact,1,70,8.66335
pf_exact,1,71,24.9868
pf_exact,1,72,86.6143
pf_exact,1,73,74.3757
pf_exact,1,74,109.238
pf_exact,1,75,116.51
pf_exact,1,76,35.0577
pf_exact,1,77,28.241
pf_exact,1,78,125.712
pf_exact,1,79,113.566
pf_exact,1,80,175.601
pf_exact,1,81,116.885
pf_exact,1,82,137.771
pf_exact,1,83,143.171
pf_exact,1,84,157.621
pf_exact,1,85,58.0324
pf_exact,1,86,79.9061
pf_exact,1,87,1.24389
pf_exact,1,88,95.8799
pf_exact,1,89,72.862
pf_exact,1,90,82.8439
pf_exact,1,91,99.4622
pf_exact,1,92,106.838
pf_exact,1,93,94.4131
pf_exact,1,94,133.071
pf_exact,1,95,56.1354
pf_exact,1,96,162.185
pf_exact,1,97,111.574
pf_exact,1,98,115.667
pf_exact,1,99,161.331
pf_exact,1,100,154.764
pf_exact,1,101,157.59
pf_exact,1,102,184.187
pf_exact,1,103,144.947
pf_exact,1,104,135.459
pf_exact,1,105,20.9181
pf_exact,1,106,24.1103
pf_exact,1,107,106.003
pf_exact,1,108,72.2831
pf_exact,1,109,186.235
pf_exact,1,110,131.162
pf_exact,1,111,215.917
pf_exact,1,112,105.085
pf_exact,1,113,193.866
pf_exact,1,114,115.918
pf_exact,1,115,175.828
pf_exact,1,116,122.811
pf_exact,1,117,150.707
pf_exact,1,118,143.053
pf_exact,1,119,107.878
pf_exact,1,120,248.952
pf_exact,1,121,259.937
pf_exact,1,122,51.3437
pf_exact,1,123,81.8364
pf_exact,1,124,187.076
pf_exact,1,125,197.223
pf_exact,1,126,187.38
pf_exact,1,127,200.571
pf_exact,1,128,91.7554
pf_exact,1,129,36.9151
pf_exact,1,130,106.823
pf_exact,1,131,147.883
pf_exact,1,132,236.867
pf_exact,1,133,188.391
pf_exact,1,134,219.972
pf_exact,1,135,214.179
pf_exact,1,136,224.174
pf_exact,1,137,163.573
pf_exact,1,138,156.269
pf_exact,1,139,83.1394
pf_exact,1,140,53.9397
pf_exact,1,141,199.975
pf_exact,1,142,32.179
pf_exact,1,143,154.184
pf_exact,1,144,118.125
pf_exact,1,145,141.333
pf_exact,1,146,239.054
pf_exact,1,147,232.988
pf_exact,1,148,36.5161
pf_exact,1,149,171.213
copf_exact,1,0,177.756
copf_exact,1,1,407.87
copf_exact,1,2,320.552
copf_exact,1,3,273.832
copf_exact,1,4,194.743
copf_exact,1,5,398.057
copf_exact,1,6,277.481
copf_exact,1,7,218.152
copf_exact,1,8,370.115
copf_exact,1,9,278.62
copf_exact,1,10,218.223
copf_exact,1,11,385.511
copf_exact,1,12,286.012
copf_exact,1,13,210.6
copf_exact,1,14,368.913
copf_exact,1,15,282.373
copf_exact,1,16,219.68
copf_exact,1,17,404.812
copf_exact,1,18,329.097
copf_exact,1,19,257.397
copf_exact,1,20,190
copf_exact,1,21,386.216
copf_exact,1,22,225.882
copf_exact,1,23,316.271
copf_exact,1,24,185.493
copf_exact,1,25,322.747
copf_exact,1,26,214.569
copf_exact,1,27,337.477
copf_exact,1,28,249.202
copf_exact,1,29,354.974
copf_exact,1,30,263.906
copf_exact,1,31,201.849
copf_exact,1,32,410.245
copf_exact,1,33,318.529
copf_exact,1,34,245.754
copf_exact,1,35,363.311
copf_exact,1,36,286.103
copf_exact,1,37,222.772
copf_exact,1,38,316.842
copf_exact,1,39,198.596
copf_exact,1,40,357.775
copf_exact,1,41,242.25
copf_exact,1,42,373.249
copf_exact,1,43,202.95
copf_exact,1,44,306.835
copf_exact,1,45,196.46
copf_exact,1,46,348.395
copf_exact,1,47,254.41
copf_exact,1,48,381.14
copf_exact,1,49,286.807
copf_exact,1,50,210.645
copf_exact,1,51,283.682
copf_exact,1,52,195.054
copf_exact,1,53,322.233
copf_exact,1,54,240.619
copf_exact,1,55,313.081
copf_exact,1,56,185.249
copf_exact,1,57,340.945
copf_exact,1,58,227.115
copf_exact,1,59,352.911
copf_exact,1,60,227.87
copf_exact,1,61,302.067
copf_exact,1,62,160.213
copf_exact,1,63,310.179
copf_exact,1,64,189.988
copf_exact,1,65,285.12
copf_exact,1,66,131.732
copf_exact,1,67,246.045
copf_exact,1,68,273.893
copf_exact,1,69,150.403
copf_exact,1,70,206.155
copf_exact,1,71,180.466
copf_exact,1,72,236.54
copf_exact,1,73,206.908
copf_exact,1,74,212.242
copf_exact,1,75,249.844
copf_exact,1,76,296.444
copf_exact,1,77,197.512
copf_exact,1,78,345.069
copf_exact,1,79,251.819
copf_exact,1,80,374.826
copf_exact,1,81,249.608
copf_exact,1,82,336.867
copf_exact,1,83,216.121
copf_exact,1,84,354.683
copf_exact,1,85,210.063
copf_exact,1,86,298.834
copf_exact,1,87,123.784
copf_exact,1,88,241.586
copf_exact,1,89,217.753
copf_exact,1,90,227.256
copf_exact,1,91,227.306
copf_exact,1,92,252.925
copf_exact,1,93,279.542
copf_exact,1,94,158.617
copf_exact,1,95,283.84
copf_exact,1,96,174.405
copf_exact,1,97,296.073
copf_exact,1,98,187.856
copf_exact,1,99,329.418
copf_exact,1,100,225.029
copf_exact,1,101,361.25
copf_exact,1,102,232.94
copf_exact,1,103,326.124
copf_exact,1,104,221.359
copf_exact,1,105,268.759
copf_exact,1,106,186.853
copf_exact,1,107,325.208
copf_exact,1,108,236.778
copf_exact,1,109,372.569
copf_exact,1,110,283.041
copf_exact,1,111,215.827
copf_exact,1,112,343.667
copf_exact,1,113,233.563
copf_exact,1,114,316.48
copf_exact,1,115,212.754
copf_exact,1,116,348.542
copf_exact,1,117,257.791
copf_exact,1,118,191.855
copf_exact,1,119,374.969
copf_exact,1,120,290.228
copf_exact,1,121,235.947
copf_exact,1,122,351.186
copf_exact,1,123,240.716
copf_exact,1,124,374.355
copf_exact,1,125,273.988
copf_exact,1,126,194.456
copf_exact,1,127,370.66
copf_exact,1,128,290.659
copf_exact,1,129,186.142
copf_exact,1,130,366.588
copf_exact,1,131,277.093
copf_exact,1,132,204.883
copf_exact,1,133,394.234
copf_exact,1,134,302.154
copf_exact,1,135,237.235
copf_exact,1,136,412.111
copf_exact,1,137,290.028
copf_exact,1,138,196.147
copf_exact,1,139,353.984
copf_exact,1,140,246.212
copf_exact,1,141,387.76
copf_exact,1,142,285.337
copf_exact,1,143,224.616
copf_exact,1,144,375.612
copf_exact,1,145,290.166
copf_exact,1,146,231.575
copf_exact,1,147,428.941
copf_exact,1,148,283.617
copf_exact,1,149,206.261
pf_exact,2,0,77.6296
pf_exact,2,1,217.873
pf_exact,2,2,207.241
pf_exact,2,3,260.608
pf_exact,2,4,40.2218
pf_exact,2,5,215.939
pf_exact,2,6,80.1568
pf_exact,2,7,195.922
pf_exact,2,8,157.394
pf_exact,2,9,123.393
pf_exact,2,10,187.117
pf_exact,2,11,165.876
pf_exact,2,12,213.768
pf_exact,2,13,149.397
pf_exact,2,14,212.95
pf_exact,2,15,64.3972
pf_exact,2,16,237.165
pf_exact,2,17,215.415
pf_exact,2,18,144.244
pf_exact,2,19,183.327
pf_exact,2,20,123.371
pf_exact,2,21,182.215
pf_exact,2,22,27.7568
pf_exact,2,23,132.09
pf_exact,2,24,75.5357
pf_exact,2,25,122.857
pf_exact,2,26,96.738
pf_exact,2,27,122.752
pf_exact,2,28,30.8222
pf_exact,2,29,114.401
pf_exact,2,30,159.795
pf_exact,2,31,167.209
pf_exact,2,32,177.831
pf_exact,2,33,216.09
pf_exact,2,34,60.1452
pf_exact,2,35,131.769
pf_exact,2,36,219.414
pf_exact,2,37,235.11
pf_exact,2,38,62.2258
pf_exact,2,39,126.04
pf_exact,2,40,181.11
pf_exact,2,41,161.198
pf_exact,2,42,154.234
pf_exact,2,43,9.47262
pf_exact,2,44,165.64
pf_exact,2,45,150.577
pf_exact,2,46,162.25
pf_exact,2,47,33.4381
pf_exact,2,48,160.303
pf_exact,2,49,214.842
pf_exact,2,50,167.233
pf_exact,2,51,28.1293
pf_exact,2,52,190.362
pf_exact,2,53,47.6336
pf_exact,2,54,180.749
pf_exact,2,55,59.4496
pf_exact,2,56,96.5131
pf_exact,2,57,161.298
pf_exact,2,58,118.843
pf_exact,2,59,121.208
pf_exact,2,60,31.1604
pf_exact,2,61,63.2934
pf_exact,2,62,102.827
pf_exact,2,63,117.866
pf_exact,2,64,47.0545
pf_exact,2,65,89.643
pf_exact,2,66,4.35606
pf_exact,2,67,113.752
pf_exact,2,68,106.952
pf_exact,2,69,114.53
pf_exact,2,70,13.3472
pf_exact,2,71,24.276
pf_exact,2,72,73.8775
pf_exact,2,73,78.6653
pf_exact,2,74,97.6381
pf_exact,2,75,102.705
pf_exact,2,76,30.7739
pf_exact,2,77,41.2234
pf_exact,2,78,137.032
pf_exact,2,79,115.782
pf_exact,2,80,171.957
pf_exact,2,81,125.139
pf_exact,2,82,145.245
pf_exact,2,83,161.24
pf_exact,2,84,154.272
pf_exact,2,85,53.6046
pf_exact,2,86,79.3128
pf_exact,2,87,1.16374
pf_exact,2,88,116.367
pf_exact,2,89,76.4027
pf_exact,2,90,79.746
pf_exact,2,91,98.7256
pf_exact,2,92,102.318
pf_exact,2,93,90.4034
pf_exact,2,94,139.782
pf_exact,2,95,54.9022
pf_exact,2,96,160.433
pf_exact,2,97,100.69
pf_exact,2,98,98.104
pf_exact,2,99,164.164
pf_exact,2,100,180.764
pf_exact,2,101,172.085
pf_exact,2,102,188.741
pf_exact,2,103,120.801
pf_exact,2,104,139.751
pf_exact,2,105,32.7903
pf_exact,2,106,28.4109
pf_exact,2,107,105.878
pf_exact,2,108,83.59
pf_exact,2,109,171.062
pf_exact,2,110,169.546
pf_exact,2,111,194.494
pf_exact,2,112,124.135
pf_exact,2,113,197.44
pf_exact,2,114,116.646
pf_exact,2,115,179.023
pf_exact,2,116,125.4
pf_exact,2,117,156
pf_exact,2,118,162.676
pf_exact,2,119,104.552
pf_exact,2,120,255.055
pf_exact,2,121,244.942
pf_exact,2,122,122.605
pf_exact,2,123,94.7473
pf_exact,2,124,180.068
pf_exact,2,125,192.53
pf_exact,2,126,177.306
pf_exact,2,127,209.285
pf_exact,2,128,90.8878
pf_exact,2,129,35.5894
pf_exact,2,130,87.6397
pf_exact,2,131,141.013
pf_exact,2,132,220.494
pf_exact,2,133,196.36
pf_exact,2,134,230.177
pf_exact,2,135,224.027
pf_exact,2,136,224.579
pf_exact,2,137,143.661
pf_exact,2,138,149.115
pf_exact,2,139,96.8343
pf_exact,2,140,51.8698
pf_exact,2,141,193.458
pf_exact,2,142,29.6774
pf_exact,2,143,144.994
pf_exact,2,144,120.384
pf_exact,2,145,121.612
pf_exact,2,146,222.983
pf_exact,2,147,246.223
pf_exact,2,148,28.5654
pf_exact,2,149,178.937
copf_exact,2,0,174.356
copf_exact,2,1,407.209
copf_exact,2,2,337.398
copf_exact,2,3,271.723
copf_exact,2,4,184.614
copf_exact,2,5,412.396
copf_exact,2,6,281.255
copf_exact,2,7,210.609
copf_exact,2,8,362.596
copf_exact,2,9,278.97
copf_exact,2,10,213.733
copf_exact,2,11,376.562
copf_exact,2,12,283.476
copf_exact,2,13,195.348
copf_exact,2,14,386.526
copf_exact,2,15,288.472
copf_exact,2,16,234.382
copf_exact,2,17,410.799
copf_exact,2,18,325.429
copf_exact,2,19,242.517
copf_exact,2,20,364.726
copf_exact,2,21,273.036
copf_exact,2,22,161.336
copf_exact,2,23,318.79
copf_exact,2,24,179.023
copf_exact,2,25,312.987
copf_exact,2,26,225.616
copf_exact,2,27,333.542
copf_exact,2,28,237.483
copf_exact,2,29,328.182
copf_exact,2,30,238.528
copf_exact,2,31,387.477
copf_exact,2,32,304.31
copf_exact,2,33,232.323
copf_exact,2,34,353.038
copf_exact,2,35,277.652
copf_exact,2,36,225.209
copf_exact,2,37,417.993
copf_exact,2,38,282.242
copf_exact,2,39,188.379
copf_exact,2,40,366.271
copf_exact,2,41,249.906
copf_exact,2,42,361.805
copf_exact,2,43,201.491
copf_exact,2,44,315.659
copf_exact,2,45,209.122
copf_exact,2,46,349.031
copf_exact,2,47,267.193
copf_exact,2,48,215.086
copf_exact,2,49,410.566
copf_exact,2,50,305.017
copf_exact,2,51,192.166
copf_exact,2,52,348.272
copf_exact,2,53,256.112
copf_exact,2,54,188.728
copf_exact,2,55,301.721
copf_exact,2,56,171.312
copf_exact,2,57,342.774
copf_exact,2,58,232.25
copf_exact,2,59,354.277
copf_exact,2,60,222.502
copf_exact,2,61,292.865
copf_exact,2,62,163.052
copf_exact,2,63,285.776
copf_exact,2,64,189.461
copf_exact,2,65,308.424
copf_exact,2,66,132.866
copf_exact,2,67,246.679
copf_exact,2,68,258.087
copf_exact,2,69,136.772
copf_exact,2,70,216.972
copf_exact,2,71,191.491
copf_exact,2,72,233.192
copf_exact,2,73,199.47
copf_exact,2,74,220.795
copf_exact,2,75,238.988
copf_exact,2,76,272.897
copf_exact,2,77,180.048
copf_exact,2,78,355.163
copf_exact,2,79,260.714
copf_exact,2,80,174.024
copf_exact,2,81,338.686
copf_exact,2,82,211.269
copf_exact,2,83,348.658
copf_exact,2,84,247.21
copf_exact,2,85,295.742
copf_exact,2,86,167.403
copf_exact,2,87,147.078
copf_exact,2,88,235.101
copf_exact,2,89,212.175
copf_exact,2,90,216.504
copf_exact,2,91,220.393
copf_exact,2,92,242.173
copf_exact,2,93,269.876
copf_exact,2,94,151.988
copf_exact,2,95,287.38
copf_exact,2,96,180.176
copf_exact,2,97,293.085
copf_exact,2,98,180.125
copf_exact,2,99,333.525
copf_exact,2,100,223.494
copf_exact,2,101,353.366
copf_exact,2,102,237.859
copf_exact,2,103,333.275
copf_exact,2,104,227.865
copf_exact,2,105,270.897
copf_exact,2,106,202.484
copf_exact,2,107,329.201
copf_exact,2,108,237.375
copf_exact,2,109,373.26
copf_exact,2,110,277.072
copf_exact,2,111,202.844
copf_exact,2,112,339.318
copf_exact,2,113,235.618
copf_exact,2,114,350.57
copf_exact,2,115,236.242
copf_exact,2,116,349.96
copf_exact,2,117,250.206
copf_exact,2,118,381.873
copf_exact,2,119,304.994
copf_exact,2,120,245.636
copf_exact,2,121,426.751
copf_exact,2,122,306.785
copf_exact,2,123,213.166
copf_exact,2,124,368.155
copf_exact,2,125,245.447
copf_exact,2,126,383.269
copf_exact,2,127,275.093
copf_exact,2,128,220.775
copf_exact,2,129,283.955
copf_exact,2,130,226.703
copf_exact,2,131,377.9
copf_exact,2,132,295.061
copf_exact,2,133,224.943
copf_exact,2,134,409.056
copf_exact,2,135,313.978
copf_exact,2,136,243.028
copf_exact,2,137,359.203
copf_exact,2,138,241.813
copf_exact,2,139,367.027
copf_exact,2,140,245.835
copf_exact,2,141,384.775
copf_exact,2,142,304.004
copf_exact,2,143,230.648
copf_exact,2,144,374.724
copf_exact,2,145,300.025
copf_exact,2,146,231.676
copf_exact,2,147,422.316
copf_exact,2,148,288.77
copf_exact,2,149,213.591
pf_exact,3,0,75.068
pf_exact,3,1,232.733
pf_exact,3,2,207.572
pf_exact,3,3,257.768
pf_exact,3,4,39.3212
pf_exact,3,5,222.274
pf_exact,3,6,78.1285
pf_exact,3,7,187.852
pf_exact,3,8,160.053
pf_exact,3,9,133.059
pf_exact,3,10,183.82
pf_exact,3,11,170.522
pf_exact,3,12,223.52
pf_exact,3,13,139.541
pf_exact,3,14,184.201
pf_exact,3,15,65.6305
pf_exact,3,16,205.167
pf_exact,3,17,214.706
pf_exact,3,18,145.508
pf_exact,3,19,156.672
pf_exact,3,20,130.227
pf_exact,3,21,178.897
pf_exact,3,22,31.7517
pf_exact,3,23,119.527
pf_exact,3,24,58.6221
pf_exact,3,25,133.076
pf_exact,3,26,105.513
pf_exact,3,27,134.889
pf_exact,3,28,47.2901
pf_exact,3,29,122.646
pf_exact,3,30,150.06
pf_exact,3,31,146.116
pf_exact,3,32,186.391
pf_exact,3,33,229.416
pf_exact,3,34,61.4354
pf_exact,3,35,112.911
pf_exact,3,36,233.21
pf_exact,3,37,215.877
pf_exact,3,38,70.849
pf_exact,3,39,126.305
pf_exact,3,40,177.099
pf_exact,3,41,154.134
pf_exact,3,42,171.346
pf_exact,3,43,7.49505
pf_exact,3,44,138.113
pf_exact,3,45,161.277
pf_exact,3,46,163.347
pf_exact,3,47,13.6469
pf_exact,3,48,143.946
pf_exact,3,49,213.426
pf_exact,3,50,167.649
pf_exact,3,51,40.2348
pf_exact,3,52,180.086
pf_exact,3,53,42.9164
pf_exact,3,54,174.766
pf_exact,3,55,53.9641
pf_exact,3,56,112.432
pf_exact,3,57,177.254
pf_exact,3,58,140.539
pf_exact,3,59,103.623
pf_exact,3,60,33.1765
pf_exact,3,61,54.1021
pf_exact,3,62,96.7132
pf_exact,3,63,120.144
pf_exact,3,64,58.2521
pf_exact,3,65,70.5121
pf_exact,3,66,4.46223
pf_exact,3,67,107.74
pf_exact,3,68,119.639
pf_exact,3,69,128.238
pf_exact,3,70,11.7017
pf_exact,3,71,26.279
pf_exact,3,72,92.5336
pf_exact,3,73,78.4788
pf_exact,3,74,94.6161
pf_exact,3,75,113.052
pf_exact,3,76,25.7367
pf_exact,3,77,31.8462
pf_exact,3,78,119.518
pf_exact,3,79,109.246
pf_exact,3,80,168.818
pf_exact,3,81,119.589
pf_exact,3,82,144.769
pf_exact,3,83,173.525
pf_exact,3,84,149.445
pf_exact,3,85,62.0866
pf_exact,3,86,80.9038
pf_exact,3,87,1.00289
pf_exact,3,88,116.819
pf_exact,3,89,69.079
pf_exact,3,90,67.1317
pf_exact,3,91,101.833
pf_exact,3,92,109.238
pf_exact,3,93,103.635
pf_exact,3,94,149.029
pf_exact,3,95,48.1696
pf_exact,3,96,150.615
pf_exact,3,97,103.639
pf_exact,3,98,113.526
pf_exact,3,99,166.84
pf_exact,3,100,148.22
pf_exact,3,101,189.202
pf_exact,3,102,164.634
pf_exact,3,103,123.561
pf_exact,3,104,135.17
pf_exact,3,105,34.102
pf_exact,3,106,32.0905
pf_exact,3,107,85.0692
pf_exact,3,108,83.9797
pf_exact,3,109,169.198
pf_exact,3,110,144.42
pf_exact,3,111,206.087
pf_exact,3,112,107.146
pf_exact,3,113,202.017
pf_exact,3,114,106.821
pf_exact,3,115,183.98
pf_exact,3,116,131.952
pf_exact,3,117,157.988
pf_exact,3,118,137.424
pf_exact,3,119,118.02
pf_exact,3,120,249.276
pf_exact,3,121,246.361
pf_exact,3,122,96.1001
pf_exact,3,123,103.551
pf_exact,3,124,201.075
pf_exact,3,125,183.732
pf_exact,3,126,192.743
pf_exact,3,127,201.309
pf_exact,3,128,101.745
pf_exact,3,129,37.7564
pf_exact,3,130,106.219
pf_exact,3,131,118.074
pf_exact,3,132,224.439
pf_exact,3,133,206.22
pf_exact,3,134,227.448
pf_exact,3,135,210.723
pf_exact,3,136,223.513
pf_exact,3,137,144.06
pf_exact,3,138,156.879
pf_exact,3,139,79.1587
pf_exact,3,140,52.7378
pf_exact,3,141,190.761
pf_exact,3,142,28.3075
pf_exact,3,143,139.707
pf_exact,3,144,124.848
pf_exact,3,145,125.994
pf_exact,3,146,242.878
pf_exact,3,147,248.066
pf_exact,3,148,25.1935
pf_exact,3,149,183.196
copf_exact,3,0,173.491
copf_exact,3,1,422.729
copf_exact,3,2,344.954
copf_exact,3,3,282.326
copf_exact,3,4,203.053
copf_exact,3,5,415.543
copf_exact,3,6,295.691
copf_exact,3,7,220.827
copf_exact,3,8,359.113
copf_exact,3,9,277.611
copf_exact,3,10,217.686
copf_exact,3,11,364.282
copf_exact,3,12,272.512
copf_exact,3,13,189.184
copf_exact,3,14,363.743
copf_exact,3,15,280.532
copf_exact,3,16,213.98
copf_exact,3,17,411.105
copf_exact,3,18,327.864
copf_exact,3,19,252.069
copf_exact,3,20,368.492
copf_exact,3,21,264.072
copf_exact,3,22,153.483
copf_exact,3,23,320.588
copf_exact,3,24,181.358
copf_exact,3,25,310.196
copf_exact,3,26,209.971
copf_exact,3,27,329.711
copf_exact,3,28,243.474
copf_exact,3,29,350.79
copf_exact,3,30,278.156
copf_exact,3,31,205.903
copf_exact,3,32,390.608
copf_exact,3,33,296.271
copf_exact,3,34,234.675
copf_exact,3,35,372.843
copf_exact,3,36,289.772
copf_exact,3,37,227.323
copf_exact,3,38,313.156
copf_exact,3,39,215.931
copf_exact,3,40,361.663
copf_exact,3,41,252.652
copf_exact,3,42,360.829
copf_exact,3,43,208.417
copf_exact,3,44,323.148
copf_exact,3,45,207.859
copf_exact,3,46,343.16
copf_exact,3,47,250.539
copf_exact,3,48,376.132
copf_exact,3,49,292.117
copf_exact,3,50,212.986
copf_exact,3,51,266.62
copf_exact,3,52,185.541
copf_exact,3,53,315.781
copf_exact,3,54,229.292
copf_exact,3,55,308.187
copf_exact,3,56,194.058
copf_exact,3,57,347.078
copf_exact,3,58,249.902
copf_exact,3,59,353.472
copf_exact,3,60,219.174
copf_exact,3,61,290.849
copf_exact,3,62,165.743
copf_exact,3,63,278.357
copf_exact,3,64,168.581
copf_exact,3,65,300.116
copf_exact,3,66,135.924
copf_exact,3,67,245.428
copf_exact,3,68,254.773
copf_exact,3,69,282.395
copf_exact,3,70,124.629
copf_exact,3,71,177.855
copf_exact,3,72,225.343
copf_exact,3,73,199.727
copf_exact,3,74,234.203
copf_exact,3,75,255.218
copf_exact,3,76,293.985
copf_exact,3,77,194.777
copf_exact,3,78,351.148
copf_exact,3,79,264.704
copf_exact,3,80,190.079
copf_exact,3,81,343.813
copf_exact,3,82,222.911
copf_exact,3,83,341.828
copf_exact,3,84,244.7
copf_exact,3,85,285.829
copf_exact,3,86,155.516
copf_exact,3,87,135.584
copf_exact,3,88,250.258
copf_exact,3,89,218.398
copf_exact,3,90,217.638
copf_exact,3,91,227.038
copf_exact,3,92,253.871
copf_exact,3,93,260.73
copf_exact,3,94,141.059
copf_exact,3,95,288.792
copf_exact,3,96,173.47
copf_exact,3,97,300.211
copf_exact,3,98,202.551
copf_exact,3,99,337.356
copf_exact,3,100,228.081
copf_exact,3,101,365.307
copf_exact,3,102,249.32
copf_exact,3,103,319.92
copf_exact,3,104,220.679
copf_exact,3,105,275.082
copf_exact,3,106,197.131
copf_exact,3,107,317.065
copf_exact,3,108,229.44
copf_exact,3,109,356.303
copf_exact,3,110,274.281
copf_exact,3,111,211.471
copf_exact,3,112,345.104
copf_exact,3,113,244.355
copf_exact,3,114,338.76
copf_exact,3,115,231.761
copf_exact,3,116,357.214
copf_exact,3,117,271.907
copf_exact,3,118,217.723
copf_exact,3,119,366.872
copf_exact,3,120,296.678
copf_exact,3,121,241.529
copf_exact,3,122,354.508
copf_exact,3,123,225.58
copf_exact,3,124,374.243
copf_exact,3,125,266.209
copf_exact,3,126,199.189
copf_exact,3,127,392.511
copf_exact,3,128,304.961
copf_exact,3,129,204.824
copf_exact,3,130,364.843
copf_exact,3,131,281.47
copf_exact,3,132,218.36
copf_exact,3,133,394.645
copf_exact,3,134,296.009
copf_exact,3,135,235.166
copf_exact,3,136,400.601
copf_exact,3,137,288.918
copf_exact,3,138,200.392
copf_exact,3,139,352.733
copf_exact,3,140,240.408
copf_exact,3,141,375.533
copf_exact,3,142,286.751
copf_exact,3,143,210.975
copf_exact,3,144,369.43
copf_exact,3,145,292.915
copf_exact,3,146,231.365
copf_exact,3,147,427.066
copf_exact,3,148,275.197
copf_exact,3,149,196.816
pf_exact,4,0,75.6543
pf_exact,4,1,229.128
pf_exact,4,2,193.987
pf_exact,4,3,246.885
pf_exact,4,4,81.8719
pf_exact,4,5,243.464
pf_exact,4,6,71.791
pf_exact,4,7,209.987
pf_exact,4,8,142.455
pf_exact,4,9,131.536
pf_exact,4,10,192.324
pf_exact,4,11,154.564
pf_exact,4,12,215.678
pf_exact,4,13,141.161
pf_exact,4,14,189.368
pf_exact,4,15,53.8248
pf_exact,4,16,204.405
pf_exact,4,17,212.97
pf_exact,4,18,152.511
pf_exact,4,19,172.774
pf_exact,4,20,119.876
pf_exact,4,21,182.865
pf_exact,4,22,26.06
pf_exact,4,23,132.615
pf_exact,4,24,74.203
pf_exact,4,25,128.644
pf_exact,4,26,91.7613
pf_exact,4,27,135.663
pf_exact,4,28,41.3295
pf_exact,4,29,100.484
pf_exact,4,30,167.965
pf_exact,4,31,150.954
pf_exact,4,32,188.99
pf_exact,4,33,224.8
pf_exact,4,34,63.176
pf_exact,4,35,130.671
pf_exact,4,36,230.7
pf_exact,4,37,236.466
pf_exact,4,38,64.3836
pf_exact,4,39,141.346
pf_exact,4,40,189.875
pf_exact,4,41,167.858
pf_exact,4,42,150.946
pf_exact,4,43,6.27095
pf_exact,4,44,138.431
pf_exact,4,45,153.405
pf_exact,4,46,182.282
pf_exact,4,47,14.5407
pf_exact,4,48,145.872
pf_exact,4,49,218.634
pf_exact,4,50,169.393
pf_exact,4,51,29.1464
pf_exact,4,52,187.157
pf_exact,4,53,42.4051
pf_exact,4,54,188.118
pf_exact,4,55,66.7686
pf_exact,4,56,110.213
pf_exact,4,57,180.166
pf_exact,4,58,131.539
pf_exact,4,59,121.032
pf_exact,4,60,41.7607
pf_exact,4,61,65.2898
pf_exact,4,62,102.847
pf_exact,4,63,133.609
pf_exact,4,64,48.3841
pf_exact,4,65,62.3305
pf_exact,4,66,4.04566
pf_exact,4,67,119.565
pf_exact,4,68,118.333
pf_exact,4,69,127.88
pf_exact,4,70,14.3881
pf_exact,4,71,31.1651
pf_exact,4,72,79.8825
pf_exact,4,73,61.8724
pf_exact,4,74,103.589
pf_exact,4,75,108.889
pf_exact,4,76,35.0481
pf_exact,4,77,29.3221
pf_exact,4,78,130.057
pf_exact,4,79,110.65
pf_exact,4,80,175.321
pf_exact,4,81,125.056
pf_exact,4,82,146.226
pf_exact,4,83,165.768
pf_exact,4,84,159.044
pf_exact,4,85,68.6617
pf_exact,4,86,74.2857
pf_exact,4,87,1.00005
pf_exact,4,88,123.572
pf_exact,4,89,66.1505
pf_exact,4,90,67.8751
pf_exact,4,91,122.269
pf_exact,4,92,111.786
pf_exact,4,93,90.9018
pf_exact,4,94,134.175
pf_exact,4,95,53.3947
pf_exact,4,96,160.494
pf_exact,4,97,95.3316
pf_exact,4,98,129.96
pf_exact,4,99,173.817
pf_exact,4,100,150.886
pf_exact,4,101,170.962
pf_exact,4,102,171.936
pf_exact,4,103,137.096
pf_exact,4,104,133.035
pf_exact,4,105,27.2635
pf_exact,4,106,28.7181
pf_exact,4,107,105.919
pf_exact,4,108,91.1741
pf_exact,4,109,181.904
pf_exact,4,110,146.928
pf_exact,4,111,203.57
pf_exact,4,112,113.22
pf_exact,4,113,195.996
pf_exact,4,114,131.562
pf_exact,4,115,185.598
pf_exact,4,116,126.706
pf_exact,4,117,170.857
pf_exact,4,118,142.755
pf_exact,4,119,105.258
pf_exact,4,120,247.15
pf_exact,4,121,264.048
pf_exact,4,122,57.8429
pf_exact,4,123,88.1514
pf_exact,4,124,181.305
pf_exact,4,125,196.396
pf_exact,4,126,195.108
pf_exact,4,127,210.063
pf_exact,4,128,96.9549
pf_exact,4,129,37.6018
pf_exact,4,130,109.223
pf_exact,4,131,137.143
pf_exact,4,132,231.456
pf_exact,4,133,195.179
pf_exact,4,134,217.878
pf_exact,4,135,209.16
pf_exact,4,136,219.026
pf_exact,4,137,138.95
pf_exact,4,138,151.324
pf_exact,4,139,86.9559
pf_exact,4,140,51.1665
pf_exact,4,141,186.547
pf_exact,4,142,40.1919
pf_exact,4,143,171.968
pf_exact,4,144,124.58
pf_exact,4,145,159.512
pf_exact,4,146,228.663
pf_exact,4,147,235.364
pf_exact,4,148,32.9966
pf_exact,4,149,176.747
copf_exact,4,0,179.054
copf_exact,4,1,414.798
copf_exact,4,2,336.213
copf_exact,4,3,280.676
copf_exact,4,4,193.395
copf_exact,4,5,406.816
copf_exact,4,6,282.084
copf_exact,4,7,214.155
copf_exact,4,8,355.97
copf_exact,4,9,267.764
copf_exact,4,10,213.203
copf_exact,4,11,385.383
copf_exact,4,12,282.758
copf_exact,4,13,203.103
copf_exact,4,14,383.841
copf_exact,4,15,282.582
copf_exact,4,16,214.399
copf_exact,4,17,408.202
copf_exact,4,18,324.167
copf_exact,4,19,251.467
copf_exact,4,20,359.521
copf_exact,4,21,258.243
copf_exact,4,22,161.57
copf_exact,4,23,322.181
copf_exact,4,24,183.448
copf_exact,4,25,322.697
copf_exact,4,26,224.707
copf_exact,4,27,333.7
copf_exact,4,28,250.89
copf_exact,4,29,340.408
copf_exact,4,30,249.042
copf_exact,4,31,375.093
copf_exact,4,32,288.248
copf_exact,4,33,216.782
copf_exact,4,34,342.469
copf_exact,4,35,270.899
copf_exact,4,36,216.458
copf_exact,4,37,413.517
copf_exact,4,38,284.266
copf_exact,4,39,192.73
copf_exact,4,40,368.459
copf_exact,4,41,261.228
copf_exact,4,42,191.716
copf_exact,4,43,215.873
copf_exact,4,44,318.82
copf_exact,4,45,204.664
copf_exact,4,46,331.066
copf_exact,4,47,236.702
copf_exact,4,48,378.417
copf_exact,4,49,299.035
copf_exact,4,50,212.641
copf_exact,4,51,256.502
copf_exact,4,52,190.328
copf_exact,4,53,325.235
copf_exact,4,54,236.875
copf_exact,4,55,308.855
copf_exact,4,56,185.42
copf_exact,4,57,340.651
copf_exact,4,58,231.121
copf_exact,4,59,349.697
copf_exact,4,60,220.685
copf_exact,4,61,287.297
copf_exact,4,62,166.198
copf_exact,4,63,299.339
copf_exact,4,64,202.202
copf_exact,4,65,289.071
copf_exact,4,66,133.707
copf_exact,4,67,251.666
copf_exact,4,68,244.802
copf_exact,4,69,264.74
copf_exact,4,70,119.672
copf_exact,4,71,194.361
copf_exact,4,72,231.283
copf_exact,4,73,199.479
copf_exact,4,74,226.612
copf_exact,4,75,259.086
copf_exact,4,76,139.544
copf_exact,4,77,291.38
copf_exact,4,78,204.866
copf_exact,4,79,371.859
copf_exact,4,80,266.375
copf_exact,4,81,174.109
copf_exact,4,82,347.929
copf_exact,4,83,229.918
copf_exact,4,84,361.886
copf_exact,4,85,212.269
copf_exact,4,86,306.726
copf_exact,4,87,130.321
copf_exact,4,88,242.092
copf_exact,4,89,216.908
copf_exact,4,90,211.997
copf_exact,4,91,228.729
copf_exact,4,92,237.342
copf_exact,4,93,266.942
copf_exact,4,94,139.665
copf_exact,4,95,301.184
copf_exact,4,96,183.455
copf_exact,4,97,312.978
copf_exact,4,98,206.66
copf_exact,4,99,332.475
copf_exact,4,100,221.819
copf_exact,4,101,350.041
copf_exact,4,102,235.461
copf_exact,4,103,330.538
copf_exact,4,104,228.023
copf_exact,4,105,280.731
copf_exact,4,106,193.493
copf_exact,4,107,319.521
copf_exact,4,108,221.305
copf_exact,4,109,364.252
copf_exact,4,110,270.18
copf_exact,4,111,207.755
copf_exact,4,112,344.233
copf_exact,4,113,253.562
copf_exact,4,114,330.321
copf_exact,4,115,225.756
copf_exact,4,116,348.008
copf_exact,4,117,254.912
copf_exact,4,118,383.482
copf_exact,4,119,291.404
copf_exact,4,120,239.086
copf_exact,4,121,421.169
copf_exact,4,122,303.839
copf_exact,4,123,207.448
copf_exact,4,124,373.397
copf_exact,4,125,268.177
copf_exact,4,126,190.253
copf_exact,4,127,386.745
copf_exact,4,128,291.153
copf_exact,4,129,202.434
copf_exact,4,130,360.438
copf_exact,4,131,275.091
copf_exact,4,132,210.099
copf_exact,4,133,389.822
copf_exact,4,134,299.177
copf_exact,4,135,233.202
copf_exact,4,136,404.49
copf_exact,4,137,290.74
copf_exact,4,138,217.371
copf_exact,4,139,358.506
copf_exact,4,140,237.446
copf_exact,4,141,369.963
copf_exact,4,142,277.305
copf_exact,4,143,209.521
copf_exact,4,144,364.013
copf_exact,4,145,293.383
copf_exact,4,146,226.022
copf_exact,4,147,430.606
copf_exact,4,148,289.257
copf_exact,4,149,216.128
pf_exact,5,0,72.451
pf_exact,5,1,234.174
pf_exact,5,2,195.724
pf_exact,5,3,261.156
pf_exact,5,4,36.8757
pf_exact,5,5,222.585
pf_exact,5,6,65.6144
pf_exact,5,7,194.309
pf_exact,5,8,157.614
pf_exact,5,9,129.374
pf_exact,5,10,186.392
pf_exact,5,11,157.188
pf_exact,5,12,207.514
pf_exact,5,13,139.629
pf_exact,5,14,202.942
pf_exact,5,15,56.8612
pf_exact,5,16,208.71
pf_exact,5,17,216.467
pf_exact,5,18,135.648
pf_exact,5,19,166.844
pf_exact,5,20,161.843
pf_exact,5,21,186.498
pf_exact,5,22,26.9185
pf_exact,5,23,132.203
pf_exact,5,24,51.6627
pf_exact,5,25,124.935
pf_exact,5,26,100.168
pf_exact,5,27,125.95
pf_exact,5,28,37.4431
pf_exact,5,29,113.633
pf_exact,5,30,162.533
pf_exact,5,31,166.017
pf_exact,5,32,182.791
pf_exact,5,33,212.212
pf_exact,5,34,45.563
pf_exact,5,35,136.873
pf_exact,5,36,228.01
pf_exact,5,37,231.011
pf_exact,5,38,59.3471
pf_exact,5,39,109.815
pf_exact,5,40,176.961
pf_exact,5,41,157.285
pf_exact,5,42,153.196
pf_exact,5,43,9.35753
pf_exact,5,44,136.827
pf_exact,5,45,160.024
pf_exact,5,46,158.845
pf_exact,5,47,23.1354
pf_exact,5,48,159.288
pf_exact,5,49,235.745
pf_exact,5,50,148.265
pf_exact,5,51,33.7714
pf_exact,5,52,193.344
pf_exact,5,53,31.4665
pf_exact,5,54,175.153
pf_exact,5,55,49.6597
pf_exact,5,56,110.184
pf_exact,5,57,163.001
pf_exact,5,58,124.926
pf_exact,5,59,112.286
pf_exact,5,60,40.6306
pf_exact,5,61,56.7198
pf_exact,5,62,92.5446
pf_exact,5,63,111.939
pf_exact,5,64,54.2466
pf_exact,5,65,70.7979
pf_exact,5,66,5.18951
pf_exact,5,67,115.225
pf_exact,5,68,122.163
pf_exact,5,69,130.553
pf_exact,5,70,12.2918
pf_exact,5,71,28.5568
pf_exact,5,72,89.9132
pf_exact,5,73,66.7127
pf_exact,5,74,117.632
pf_exact,5,75,102.282
pf_exact,5,76,34.1117
pf_exact,5,77,24.8597
pf_exact,5,78,133.659
pf_exact,5,79,102.325
pf_exact,5,80,167.426
pf_exact,5,81,135.004
pf_exact,5,82,127.593
pf_exact,5,83,174.019
pf_exact,5,84,148.5
pf_exact,5,85,74.0625
pf_exact,5,86,68.1204
pf_exact,5,87,1.02963
pf_exact,5,88,113.399
pf_exact,5,89,58.482
pf_exact,5,90,84.4646
pf_exact,5,91,111.965
pf_exact,5,92,101.106
pf_exact,5,93,75.0261
pf_exact,5,94,127.165
pf_exact,5,95,50.1188
pf_exact,5,96,135.163
pf_exact,5,97,117.682
pf_exact,5,98,119.823
pf_exact,5,99,157.87
pf_exact,5,100,150.087
pf_exact,5,101,192.178
pf_exact,5,102,181.578
pf_exact,5,103,130.552
pf_exact,5,104,126.927
pf_exact,5,105,33.5604
pf_exact,5,106,27.8675
pf_exact,5,107,106.469
pf_exact,5,108,97.0711
pf_exact,5,109,174.839
pf_exact,5,110,153.63
pf_exact,5,111,227.146
pf_exact,5,112,105.451
pf_exact,5,113,186.845
pf_exact,5,114,123.629
pf_exact,5,115,162.9
pf_exact,5,116,120.147
pf_exact,5,117,159.426
pf_exact,5,118,147.246
pf_exact,5,119,106.745
pf_exact,5,120,260.21
pf_exact,5,121,127.336
pf_exact,5,122,97.2476
pf_exact,5,123,97.3855
pf_exact,5,124,192.599
pf_exact,5,125,206.187
pf_exact,5,126,172.022
pf_exact,5,127,197.128
pf_exact,5,128,90.974
pf_exact,5,129,36.8817
pf_exact,5,130,89.8182
pf_exact,5,131,143.046
pf_exact,5,132,226.437
pf_exact,5,133,207.305
pf_exact,5,134,237.023
pf_exact,5,135,203.187
pf_exact,5,136,215.486
pf_exact,5,137,143.228
pf_exact,5,138,164.787
pf_exact,5,139,83.4757
pf_exact,5,140,58.3955
pf_exact,5,141,188.175
pf_exact,5,142,39.1191
pf_exact,5,143,163.517
pf_exact,5,144,108.778
pf_exact,5,145,134.486
pf_exact,5,146,233.659
pf_exact,5,147,237.621
pf_exact,5,148,24.9391
pf_exact,5,149,182.411
copf_exact,5,0,162.061
copf_exact,5,1,419.278
copf_exact,5,2,333.031
copf_exact,5,3,278.485
copf_exact,5,4,191.272
copf_exact,5,5,408.955
copf_exact,5,6,280.199
copf_exact,5,7,205.74
copf_exact,5,8,360.324
copf_exact,5,9,278.811
copf_exact,5,10,222.471
copf_exact,5,11,379.832
copf_exact,5,12,275.923
copf_exact,5,13,200.152
copf_exact,5,14,371.199
copf_exact,5,15,277.643
copf_exact,5,16,212.358
copf_exact,5,17,417.037
copf_exact,5,18,337.659
copf_exact,5,19,261.193
copf_exact,5,20,184.389
copf_exact,5,21,382.672
copf_exact,5,22,231.452
copf_exact,5,23,323.278
copf_exact,5,24,194.954
copf_exact,5,25,310.706
copf_exact,5,26,222.788
copf_exact,5,27,326.156
copf_exact,5,28,236.905
copf_exact,5,29,328.541
copf_exact,5,30,245.692
copf_exact,5,31,382.601
copf_exact,5,32,290.723
copf_exact,5,33,221.164
copf_exact,5,34,319.232
copf_exact,5,35,256.447
copf_exact,5,36,193.706
copf_exact,5,37,403.904
copf_exact,5,38,279.853
copf_exact,5,39,186.801
copf_exact,5,40,371.28
copf_exact,5,41,253.964
copf_exact,5,42,372.892
copf_exact,5,43,197.616
copf_exact,5,44,320.456
copf_exact,5,45,195.593
copf_exact,5,46,337.201
copf_exact,5,47,249.686
copf_exact,5,48,380.744
copf_exact,5,49,296.549
copf_exact,5,50,207.175
copf_exact,5,51,274.821
copf_exact,5,52,186.586
copf_exact,5,53,317.901
copf_exact,5,54,231.383
copf_exact,5,55,316.381
copf_exact,5,56,199.047
copf_exact,5,57,325.219
copf_exact,5,58,222.924
copf_exact,5,59,356.355
copf_exact,5,60,223.586
copf_exact,5,61,291.305
copf_exact,5,62,159.232
copf_exact,5,63,284.815
copf_exact,5,64,169.33
copf_exact,5,65,279.034
copf_exact,5,66,124.934
copf_exact,5,67,227.907
copf_exact,5,68,267.7
copf_exact,5,69,151.512
copf_exact,5,70,213.603
copf_exact,5,71,193.167
copf_exact,5,72,222.489
copf_exact,5,73,200.369
copf_exact,5,74,211.646
copf_exact,5,75,251.3
copf_exact,5,76,277.011
copf_exact,5,77,185.688
copf_exact,5,78,356.246
copf_exact,5,79,265.293
copf_exact,5,80,195.457
copf_exact,5,81,336.843
copf_exact,5,82,231.12
copf_exact,5,83,354.456
copf_exact,5,84,250.418
copf_exact,5,85,300.667
copf_exact,5,86,173.405
copf_exact,5,87,166.699
copf_exact,5,88,254.641
copf_exact,5,89,234.887
copf_exact,5,90,220.028
copf_exact,5,91,221.179
copf_exact,5,92,245.361
copf_exact,5,93,257.589
copf_exact,5,94,151.583
copf_exact,5,95,300.252
copf_exact,5,96,178.267
copf_exact,5,97,308.03
copf_exact,5,98,201.054
copf_exact,5,99,334.222
copf_exact,5,100,223.199
copf_exact,5,101,349.999
copf_exact,5,102,234.998
copf_exact,5,103,338.524
copf_exact,5,104,237.755
copf_exact,5,105,278.442
copf_exact,5,106,201.038
copf_exact,5,107,328.217
copf_exact,5,108,231.112
copf_exact,5,109,364.331
copf_exact,5,110,275.287
copf_exact,5,111,196.859
copf_exact,5,112,337.993
copf_exact,5,113,235.681
copf_exact,5,114,332.646
copf_exact,5,115,225.367
copf_exact,5,116,376.342
copf_exact,5,117,283.127
copf_exact,5,118,228.333
copf_exact,5,119,376.147
copf_exact,5,120,302.574
copf_exact,5,121,251.158
copf_exact,5,122,350.849
copf_exact,5,123,230.572
copf_exact,5,124,370.174
copf_exact,5,125,260.752
copf_exact,5,126,185.376
copf_exact,5,127,388.425
copf_exact,5,128,301.384
copf_exact,5,129,196.219
copf_exact,5,130,366.86
copf_exact,5,131,277.007
copf_exact,5,132,211.7
copf_exact,5,133,383.549
copf_exact,5,134,294.399
copf_exact,5,135,225.573
copf_exact,5,136,408.571
copf_exact,5,137,295.947
copf_exact,5,138,209.283
copf_exact,5,139,354.88
copf_exact,5,140,230.062
copf_exact,5,141,374.771
copf_exact,5,142,279.541
copf_exact,5,143,210.074
copf_exact,5,144,373.767
copf_exact,5,145,292.473
copf_exact,5,146,244.679
copf_exact,5,147,422.121
copf_exact,5,148,278.07
copf_exact,5,149,195.635
pf_exact,6,0,75.1245
pf_exact,6,1,211.262
pf_exact,6,2,194.817
pf_exact,6,3,247.717
pf_exact,6,4,73.7837
pf_exact,6,5,220.382
pf_exact,6,6,78.7415
pf_exact,6,7,189.163
pf_exact,6,8,154.264
pf_exact,6,9,125.589
pf_exact,6,10,179.318
pf_exact,6,11,168.929
pf_exact,6,12,199.271
pf_exact,6,13,143.221
pf_exact,6,14,195.103
pf_exact,6,15,59.7331
pf_exact,6,16,214.424
pf_exact,6,17,209.81
pf_exact,6,18,149.791
pf_exact,6,19,178.794
pf_exact,6,20,146.701
pf_exact,6,21,186.377
pf_exact,6,22,20.5541
pf_exact,6,23,116.078
pf_exact,6,24,63.6181
pf_exact,6,25,138.507
pf_exact,6,26,89.4358
pf_exact,6,27,133.432
pf_exact,6,28,38.5769
pf_exact,6,29,114.975
pf_exact,6,30,156.088
pf_exact,6,31,170.89
pf_exact,6,32,200.21
pf_exact,6,33,215.805
pf_exact,6,34,60.5545
pf_exact,6,35,147.44
pf_exact,6,36,230.756
pf_exact,6,37,214.401
pf_exact,6,38,65.929
pf_exact,6,39,124.875
pf_exact,6,40,199.278
pf_exact,6,41,176.114
pf_exact,6,42,163.921
pf_exact,6,43,6.81255
pf_exact,6,44,153.006
pf_exact,6,45,152.45
pf_exact,6,46,162.783
pf_exact,6,47,16.2488
pf_exact,6,48,139.219
pf_exact,6,49,222.404
pf_exact,6,50,160.111
pf_exact,6,51,32.2548
pf_exact,6,52,173.746
pf_exact,6,53,47.436
pf_exact,6,54,179.628
pf_exact,6,55,54.3672
pf_exact,6,56,109.129
pf_exact,6,57,163.504
pf_exact,6,58,119.02
pf_exact,6,59,122.588
pf_exact,6,60,35.8079
pf_exact,6,61,73.8951
pf_exact,6,62,113.125
pf_exact,6,63,119.238
pf_exact,6,64,50.5532
pf_exact,6,65,82.6784
pf_exact,6,66,6.95865
pf_exact,6,67,126.545
pf_exact,6,68,118.607
pf_exact,6,69,104.323
pf_exact,6,70,5.93071
pf_exact,6,71,22.7773
pf_exact,6,72,90.0487
pf_exact,6,73,68.1922
pf_exact,6,74,98.3663
pf_exact,6,75,103.967
pf_exact,6,76,36.9869
pf_exact,6,77,38.2363
pf_exact,6,78,136.14
pf_exact,6,79,97.4742
pf_exact,6,80,166.859
pf_exact,6,81,124.553
pf_exact,6,82,157.083
pf_exact,6,83,172.504
pf_exact,6,84,135.624
pf_exact,6,85,77.4037
pf_exact,6,86,74.6188
pf_exact,6,87,1.92202
pf_exact,6,88,101.042
pf_exact,6,89,77.0574
pf_exact,6,90,75.5271
pf_exact,6,91,108.72
pf_exact,6,92,103.282
pf_exact,6,93,100.663
pf_exact,6,94,133.709
pf_exact,6,95,53.8318
pf_exact,6,96,156.809
pf_exact,6,97,119.431
pf_exact,6,98,105.666
pf_exact,6,99,169.193
pf_exact,6,100,153.142
pf_exact,6,101,166.268
pf_exact,6,102,172.235
pf_exact,6,103,119.356
pf_exact,6,104,135.357
pf_exact,6,105,37.8231
pf_exact,6,106,31.354
pf_exact,6,107,89.3447
pf_exact,6,108,81.4466
pf_exact,6,109,167.724
pf_exact,6,110,144.002
pf_exact,6,111,204.977
pf_exact,6,112,124.043
pf_exact,6,113,193.689
pf_exact,6,114,128.991
pf_exact,6,115,178.746
pf_exact,6,116,116.941
pf_exact,6,117,157.392
pf_exact,6,118,142.123
pf_exact,6,119,115.05
pf_exact,6,120,260.466
pf_exact,6,121,127.774
pf_exact,6,122,110.836
pf_exact,6,123,92.192
pf_exact,6,124,171.742
pf_exact,6,125,198.984
pf_exact,6,126,190.026
pf_exact,6,127,201.745
pf_exact,6,128,83.6203
pf_exact,6,129,32.7677
pf_exact,6,130,91.9456
pf_exact,6,131,145.02
pf_exact,6,132,212.257
pf_exact,6,133,207.849
pf_exact,6,134,219.888
pf_exact,6,135,209.843
pf_exact,6,136,205.13
pf_exact,6,137,134.611
pf_exact,6,138,134.033
pf_exact,6,139,82.9677
pf_exact,6,140,48.6722
pf_exact,6,141,200.512
pf_exact,6,142,27.1516
pf_exact,6,143,166.172
pf_exact,6,144,114.148
pf_exact,6,145,137.291
pf_exact,6,146,230.276
pf_exact,6,147,230.89
pf_exact,6,148,29.0122
pf_exact,6,149,183.488
copf_exact,6,0,197.098
copf_exact,6,1,412.156
copf_exact,6,2,337.062
copf_exact,6,3,279.708
copf_exact,6,4,201.859
copf_exact,6,5,417.058
copf_exact,6,6,287.769
copf_exact,6,7,218.404
copf_exact,6,8,350.518
copf_exact,6,9,267.728
copf_exact,6,10,218.823
copf_exact,6,11,386.857
copf_exact,6,12,289.962
copf_exact,6,13,204.048
copf_exact,6,14,380.489
copf_exact,6,15,291.737
copf_exact,6,16,219.056
copf_exact,6,17,407.528
copf_exact,6,18,333.022
copf_exact,6,19,255.178
copf_exact,6,20,347.047
copf_exact,6,21,253.078
copf_exact,6,22,271.698
copf_exact,6,23,174.035
copf_exact,6,24,291.942
copf_exact,6,25,179.893
copf_exact,6,26,335.106
copf_exact,6,27,216.207
copf_exact,6,28,326.426
copf_exact,6,29,221.853
copf_exact,6,30,371.735
copf_exact,6,31,283.824
copf_exact,6,32,224.128
copf_exact,6,33,400.522
copf_exact,6,34,305.801
copf_exact,6,35,230.223
copf_exact,6,36,408.118
copf_exact,6,37,323.53
copf_exact,6,38,215.767
copf_exact,6,39,323.862
copf_exact,6,40,231.864
copf_exact,6,41,364.142
copf_exact,6,42,263.742
copf_exact,6,43,153.075
copf_exact,6,44,305.984
copf_exact,6,45,204.527
copf_exact,6,46,340.538
copf_exact,6,47,256.534
copf_exact,6,48,201.318
copf_exact,6,49,407.523
copf_exact,6,50,298.442
copf_exact,6,51,175.988
copf_exact,6,52,341.951
copf_exact,6,53,254.669
copf_exact,6,54,379.473
copf_exact,6,55,248.443
copf_exact,6,56,307.251
copf_exact,6,57,207.921
copf_exact,6,58,348.531
copf_exact,6,59,249.091
copf_exact,6,60,297.004
copf_exact,6,61,174.792
copf_exact,6,62,293.255
copf_exact,6,63,167.478
copf_exact,6,64,310.705
copf_exact,6,65,187.783
copf_exact,6,66,188.163
copf_exact,6,67,240.005
copf_exact,6,68,256.68
copf_exact,6,69,139.469
copf_exact,6,70,218.395
copf_exact,6,71,205.445
copf_exact,6,72,221.868
copf_exact,6,73,212.443
copf_exact,6,74,232.017
copf_exact,6,75,255.928
copf_exact,6,76,295.355
copf_exact,6,77,194.303
copf_exact,6,78,336.616
copf_exact,6,79,245.993
copf_exact,6,80,367.148
copf_exact,6,81,253.048
copf_exact,6,82,331.542
copf_exact,6,83,206.786
copf_exact,6,84,359.303
copf_exact,6,85,222.219
copf_exact,6,86,283.309
copf_exact,6,87,110.037
copf_exact,6,88,235.809
copf_exact,6,89,202.111
copf_exact,6,90,214.987
copf_exact,6,91,212.044
copf_exact,6,92,259.594
copf_exact,6,93,138.217
copf_exact,6,94,298.313
copf_exact,6,95,178.141
copf_exact,6,96,326.069
copf_exact,6,97,175.002
copf_exact,6,98,305.43
copf_exact,6,99,187.614
copf_exact,6,100,345.156
copf_exact,6,101,230.987
copf_exact,6,102,368.582
copf_exact,6,103,236.772
copf_exact,6,104,349.329
copf_exact,6,105,213.423
copf_exact,6,106,322.426
copf_exact,6,107,214.917
copf_exact,6,108,341.239
copf_exact,6,109,231.236
copf_exact,6,110,362.388
copf_exact,6,111,267.874
copf_exact,6,112,180.376
copf_exact,6,113,391.606
copf_exact,6,114,265.826
copf_exact,6,115,180.543
copf_exact,6,116,356.706
copf_exact,6,117,258.843
copf_exact,6,118,203.549
copf_exact,6,119,365.73
copf_exact,6,120,299.372
copf_exact,6,121,247.508
copf_exact,6,122,354.778
copf_exact,6,123,249.466
copf_exact,6,124,369.886
copf_exact,6,125,263.002
copf_exact,6,126,188.933
copf_exact,6,127,389.409
copf_exact,6,128,296.348
copf_exact,6,129,204.028
copf_exact,6,130,360.686
copf_exact,6,131,285.1
copf_exact,6,132,226.488
copf_exact,6,133,399.086
copf_exact,6,134,306.605
copf_exact,6,135,233.651
copf_exact,6,136,397.384
copf_exact,6,137,281.884
copf_exact,6,138,201.679
copf_exact,6,139,355.552
copf_exact,6,140,235.344
copf_exact,6,141,361.097
copf_exact,6,142,271.653
copf_exact,6,143,196.841
copf_exact,6,144,378.215
copf_exact,6,145,296.242
copf_exact,6,146,227.918
copf_exact,6,147,414.692
copf_exact,6,148,272.027
copf_exact,6,149,193.079
pf_exact,7,0,70.1872
pf_exact,7,1,218.96
pf_exact,7,2,182.642
pf_exact,7,3,254.868
pf_exact,7,4,64.3825
pf_exact,7,5,221.546
pf_exact,7,6,68.1694
pf_exact,7,7,202.628
pf_exact,7,8,135.58
pf_exact,7,9,111.824
pf_exact,7,10,184.835
pf_exact,7,11,165.329
pf_exact,7,12,217.095
pf_exact,7,13,129.281
pf_exact,7,14,209.333
pf_exact,7,15,53.2064
pf_exact,7,16,221.241
pf_exact,7,17,226.382
pf_exact,7,18,140.613
pf_exact,7,19,188.638
pf_exact,7,20,125.863
pf_exact,7,21,203.688
pf_exact,7,22,28.236
pf_exact,7,23,137.854
pf_exact,7,24,69.8396
pf_exact,7,25,107.292
pf_exact,7,26,104.726
pf_exact,7,27,138.339
pf_exact,7,28,43.5832
pf_exact,7,29,100.754
pf_exact,7,30,156.436
pf_exact,7,31,163.945
pf_exact,7,32,175.769
pf_exact,7,33,226.496
pf_exact,7,34,67.7962
pf_exact,7,35,121.732
pf_exact,7,36,212.32
pf_exact,7,37,223.297
pf_exact,7,38,64.9609
pf_exact,7,39,114.245
pf_exact,7,40,189.365
pf_exact,7,41,158.69
pf_exact,7,42,159.301
pf_exact,7,43,8.16138
pf_exact,7,44,164.819
pf_exact,7,45,165.667
pf_exact,7,46,173.258
pf_exact,7,47,16.3935
pf_exact,7,48,150.346
pf_exact,7,49,226.839
pf_exact,7,50,157.311
pf_exact,7,51,25.9256
pf_exact,7,52,166.013
pf_exact,7,53,41.0738
pf_exact,7,54,186.83
pf_exact,7,55,56.2193
pf_exact,7,56,112.55
pf_exact,7,57,169.246
pf_exact,7,58,130.583
pf_exact,7,59,112.867
pf_exact,7,60,36.954
pf_exact,7,61,75.5314
pf_exact,7,62,104.015
pf_exact,7,63,114.786
pf_exact,7,64,57.3591
pf_exact,7,65,78.3211
pf_exact,7,66,2.57713
pf_exact,7,67,110.208
pf_exact,7,68,110.405
pf_exact,7,69,135.518
pf_exact,7,70,9.46247
pf_exact,7,71,26.3103
pf_exact,7,72,92.6802
pf_exact,7,73,65.1976
pf_exact,7,74,101.909
pf_exact,7,75,107.874
pf_exact,7,76,33.9517
pf_exact,7,77,29.6415
pf_exact,7,78,134.471
pf_exact,7,79,105.973
pf_exact,7,80,169.888
pf_exact,7,81,123.612
pf_exact,7,82,160.561
pf_exact,7,83,163.437
pf_exact,7,84,156.527
pf_exact,7,85,62.9637
pf_exact,7,86,92.5349
pf_exact,7,87,1.00092
pf_exact,7,88,117.272
pf_exact,7,89,63.3009
pf_exact,7,90,86.6869
pf_exact,7,91,93.4081
pf_exact,7,92,97.3101
pf_exact,7,93,99.1663
pf_exact,7,94,134
pf_exact,7,95,54.2681
pf_exact,7,96,164.234
pf_exact,7,97,97.2246
pf_exact,7,98,112.729
pf_exact,7,99,156.512
pf_exact,7,100,153.096
pf_exact,7,101,165.742
pf_exact,7,102,168.206
pf_exact,7,103,128.261
pf_exact,7,104,135.346
pf_exact,7,105,34.3808
pf_exact,7,106,22.9536
pf_exact,7,107,102.295
pf_exact,7,108,90.2006
pf_exact,7,109,158.732
pf_exact,7,110,137.91
pf_exact,7,111,215.476
pf_exact,7,112,131.932
pf_exact,7,113,193.745
pf_exact,7,114,124.334
pf_exact,7,115,177.229
pf_exact,7,116,131.595
pf_exact,7,117,162.462
pf_exact,7,118,134.061
pf_exact,7,119,109.575
pf_exact,7,120,282.761
pf_exact,7,121,145.34
pf_exact,7,122,107.912
pf_exact,7,123,100.578
pf_exact,7,124,182.91
pf_exact,7,125,195.165
pf_exact,7,126,193.271
pf_exact,7,127,225.067
pf_exact,7,128,99.3871
pf_exact,7,129,33.3454
pf_exact,7,130,81.1568
pf_exact,7,131,147.414
pf_exact,7,132,229.084
pf_exact,7,133,205.14
pf_exact,7,134,205.951
pf_exact,7,135,229.722
pf_exact,7,136,206.482
pf_exact,7,137,137.639
pf_exact,7,138,137.571
pf_exact,7,139,85.1009
pf_exact,7,140,57.1014
pf_exact,7,141,183.406
pf_exact,7,142,35.2217
pf_exact,7,143,159.64
pf_exact,7,144,118.903
pf_exact,7,145,141.588
pf_exact,7,146,239.714
pf_exact,7,147,230.578
pf_exact,7,148,35.2764
pf_exact,7,149,193.575
copf_exact,7,0,177.273
copf_exact,7,1,410.029
copf_exact,7,2,335.472
copf_exact,7,3,271.664
copf_exact,7,4,189.918
copf_exact,7,5,411.353
copf_exact,7,6,279.356
copf_exact,7,7,211.392
copf_exact,7,8,366.668
copf_exact,7,9,283.676
copf_exact,7,10,225.571
copf_exact,7,11,387.974
copf_exact,7,12,293.327
copf_exact,7,13,205.812
copf_exact,7,14,382.997
copf_exact,7,15,297.425
copf_exact,7,16,237.622
copf_exact,7,17,400.998
copf_exact,7,18,320.284
copf_exact,7,19,250.206
copf_exact,7,20,368.812
copf_exact,7,21,264.991
copf_exact,7,22,154.247
copf_exact,7,23,323.495
copf_exact,7,24,173.311
copf_exact,7,25,319.095
copf_exact,7,26,222.449
copf_exact,7,27,325.557
copf_exact,7,28,235.696
copf_exact,7,29,352.45
copf_exact,7,30,259.786
copf_exact,7,31,201.725
copf_exact,7,32,399.714
copf_exact,7,33,310.674
copf_exact,7,34,234.309
copf_exact,7,35,367.776
copf_exact,7,36,281.566
copf_exact,7,37,219.006
copf_exact,7,38,328.888
copf_exact,7,39,223.733
copf_exact,7,40,383.171
copf_exact,7,41,257.835
copf_exact,7,42,183.55
copf_exact,7,43,238.793
copf_exact,7,44,314.449
copf_exact,7,45,204.455
copf_exact,7,46,341.802
copf_exact,7,47,259.353
copf_exact,7,48,199.906
copf_exact,7,49,414.438
copf_exact,7,50,297.19
copf_exact,7,51,184.331
copf_exact,7,52,348.665
copf_exact,7,53,264.305
copf_exact,7,54,192.77
copf_exact,7,55,314.658
copf_exact,7,56,200.954
copf_exact,7,57,329.837
copf_exact,7,58,230.967
copf_exact,7,59,375.025
copf_exact,7,60,230.298
copf_exact,7,61,301.556
copf_exact,7,62,178.529
copf_exact,7,63,298.224
copf_exact,7,64,181.972
copf_exact,7,65,305.849
copf_exact,7,66,126.33
copf_exact,7,67,253.471
copf_exact,7,68,266.191
copf_exact,7,69,147.662
copf_exact,7,70,205.275
copf_exact,7,71,202.725
copf_exact,7,72,228.025
copf_exact,7,73,202.947
copf_exact,7,74,235.428
copf_exact,7,75,252.32
copf_exact,7,76,305.853
copf_exact,7,77,199.263
copf_exact,7,78,345.843
copf_exact,7,79,259.564
copf_exact,7,80,185.557
copf_exact,7,81,340.362
copf_exact,7,82,216.444
copf_exact,7,83,340.041
copf_exact,7,84,238.19
copf_exact,7,85,301.852
copf_exact,7,86,180.496
copf_exact,7,87,154.251
copf_exact,7,88,244.835
copf_exact,7,89,213.997
copf_exact,7,90,234.17
copf_exact,7,91,231.853
copf_exact,7,92,241.428
copf_exact,7,93,270.352
copf_exact,7,94,155.994
copf_exact,7,95,310.424
copf_exact,7,96,186.232
copf_exact,7,97,298.729
copf_exact,7,98,198.039
copf_exact,7,99,347.996
copf_exact,7,100,220.881
copf_exact,7,101,348.226
copf_exact,7,102,236.712
copf_exact,7,103,311.283
copf_exact,7,104,216.337
copf_exact,7,105,280.379
copf_exact,7,106,210.667
copf_exact,7,107,325.469
copf_exact,7,108,236.712
copf_exact,7,109,375.181
copf_exact,7,110,287.085
copf_exact,7,111,212.135
copf_exact,7,112,343.308
copf_exact,7,113,235.37
copf_exact,7,114,340.191
copf_exact,7,115,227.275
copf_exact,7,116,348.039
copf_exact,7,117,260.647
copf_exact,7,118,212.89
copf_exact,7,119,376.875
copf_exact,7,120,297.002
copf_exact,7,121,232.254
copf_exact,7,122,345.187
copf_exact,7,123,221.282
copf_exact,7,124,385.949
copf_exact,7,125,281.222
copf_exact,7,126,204.019
copf_exact,7,127,387.84
copf_exact,7,128,302.783
copf_exact,7,129,205.217
copf_exact,7,130,362.333
copf_exact,7,131,272.389
copf_exact,7,132,222.373
copf_exact,7,133,397.789
copf_exact,7,134,310.818
copf_exact,7,135,247.894
copf_exact,7,136,406.8
copf_exact,7,137,300.122
copf_exact,7,138,220.472
copf_exact,7,139,356.742
copf_exact,7,140,235.264
copf_exact,7,141,377.894
copf_exact,7,142,283.391
copf_exact,7,143,203.585
copf_exact,7,144,380.585
copf_exact,7,145,310.397
copf_exact,7,146,251.771
copf_exact,7,147,427.63
copf_exact,7,148,284.533
copf_exact,7,149,215.318
pf_exact,8,0,80.1262
pf_exact,8,1,224.902
pf_exact,8,2,215.375
pf_exact,8,3,255.625
pf_exact,8,4,77.8761
pf_exact,8,5,218.357
pf_exact,8,6,71.286
pf_exact,8,7,190.322
pf_exact,8,8,135.414
pf_exact,8,9,107.587
pf_exact,8,10,189.258
pf_exact,8,11,163.058
pf_exact,8,12,201.797
pf_exact,8,13,142.589
pf_exact,8,14,190.686
pf_exact,8,15,72.2675
pf_exact,8,16,227.926
pf_exact,8,17,210.925
pf_exact,8,18,141.839
pf_exact,8,19,166.878
pf_exact,8,20,130.165
pf_exact,8,21,180.912
pf_exact,8,22,26.8938
pf_exact,8,23,122.288
pf_exact,8,24,61.9454
pf_exact,8,25,119.422
pf_exact,8,26,95.0813
pf_exact,8,27,126.048
pf_exact,8,28,43.721
pf_exact,8,29,120.984
pf_exact,8,30,158.378
pf_exact,8,31,131.777
pf_exact,8,32,201.497
pf_exact,8,33,218.011
pf_exact,8,34,58.6178
pf_exact,8,35,133.443
pf_exact,8,36,232.598
pf_exact,8,37,226.76
pf_exact,8,38,65.5466
pf_exact,8,39,123.083
pf_exact,8,40,182.252
pf_exact,8,41,156.865
pf_exact,8,42,152.831
pf_exact,8,43,6.34295
pf_exact,8,44,150.083
pf_exact,8,45,141.658
pf_exact,8,46,163.868
pf_exact,8,47,21.3034
pf_exact,8,48,145.318
pf_exact,8,49,231.12
pf_exact,8,50,159.477
pf_exact,8,51,28.8856
pf_exact,8,52,177.184
pf_exact,8,53,44.6049
pf_exact,8,54,181.056
pf_exact,8,55,64.3902
pf_exact,8,56,104.86
pf_exact,8,57,169.731
pf_exact,8,58,110.91
pf_exact,8,59,115.123
pf_exact,8,60,38.9681
pf_exact,8,61,61.3925
pf_exact,8,62,107.201
pf_exact,8,63,104.301
pf_exact,8,64,44.3399
pf_exact,8,65,77.4362
pf_exact,8,66,6.0249
pf_exact,8,67,114.567
pf_exact,8,68,120.996
pf_exact,8,69,130.22
pf_exact,8,70,10.7373
pf_exact,8,71,28.5321
pf_exact,8,72,86.9991
pf_exact,8,73,63.6801
pf_exact,8,74,101.99
pf_exact,8,75,121.461
pf_exact,8,76,24.0708
pf_exact,8,77,38.6505
pf_exact,8,78,113.182
pf_exact,8,79,116.346
pf_exact,8,80,170.938
pf_exact,8,81,119.538
pf_exact,8,82,130.644
pf_exact,8,83,166.88
pf_exact,8,84,158.326
pf_exact,8,85,53.2356
pf_exact,8,86,82.898
pf_exact,8,87,1.2511
pf_exact,8,88,104.49
pf_exact,8,89,80.5195
pf_exact,8,90,80.7615
pf_exact,8,91,104.597
pf_exact,8,92,105
pf_exact,8,93,90.9926
pf_exact,8,94,125.032
pf_exact,8,95,54.7209
pf_exact,8,96,154.593
pf_exact,8,97,111.968
pf_exact,8,98,113.497
pf_exact,8,99,170.963
pf_exact,8,100,147.924
pf_exact,8,101,188.194
pf_exact,8,102,182.25
pf_exact,8,103,115.997
pf_exact,8,104,151.677
pf_exact,8,105,34.9925
pf_exact,8,106,29.592
pf_exact,8,107,90.9619
pf_exact,8,108,91.0582
pf_exact,8,109,156.664
pf_exact,8,110,146.488
pf_exact,8,111,208.333
pf_exact,8,112,104.938
pf_exact,8,113,186.789
pf_exact,8,114,122.245
pf_exact,8,115,158.852
pf_exact,8,116,128.873
pf_exact,8,117,162.444
pf_exact,8,118,138.456
pf_exact,8,119,100.456
pf_exact,8,120,266.338
pf_exact,8,121,130.894
pf_exact,8,122,96.0802
pf_exact,8,123,96.8115
pf_exact,8,124,189.506
pf_exact,8,125,170.013
pf_exact,8,126,190.982
pf_exact,8,127,218.024
pf_exact,8,128,93.1073
pf_exact,8,129,47.8338
pf_exact,8,130,104.16
pf_exact,8,131,144.125
pf_exact,8,132,218.649
pf_exact,8,133,215.472
pf_exact,8,134,207.745
pf_exact,8,135,219.692
pf_exact,8,136,231.27
pf_exact,8,137,135.553
pf_exact,8,138,168.303
pf_exact,8,139,80.2402
pf_exact,8,140,58.3025
pf_exact,8,141,198.524
pf_exact,8,142,39.1735
pf_exact,8,143,147.478
pf_exact,8,144,118.964
pf_exact,8,145,148.695
pf_exact,8,146,226.552
pf_exact,8,147,222.745
pf_exact,8,148,31.407
pf_exact,8,149,191.673
copf_exact,8,0,163.206
copf_exact,8,1,418.001
copf_exact,8,2,340.212
copf_exact,8,3,284.24
copf_exact,8,4,196.492
copf_exact,8,5,410.248
copf_exact,8,6,287.888
copf_exact,8,7,208.017
copf_exact,8,8,357.951
copf_exact,8,9,280.832
copf_exact,8,10,217.943
copf_exact,8,11,377.282
copf_exact,8,12,281.278
copf_exact,8,13,189.425
copf_exact,8,14,384.712
copf_exact,8,15,299.664
copf_exact,8,16,233.733
copf_exact,8,17,409.543
copf_exact,8,18,325.275
copf_exact,8,19,253.164
copf_exact,8,20,359.864
copf_exact,8,21,261.055
copf_exact,8,22,160.509
copf_exact,8,23,320.842
copf_exact,8,24,180.523
copf_exact,8,25,301.25
copf_exact,8,26,214.833
copf_exact,8,27,331.645
copf_exact,8,28,243.36
copf_exact,8,29,336.094
copf_exact,8,30,246.963
copf_exact,8,31,381.535
copf_exact,8,32,294.302
copf_exact,8,33,232.901
copf_exact,8,34,352.491
copf_exact,8,35,266.529
copf_exact,8,36,200.388
copf_exact,8,37,423.156
copf_exact,8,38,282.553
copf_exact,8,39,193.42
copf_exact,8,40,357.944
copf_exact,8,41,238.812
copf_exact,8,42,359.638
copf_exact,8,43,200.43
copf_exact,8,44,312.258
copf_exact,8,45,191.114
copf_exact,8,46,333.65
copf_exact,8,47,242.845
copf_exact,8,48,391.813
copf_exact,8,49,297.812
copf_exact,8,50,221.814
copf_exact,8,51,283.833
copf_exact,8,52,198.817
copf_exact,8,53,315.748
copf_exact,8,54,239.655
copf_exact,8,55,301.905
copf_exact,8,56,190.109
copf_exact,8,57,341.843
copf_exact,8,58,246.341
copf_exact,8,59,354.794
copf_exact,8,60,222.48
copf_exact,8,61,283.257
copf_exact,8,62,159.654
copf_exact,8,63,298.768
copf_exact,8,64,176.98
copf_exact,8,65,300.309
copf_exact,8,66,130.009
copf_exact,8,67,248.466
copf_exact,8,68,255.141
copf_exact,8,69,279.921
copf_exact,8,70,121.173
copf_exact,8,71,187.23
copf_exact,8,72,244.925
copf_exact,8,73,210.283
copf_exact,8,74,236.644
copf_exact,8,75,250.851
copf_exact,8,76,272.007
copf_exact,8,77,189.112
copf_exact,8,78,351.332
copf_exact,8,79,261.499
copf_exact,8,80,195.562
copf_exact,8,81,329.605
copf_exact,8,82,212.989
copf_exact,8,83,340.012
copf_exact,8,84,238.321
copf_exact,8,85,311.094
copf_exact,8,86,182.706
copf_exact,8,87,166.715
copf_exact,8,88,248.651
copf_exact,8,89,222.369
copf_exact,8,90,212.692
copf_exact,8,91,228.693
copf_exact,8,92,236.215
copf_exact,8,93,273.321
copf_exact,8,94,148.92
copf_exact,8,95,308.613
copf_exact,8,96,176.755
copf_exact,8,97,284.84
copf_exact,8,98,178.023
copf_exact,8,99,335.007
copf_exact,8,100,229.411
copf_exact,8,101,367.103
copf_exact,8,102,250.425
copf_exact,8,103,339.843
copf_exact,8,104,245.595
copf_exact,8,105,267.394
copf_exact,8,106,192.465
copf_exact,8,107,314.419
copf_exact,8,108,222.266
copf_exact,8,109,380.279
copf_exact,8,110,291.485
copf_exact,8,111,219.536
copf_exact,8,112,334.163
copf_exact,8,113,241.76
copf_exact,8,114,342.355
copf_exact,8,115,235.467
copf_exact,8,116,359.729
copf_exact,8,117,268.388
copf_exact,8,118,208.383
copf_exact,8,119,375.849
copf_exact,8,120,307.637
copf_exact,8,121,248.754
copf_exact,8,122,344.942
copf_exact,8,123,239.624
copf_exact,8,124,369.591
copf_exact,8,125,278.607
copf_exact,8,126,204.323
copf_exact,8,127,372.538
copf_exact,8,128,293.128
copf_exact,8,129,179.398
copf_exact,8,130,357.701
copf_exact,8,131,273.794
copf_exact,8,132,217.311
copf_exact,8,133,390.375
copf_exact,8,134,308.378
copf_exact,8,135,238.643
copf_exact,8,136,408.852
copf_exact,8,137,294.569
copf_exact,8,138,207.653
copf_exact,8,139,358.782
copf_exact,8,140,232.297
copf_exact,8,141,369.01
copf_exact,8,142,278.117
copf_exact,8,143,211.96
copf_exact,8,144,366.378
copf_exact,8,145,289.329
copf_exact,8,146,229.93
copf_exact,8,147,421.902
copf_exact,8,148,268.616
copf_exact,8,149,194.103
pf_exact,9,0,83.4077
pf_exact,9,1,221.928
pf_exact,9,2,217.113
pf_exact,9,3,238.229
pf_exact,9,4,77.9686
pf_exact,9,5,220.259
pf_exact,9,6,70.2319
pf_exact,9,7,195.802
pf_exact,9,8,147.971
pf_exact,9,9,129.469
pf_exact,9,10,190.096
pf_exact,9,11,153.815
pf_exact,9,12,200.868
pf_exact,9,13,147.84
pf_exact,9,14,207.704
pf_exact,9,15,59.0038
pf_exact,9,16,227.949
pf_exact,9,17,209.137
pf_exact,9,18,144.219
pf_exact,9,19,178.414
pf_exact,9,20,136.238
pf_exact,9,21,173.394
pf_exact,9,22,27.6847
pf_exact,9,23,127.318
pf_exact,9,24,65.453
pf_exact,9,25,124.206
pf_exact,9,26,99.983
pf_exact,9,27,125.506
pf_exact,9,28,47.1999
pf_exact,9,29,116.074
pf_exact,9,30,163.227
pf_exact,9,31,152.429
pf_exact,9,32,182.024
pf_exact,9,33,211.182
pf_exact,9,34,77.0042
pf_exact,9,35,118.965
pf_exact,9,36,222.011
pf_exact,9,37,241.049
pf_exact,9,38,77.3734
pf_exact,9,39,124.058
pf_exact,9,40,192.516
pf_exact,9,41,163.17
pf_exact,9,42,135.07
pf_exact,9,43,7.8654
pf_exact,9,44,149.474
pf_exact,9,45,158.75
pf_exact,9,46,168.117
pf_exact,9,47,18.3907
pf_exact,9,48,158.611
pf_exact,9,49,211.291
pf_exact,9,50,166.8
pf_exact,9,51,24.5414
pf_exact,9,52,186.49
pf_exact,9,53,33.3348
pf_exact,9,54,165.277
pf_exact,9,55,61.9671
pf_exact,9,56,108.623
pf_exact,9,57,159.376
pf_exact,9,58,111.453
pf_exact,9,59,118.677
pf_exact,9,60,40.8264
pf_exact,9,61,76.0312
pf_exact,9,62,84.3203
pf_exact,9,63,120.798
pf_exact,9,64,54.6457
pf_exact,9,65,77.2113
pf_exact,9,66,5.25277
pf_exact,9,67,113.689
pf_exact,9,68,111.731
pf_exact,9,69,145.822
pf_exact,9,70,9.11552
pf_exact,9,71,26.1433
pf_exact,9,72,88.4516
pf_exact,9,73,79.0775
pf_exact,9,74,101.347
pf_exact,9,75,125.725
pf_exact,9,76,31.7853
pf_exact,9,77,37.958
pf_exact,9,78,118.423
pf_exact,9,79,102.048
pf_exact,9,80,166.861
pf_exact,9,81,137.572
pf_exact,9,82,149.894
pf_exact,9,83,179.279
pf_exact,9,84,151.39
pf_exact,9,85,68.0199
pf_exact,9,86,88.4069
pf_exact,9,87,1.01434
pf_exact,9,88,120.743
pf_exact,9,89,64.8397
pf_exact,9,90,71.0358
pf_exact,9,91,107.797
pf_exact,9,92,111.683
pf_exact,9,93,85.8807
pf_exact,9,94,129.463
pf_exact,9,95,53.8309
pf_exact,9,96,151.989
pf_exact,9,97,94.3396
pf_exact,9,98,127.025
pf_exact,9,99,166.931
pf_exact,9,100,151.079
pf_exact,9,101,168.901
pf_exact,9,102,178.442
pf_exact,9,103,121.571
pf_exact,9,104,142.234
pf_exact,9,105,30.4633
pf_exact,9,106,30.1399
pf_exact,9,107,102.935
pf_exact,9,108,87.7919
pf_exact,9,109,175.874
pf_exact,9,110,150.496
pf_exact,9,111,216.61
pf_exact,9,112,105.805
pf_exact,9,113,194.441
pf_exact,9,114,114.878
pf_exact,9,115,161.306
pf_exact,9,116,118.566
pf_exact,9,117,144.119
pf_exact,9,118,133.567
pf_exact,9,119,96.6225
pf_exact,9,120,262.194
pf_exact,9,121,124.035
pf_exact,9,122,110.724
pf_exact,9,123,98.818
pf_exact,9,124,202.42
pf_exact,9,125,205.08
pf_exact,9,126,194.009
pf_exact,9,127,197.859
pf_exact,9,128,91.3478
pf_exact,9,129,32.8341
pf_exact,9,130,81.22
pf_exact,9,131,138.496
pf_exact,9,132,242.206
pf_exact,9,133,197.255
pf_exact,9,134,242.794
pf_exact,9,135,221.927
pf_exact,9,136,214.519
pf_exact,9,137,158.168
pf_exact,9,138,134.012
pf_exact,9,139,89.2501
pf_exact,9,140,61.4751
pf_exact,9,141,209.786
pf_exact,9,142,30.403
pf_exact,9,143,143.565
pf_exact,9,144,120.741
pf_exact,9,145,135.063
pf_exact,9,146,226.278
pf_exact,9,147,253.203
pf_exact,9,148,28.7748
pf_exact,9,149,199.595
copf_exact,9,0,171.782
copf_exact,9,1,401.817
copf_exact,9,2,323.31
copf_exact,9,3,262.214
copf_exact,9,4,173.78
copf_exact,9,5,416.892
copf_exact,9,6,290.243
copf_exact,9,7,222.437
copf_exact,9,8,355.01
copf_exact,9,9,270.542
copf_exact,9,10,201.603
copf_exact,9,11,377.62
copf_exact,9,12,276.886
copf_exact,9,13,201.048
copf_exact,9,14,377.825
copf_exact,9,15,296.163
copf_exact,9,16,232.108
copf_exact,9,17,404.235
copf_exact,9,18,319.704
copf_exact,9,19,250.548
copf_exact,9,20,359.78
copf_exact,9,21,254.332
copf_exact,9,22,281.686
copf_exact,9,23,154.547
copf_exact,9,24,289.175
copf_exact,9,25,177.382
copf_exact,9,26,336.36
copf_exact,9,27,204.734
copf_exact,9,28,311.798
copf_exact,9,29,210.692
copf_exact,9,30,375.5
copf_exact,9,31,280.817
copf_exact,9,32,220.299
copf_exact,9,33,388.078
copf_exact,9,34,306.697
copf_exact,9,35,230.02
copf_exact,9,36,426.43
copf_exact,9,37,337.478
copf_exact,9,38,229.319
copf_exact,9,39,344.024
copf_exact,9,40,231.808
copf_exact,9,41,369.483
copf_exact,9,42,272.093
copf_exact,9,43,153.747
copf_exact,9,44,306.363
copf_exact,9,45,182.714
copf_exact,9,46,337.759
copf_exact,9,47,249.582
copf_exact,9,48,386.747
copf_exact,9,49,300.591
copf_exact,9,50,223.261
copf_exact,9,51,287.835
copf_exact,9,52,197.565
copf_exact,9,53,338.925
copf_exact,9,54,250.721
copf_exact,9,55,310.027
copf_exact,9,56,191.383
copf_exact,9,57,338.076
copf_exact,9,58,236.952
copf_exact,9,59,355.619
copf_exact,9,60,225.297
copf_exact,9,61,310.538
copf_exact,9,62,173.916
copf_exact,9,63,291.505
copf_exact,9,64,171.992
copf_exact,9,65,290.892
copf_exact,9,66,117.073
copf_exact,9,67,244.01
copf_exact,9,68,247.29
copf_exact,9,69,264.488
copf_exact,9,70,124.315
copf_exact,9,71,193.302
copf_exact,9,72,237.757
copf_exact,9,73,216.577
copf_exact,9,74,213.021
copf_exact,9,75,244.91
copf_exact,9,76,268.524
copf_exact,9,77,171.836
copf_exact,9,78,353.469
copf_exact,9,79,262.526
copf_exact,9,80,192.12
copf_exact,9,81,344.077
copf_exact,9,82,228.069
copf_exact,9,83,337.856
copf_exact,9,84,233.227
copf_exact,9,85,284.367
copf_exact,9,86,152.948
copf_exact,9,87,157.77
copf_exact,9,88,237.469
copf_exact,9,89,223.439
copf_exact,9,90,219.926
copf_exact,9,91,224.528
copf_exact,9,92,263.391
copf_exact,9,93,140.783
copf_exact,9,94,276.625
copf_exact,9,95,169.479
copf_exact,9,96,323.624
copf_exact,9,97,178.934
copf_exact,9,98,332.113
copf_exact,9,99,220.666
copf_exact,9,100,337.037
copf_exact,9,101,218.841
copf_exact,9,102,356.205
copf_exact,9,103,230.958
copf_exact,9,104,358.331
copf_exact,9,105,216.85
copf_exact,9,106,329.504
copf_exact,9,107,218.588
copf_exact,9,108,333.031
copf_exact,9,109,239.269
copf_exact,9,110,374.943
copf_exact,9,111,281.624
copf_exact,9,112,182.443
copf_exact,9,113,379.318
copf_exact,9,114,243.813
copf_exact,9,115,340.105
copf_exact,9,116,254.445
copf_exact,9,117,380.731
copf_exact,9,118,295.543
copf_exact,9,119,232.112
copf_exact,9,120,426.569
copf_exact,9,121,347.358
copf_exact,9,122,247.735
copf_exact,9,123,335.85
copf_exact,9,124,246.148
copf_exact,9,125,360.745
copf_exact,9,126,260.01
copf_exact,9,127,184.194
copf_exact,9,128,361.294
copf_exact,9,129,234.862
copf_exact,9,130,380.035
copf_exact,9,131,284.495
copf_exact,9,132,217.197
copf_exact,9,133,400.064
copf_exact,9,134,300.628
copf_exact,9,135,237.515
copf_exact,9,136,401.48
copf_exact,9,137,287.73
copf_exact,9,138,198.869
copf_exact,9,139,363.78
copf_exact,9,140,251.519
copf_exact,9,141,363.61
copf_exact,9,142,279.592
copf_exact,9,143,201.931
copf_exact,9,144,379.077
copf_exact,9,145,304.351
copf_exact,9,146,249.009
copf_exact,9,147,421.161
copf_exact,9,148,278.543
copf_exact,9,149,200.712
pf_exact,10,0,82.1661
pf_exact,10,1,229.456
pf_exact,10,2,210.619
pf_exact,10,3,246.312
pf_exact,10,4,69.7793
pf_exact,10,5,213.214
pf_exact,10,6,82.978
pf_exact,10,7,198.768
pf_exact,10,8,136.146
pf_exact,10,9,107.113
pf_exact,10,10,186.488
pf_exact,10,11,156.767
pf_exact,10,12,200.15
pf_exact,10,13,137.774
pf_exact,10,14,207.399
pf_exact,10,15,57.4396
pf_exact,10,16,214.162
pf_exact,10,17,219.885
pf_exact,10,18,138.326
pf_exact,10,19,175.011
pf_exact,10,20,145.688
pf_exact,10,21,191.729
pf_exact,10,22,32.5736
pf_exact,10,23,128.416
pf_exact,10,24,61.7809
pf_exact,10,25,104.975
pf_exact,10,26,87.6043
pf_exact,10,27,139.924
pf_exact,10,28,45.8564
pf_exact,10,29,96.8941
pf_exact,10,30,163.597
pf_exact,10,31,167.164
pf_exact,10,32,206.105
pf_exact,10,33,225.139
pf_exact,10,34,46.637
pf_exact,10,35,152.021
pf_exact,10,36,229.601
pf_exact,10,37,223.579
pf_exact,10,38,70.9447
pf_exact,10,39,115.749
pf_exact,10,40,161.21
pf_exact,10,41,167.284
pf_exact,10,42,159.425
pf_exact,10,43,9.26751
pf_exact,10,44,139.274
pf_exact,10,45,145.909
pf_exact,10,46,164.327
pf_exact,10,47,16.0699
pf_exact,10,48,132.366
pf_exact,10,49,207.633
pf_exact,10,50,145.084
pf_exact,10,51,38.895
pf_exact,10,52,175.43
pf_exact,10,53,37.1695
pf_exact,10,54,191.976
pf_exact,10,55,66.3732
pf_exact,10,56,105.097
pf_exact,10,57,176.601
pf_exact,10,58,128.522
pf_exact,10,59,115.407
pf_exact,10,60,27.7465
pf_exact,10,61,53.824
pf_exact,10,62,115.549
pf_exact,10,63,119.252
pf_exact,10,64,44.472
pf_exact,10,65,77.7938
pf_exact,10,66,6.10175
pf_exact,10,67,124.275
pf_exact,10,68,118.939
pf_exact,10,69,111.834
pf_exact,10,70,8.56144
pf_exact,10,71,33.9338
pf_exact,10,72,89.8443
pf_exact,10,73,81.0046
pf_exact,10,74,103.032
pf_exact,10,75,114.531
pf_exact,10,76,25.7168
pf_exact,10,77,37.6513
pf_exact,10,78,124.101
pf_exact,10,79,111.743
pf_exact,10,80,169.245
pf_exact,10,81,129.456
pf_exact,10,82,140.319
pf_exact,10,83,166.181
pf_exact,10,84,157.501
pf_exact,10,85,62.3364
pf_exact,10,86,79.5356
pf_exact,10,87,1.00016
pf_exact,10,88,86.2279
pf_exact,10,89,72.7539
pf_exact,10,90,80.907
pf_exact,10,91,102.901
pf_exact,10,92,98.0412
pf_exact,10,93,84.5572
pf_exact,10,94,122.552
pf_exact,10,95,58.8936
pf_exact,10,96,149.13
pf_exact,10,97,105.412
pf_exact,10,98,115.8
pf_exact,10,99,162.553
pf_exact,10,100,148.758
pf_exact,10,101,185.874
pf_exact,10,102,168.068
pf_exact,10,103,143.954
pf_exact,10,104,142.463
pf_exact,10,105,33.1155
pf_exact,10,106,32.4263
pf_exact,10,107,108.68
pf_exact,10,108,83.85
pf_exact,10,109,169.24
pf_exact,10,110,144.902
pf_exact,10,111,213.635
pf_exact,10,112,113.379
pf_exact,10,113,199.547
pf_exact,10,114,120.54
pf_exact,10,115,168.597
pf_exact,10,116,122.856
pf_exact,10,117,167.349
pf_exact,10,118,143.229
pf_exact,10,119,102.243
pf_exact,10,120,242.923
pf_exact,10,121,261.016
pf_exact,10,122,56.0846
pf_exact,10,123,86.3549
pf_exact,10,124,175.815
pf_exact,10,125,187.139
pf_exact,10,126,203.622
pf_exact,10,127,207.039
pf_exact,10,128,92.5533
pf_exact,10,129,32.6368
pf_exact,10,130,112.515
pf_exact,10,131,123.312
pf_exact,10,132,227.701
pf_exact,10,133,202.446
pf_exact,10,134,228.759
pf_exact,10,135,214.342
pf_exact,10,136,220.149
pf_exact,10,137,148.178
pf_exact,10,138,158.532
pf_exact,10,139,96.8711
pf_exact,10,140,63.7886
pf_exact,10,141,207.076
pf_exact,10,142,35.262
pf_exact,10,143,165.94
pf_exact,10,144,110.875
pf_exact,10,145,134.424
pf_exact,10,146,221.072
pf_exact,10,147,232.091
pf_exact,10,148,22.9596
pf_exact,10,149,171.3
copf_exact,10,0,146.709
copf_exact,10,1,417.147
copf_exact,10,2,339.328
copf_exact,10,3,277.455
copf_exact,10,4,199.531
copf_exact,10,5,417.512
copf_exact,10,6,282.891
copf_exact,10,7,224.795
copf_exact,10,8,373.419
copf_exact,10,9,297.634
copf_exact,10,10,241.269
copf_exact,10,11,384.71
copf_exact,10,12,288.51
copf_exact,10,13,209.716
copf_exact,10,14,364.042
copf_exact,10,15,274.493
copf_exact,10,16,211.101
copf_exact,10,17,405.36
copf_exact,10,18,319.852
copf_exact,10,19,254.296
copf_exact,10,20,357.96
copf_exact,10,21,248.916
copf_exact,10,22,261.675
copf_exact,10,23,173.718
copf_exact,10,24,276.882
copf_exact,10,25,169.883
copf_exact,10,26,343.663
copf_exact,10,27,213.814
copf_exact,10,28,320.875
copf_exact,10,29,233.85
copf_exact,10,30,359.519
copf_exact,10,31,277.002
copf_exact,10,32,215.105
copf_exact,10,33,403.267
copf_exact,10,34,312.65
copf_exact,10,35,229.231
copf_exact,10,36,412.362
copf_exact,10,37,328.573
copf_exact,10,38,215.708
copf_exact,10,39,351.365
copf_exact,10,40,251.229
copf_exact,10,41,357.933
copf_exact,10,42,249.527
copf_exact,10,43,220.548
copf_exact,10,44,311.562
copf_exact,10,45,192.47
copf_exact,10,46,325.193
copf_exact,10,47,251.064
copf_exact,10,48,387.841
copf_exact,10,49,298.807
copf_exact,10,50,217.857
copf_exact,10,51,260.88
copf_exact,10,52,170.386
copf_exact,10,53,330.939
copf_exact,10,54,236.597
copf_exact,10,55,299.246
copf_exact,10,56,185.208
copf_exact,10,57,324.043
copf_exact,10,58,226.924
copf_exact,10,59,366.32
copf_exact,10,60,232.682
copf_exact,10,61,293.399
copf_exact,10,62,155.377
copf_exact,10,63,278.946
copf_exact,10,64,168.481
copf_exact,10,65,289.745
copf_exact,10,66,130.716
copf_exact,10,67,228.282
copf_exact,10,68,248.58
copf_exact,10,69,280.92
copf_exact,10,70,119.702
copf_exact,10,71,193.237
copf_exact,10,72,226.952
copf_exact,10,73,216.536
copf_exact,10,74,228.631
copf_exact,10,75,245.243
copf_exact,10,76,286.37
copf_exact,10,77,191.179
copf_exact,10,78,332.207
copf_exact,10,79,242.959
copf_exact,10,80,364.334
copf_exact,10,81,242.228
copf_exact,10,82,341.816
copf_exact,10,83,216.361
copf_exact,10,84,353.39
copf_exact,10,85,213.207
copf_exact,10,86,280.844
copf_exact,10,87,116.268
copf_exact,10,88,244.313
copf_exact,10,89,232.51
copf_exact,10,90,229.933
copf_exact,10,91,219.697
copf_exact,10,92,250.995
copf_exact,10,93,268.489
copf_exact,10,94,140.97
copf_exact,10,95,310.365
copf_exact,10,96,185.294
copf_exact,10,97,284.916
copf_exact,10,98,186.051
copf_exact,10,99,331.32
copf_exact,10,100,214.437
copf_exact,10,101,355.897
copf_exact,10,102,249.335
copf_exact,10,103,323.841
copf_exact,10,104,231.077
copf_exact,10,105,266.57
copf_exact,10,106,187.096
copf_exact,10,107,325.374
copf_exact,10,108,233.151
copf_exact,10,109,361.643
copf_exact,10,110,273.618
copf_exact,10,111,200.9
copf_exact,10,112,355.16
copf_exact,10,113,241.415
copf_exact,10,114,340.949
copf_exact,10,115,229.285
copf_exact,10,116,361.783
copf_exact,10,117,284.024
copf_exact,10,118,224.036
copf_exact,10,119,381.504
copf_exact,10,120,312.484
copf_exact,10,121,263.087
copf_exact,10,122,187.317
copf_exact,10,123,340.485
copf_exact,10,124,239.207
copf_exact,10,125,365.728
copf_exact,10,126,264.437
copf_exact,10,127,189.229
copf_exact,10,128,361.821
copf_exact,10,129,242.063
copf_exact,10,130,370.842
copf_exact,10,131,292.182
copf_exact,10,132,234.459
copf_exact,10,133,395.412
copf_exact,10,134,307.342
copf_exact,10,135,243.753
copf_exact,10,136,408.163
copf_exact,10,137,292.381
copf_exact,10,138,214.827
copf_exact,10,139,352.986
copf_exact,10,140,214.656
copf_exact,10,141,362.942
copf_exact,10,142,282.515
copf_exact,10,143,202.786
copf_exact,10,144,387.275
copf_exact,10,145,298.204
copf_exact,10,146,236.063
copf_exact,10,147,422.199
copf_exact,10,148,279.687
copf_exact,10,149,206.505
pf_exact,11,0,81.0637
pf_exact,11,1,222.397
pf_exact,11,2,186.387
pf_exact,11,3,250.745
pf_exact,11,4,77.8969
pf_exact,11,5,223.828
pf_exact,11,6,53.7669
pf_exact,11,7,187.527
pf_exact,11,8,153.565
pf_exact,11,9,110.69
pf_exact,11,10,201.85
pf_exact,11,11,162.493
pf_exact,11,12,215.429
pf_exact,11,13,135.781
pf_exact,11,14,191.49
pf_exact,11,15,67.4863
pf_exact,11,16,236.35
pf_exact,11,17,230.221
pf_exact,11,18,146.928
pf_exact,11,19,164.861
pf_exact,11,20,138.196
pf_exact,11,21,193.34
pf_exact,11,22,28.5454
pf_exact,11,23,122.852
pf_exact,11,24,64.2534
pf_exact,11,25,114.031
pf_exact,11,26,101.654
pf_exact,11,27,126.451
pf_exact,11,28,38.4026
pf_exact,11,29,111.622
pf_exact,11,30,157.198
pf_exact,11,31,163.978
pf_exact,11,32,185.739
pf_exact,11,33,216.585
pf_exact,11,34,56.4566
pf_exact,11,35,126.689
pf_exact,11,36,217.61
pf_exact,11,37,236.17
pf_exact,11,38,53.9159
pf_exact,11,39,127.791
pf_exact,11,40,183.711
pf_exact,11,41,160.099
pf_exact,11,42,144.374
pf_exact,11,43,6.27197
pf_exact,11,44,150.778
pf_exact,11,45,164.691
pf_exact,11,46,175.898
pf_exact,11,47,18.6784
pf_exact,11,48,153.845
pf_exact,11,49,218.149
pf_exact,11,50,163.187
pf_exact,11,51,21.3147
pf_exact,11,52,192.838
pf_exact,11,53,38.5286
pf_exact,11,54,206.216
pf_exact,11,55,61.5055
pf_exact,11,56,124.574
pf_exact,11,57,168.37
pf_exact,11,58,124.667
pf_exact,11,59,121.699
pf_exact,11,60,29.6849
pf_exact,11,61,69.3514
pf_exact,11,62,116.844
pf_exact,11,63,111.979
pf_exact,11,64,54.0388
pf_exact,11,65,74.5016
pf_exact,11,66,3.91324
pf_exact,11,67,117.871
pf_exact,11,68,119.102
pf_exact,11,69,120.324
pf_exact,11,70,7.08751
pf_exact,11,71,26.1048
pf_exact,11,72,92.7931
pf_exact,11,73,61.814
pf_exact,11,74,118.102
pf_exact,11,75,115.565
pf_exact,11,76,29.5454
pf_exact,11,77,36.5668
pf_exact,11,78,131.575
pf_exact,11,79,126.762
pf_exact,11,80,165.353
pf_exact,11,81,127.678
pf_exact,11,82,124.425
pf_exact,11,83,151.803
pf_exact,11,84,146.562
pf_exact,11,85,63.4972
pf_exact,11,86,63.6398
pf_exact,11,87,1.00198
pf_exact,11,88,119.3
pf_exact,11,89,72.7949
pf_exact,11,90,82.1559
pf_exact,11,91,105.675
pf_exact,11,92,95.0302
pf_exact,11,93,91.0194
pf_exact,11,94,138.009
pf_exact,11,95,62.2537
pf_exact,11,96,163.788
pf_exact,11,97,102.348
pf_exact,11,98,108.477
pf_exact,11,99,164.255
pf_exact,11,100,151.882
pf_exact,11,101,173.566
pf_exact,11,102,185.278
pf_exact,11,103,129.85
pf_exact,11,104,129.407
pf_exact,11,105,29.5769
pf_exact,11,106,23.4024
pf_exact,11,107,92.6288
pf_exact,11,108,82.9815
pf_exact,11,109,174.48
pf_exact,11,110,143.097
pf_exact,11,111,211.402
pf_exact,11,112,125.787
pf_exact,11,113,184.782
pf_exact,11,114,128.577
pf_exact,11,115,186.009
pf_exact,11,116,134.446
pf_exact,11,117,161.798
pf_exact,11,118,146.685
pf_exact,11,119,96.228
pf_exact,11,120,254.627
pf_exact,11,121,253.465
pf_exact,11,122,119.869
pf_exact,11,123,94.6036
pf_exact,11,124,180.984
pf_exact,11,125,179.535
pf_exact,11,126,200.045
pf_exact,11,127,207.873
pf_exact,11,128,97.4659
pf_exact,11,129,46.4169
pf_exact,11,130,91.7062
pf_exact,11,131,135.275
pf_exact,11,132,226.636
pf_exact,11,133,210.23
pf_exact,11,134,226.131
pf_exact,11,135,213.819
pf_exact,11,136,221.517
pf_exact,11,137,143.012
pf_exact,11,138,146.22
pf_exact,11,139,70.5397
pf_exact,11,140,48.108
pf_exact,11,141,191.288
pf_exact,11,142,30.2226
pf_exact,11,143,160.264
pf_exact,11,144,124.017
pf_exact,11,145,164.3
pf_exact,11,146,228.093
pf_exact,11,147,246.156
pf_exact,11,148,26.1055
pf_exact,11,149,173.765
copf_exact,11,0,164.302
copf_exact,11,1,420.76
copf_exact,11,2,340.914
copf_exact,11,3,277.118
copf_exact,11,4,196.835
copf_exact,11,5,405.957
copf_exact,11,6,287.294
copf_exact,11,7,218.158
copf_exact,11,8,369.021
copf_exact,11,9,282.265
copf_exact,11,10,224.552
copf_exact,11,11,371.734
copf_exact,11,12,279.634
copf_exact,11,13,193.528
copf_exact,11,14,361.928
copf_exact,11,15,275.56
copf_exact,11,16,219.788
copf_exact,11,17,413.042
copf_exact,11,18,336.545
copf_exact,11,19,259.208
copf_exact,11,20,187.216
copf_exact,11,21,388.578
copf_exact,11,22,235.791
copf_exact,11,23,336.166
copf_exact,11,24,197.489
copf_exact,11,25,334.864
copf_exact,11,26,222.352
copf_exact,11,27,318.426
copf_exact,11,28,238.992
copf_exact,11,29,340.184
copf_exact,11,30,238.235
copf_exact,11,31,383.656
copf_exact,11,32,288.539
copf_exact,11,33,218.042
copf_exact,11,34,344.924
copf_exact,11,35,253.665
copf_exact,11,36,407.457
copf_exact,11,37,315.732
copf_exact,11,38,210.677
copf_exact,11,39,353.025
copf_exact,11,40,252.677
copf_exact,11,41,351.641
copf_exact,11,42,260.34
copf_exact,11,43,143.988
copf_exact,11,44,309.709
copf_exact,11,45,188.633
copf_exact,11,46,351.545
copf_exact,11,47,260.183
copf_exact,11,48,205.224
copf_exact,11,49,392.362
copf_exact,11,50,284.376
copf_exact,11,51,175.144
copf_exact,11,52,357.825
copf_exact,11,53,265.332
copf_exact,11,54,200.91
copf_exact,11,55,315.075
copf_exact,11,56,200.511
copf_exact,11,57,334.069
copf_exact,11,58,227.462
copf_exact,11,59,350.474
copf_exact,11,60,226.38
copf_exact,11,61,276.733
copf_exact,11,62,147.104
copf_exact,11,63,284.346
copf_exact,11,64,181.53
copf_exact,11,65,284.608
copf_exact,11,66,127.733
copf_exact,11,67,246.847
copf_exact,11,68,246.514
copf_exact,11,69,278.289
copf_exact,11,70,119.882
copf_exact,11,71,186.746
copf_exact,11,72,216.702
copf_exact,11,73,215.655
copf_exact,11,74,228.967
copf_exact,11,75,234.661
copf_exact,11,76,282.425
copf_exact,11,77,187
copf_exact,11,78,345.925
copf_exact,11,79,247.659
copf_exact,11,80,368.245
copf_exact,11,81,242.717
copf_exact,11,82,338.376
copf_exact,11,83,226.708
copf_exact,11,84,351.064
copf_exact,11,85,214.713
copf_exact,11,86,283.98
copf_exact,11,87,124.315
copf_exact,11,88,239.717
copf_exact,11,89,219.971
copf_exact,11,90,210.939
copf_exact,11,91,221.619
copf_exact,11,92,248.244
copf_exact,11,93,272.379
copf_exact,11,94,136.507
copf_exact,11,95,304.476
copf_exact,11,96,185.735
copf_exact,11,97,295.891
copf_exact,11,98,176.084
copf_exact,11,99,336.256
copf_exact,11,100,220.467
copf_exact,11,101,360.121
copf_exact,11,102,245.266
copf_exact,11,103,338.498
copf_exact,11,104,234.825
copf_exact,11,105,274.68
copf_exact,11,106,198.278
copf_exact,11,107,326.085
copf_exact,11,108,237.053
copf_exact,11,109,371.739
copf_exact,11,110,280.994
copf_exact,11,111,207.693
copf_exact,11,112,339.06
copf_exact,11,113,243.184
copf_exact,11,114,343.218
copf_exact,11,115,231.13
copf_exact,11,116,365.175
copf_exact,11,117,277.071
copf_exact,11,118,216.59
copf_exact,11,119,380.828
copf_exact,11,120,308.318
copf_exact,11,121,249.574
copf_exact,11,122,340.411
copf_exact,11,123,232.417
copf_exact,11,124,381.775
copf_exact,11,125,274.066
copf_exact,11,126,200.995
copf_exact,11,127,393.608
copf_exact,11,128,301.999
copf_exact,11,129,185.028
copf_exact,11,130,365.416
copf_exact,11,131,282.525
copf_exact,11,132,218.639
copf_exact,11,133,402.481
copf_exact,11,134,305.767
copf_exact,11,135,246.659
copf_exact,11,136,398.583
copf_exact,11,137,282.151
copf_exact,11,138,197.931
copf_exact,11,139,356.532
copf_exact,11,140,235.03
copf_exact,11,141,375.954
copf_exact,11,142,288.542
copf_exact,11,143,212.316
copf_exact,11,144,377.534
copf_exact,11,145,281.566
copf_exact,11,146,232.902
copf_exact,11,147,421.931
copf_exact,11,148,278.606
copf_exact,11,149,205.212
pf_exact,12,0,84.9214
pf_exact,12,1,212.058
pf_exact,12,2,181.744
pf_exact,12,3,253.153
pf_exact,12,4,68.5081
pf_exact,12,5,201.802
pf_exact,12,6,64.7177
pf_exact,12,7,199.247
pf_exact,12,8,144.828
pf_exact,12,9,127.32
pf_exact,12,10,184.65
pf_exact,12,11,146.498
pf_exact,12,12,187.517
pf_exact,12,13,134.78
pf_exact,12,14,189.559
pf_exact,12,15,54.3704
pf_exact,12,16,237.091
pf_exact,12,17,191.292
pf_exact,12,18,137.556
pf_exact,12,19,168.817
pf_exact,12,20,133.042
pf_exact,12,21,180.901
pf_exact,12,22,25.1125
pf_exact,12,23,112.215
pf_exact,12,24,60.193
pf_exact,12,25,133.857
pf_exact,12,26,108.047
pf_exact,12,27,139.289
pf_exact,12,28,36.5057
pf_exact,12,29,134.243
pf_exact,12,30,179.967
pf_exact,12,31,168.858
pf_exact,12,32,198.322
pf_exact,12,33,203.312
pf_exact,12,34,64.6113
pf_exact,12,35,137.958
pf_exact,12,36,227.891
pf_exact,12,37,227.686
pf_exact,12,38,51.8153
pf_exact,12,39,126.632
pf_exact,12,40,192.306
pf_exact,12,41,154.951
pf_exact,12,42,158.049
pf_exact,12,43,6.71734
pf_exact,12,44,160.385
pf_exact,12,45,147.688
pf_exact,12,46,144.023
pf_exact,12,47,16.3504
pf_exact,12,48,134.127
pf_exact,12,49,226.043
pf_exact,12,50,171.446
pf_exact,12,51,32.2163
pf_exact,12,52,177.324
pf_exact,12,53,43.2021
pf_exact,12,54,203.09
pf_exact,12,55,56.2039
pf_exact,12,56,104.058
pf_exact,12,57,166.709
pf_exact,12,58,122.547
pf_exact,12,59,106.286
pf_exact,12,60,34.4735
pf_exact,12,61,65.612
pf_exact,12,62,97.3588
pf_exact,12,63,106.791
pf_exact,12,64,46.7681
pf_exact,12,65,92.2279
pf_exact,12,66,3.07181
pf_exact,12,67,133.704
pf_exact,12,68,122.184
pf_exact,12,69,123.124
pf_exact,12,70,7.78406
pf_exact,12,71,34.8176
pf_exact,12,72,83.9088
pf_exact,12,73,71.2824
pf_exact,12,74,90.882
pf_exact,12,75,113.051
pf_exact,12,76,30.0976
pf_exact,12,77,41.4376
pf_exact,12,78,122.401
pf_exact,12,79,114.735
pf_exact,12,80,162.724
pf_exact,12,81,127.445
pf_exact,12,82,136.91
pf_exact,12,83,178.328
pf_exact,12,84,159.389
pf_exact,12,85,67.9312
pf_exact,12,86,79.9753
pf_exact,12,87,1.0001
pf_exact,12,88,102.87
pf_exact,12,89,72.735
pf_exact,12,90,78.0765
pf_exact,12,91,100.589
pf_exact,12,92,101.764
pf_exact,12,93,102.14
pf_exact,12,94,126.191
pf_exact,12,95,49.7489
pf_exact,12,96,154.849
pf_exact,12,97,108.759
pf_exact,12,98,126.531
pf_exact,12,99,161.04
pf_exact,12,100,158.301
pf_exact,12,101,180.076
pf_exact,12,102,185.322
pf_exact,12,103,120.777
pf_exact,12,104,124.538
pf_exact,12,105,34.9578
pf_exact,12,106,31.5104
pf_exact,12,107,105.9
pf_exact,12,108,79.9522
pf_exact,12,109,171.743
pf_exact,12,110,141.359
pf_exact,12,111,212.634
pf_exact,12,112,107.163
pf_exact,12,113,191.379
pf_exact,12,114,121.729
pf_exact,12,115,187.619
pf_exact,12,116,113.548
pf_exact,12,117,143.234
pf_exact,12,118,156.256
pf_exact,12,119,99.7607
pf_exact,12,120,264.519
pf_exact,12,121,126.846
pf_exact,12,122,109.418
pf_exact,12,123,101.413
pf_exact,12,124,177.007
pf_exact,12,125,198.146
pf_exact,12,126,186.248
pf_exact,12,127,206.464
pf_exact,12,128,88.4656
pf_exact,12,129,37.6472
pf_exact,12,130,95.5691
pf_exact,12,131,143.623
pf_exact,12,132,220.98
pf_exact,12,133,197.716
pf_exact,12,134,218.535
pf_exact,12,135,219.314
pf_exact,12,136,218.901
pf_exact,12,137,146.075
pf_exact,12,138,151.428
pf_exact,12,139,93.4526
pf_exact,12,140,48.1382
pf_exact,12,141,210.77
pf_exact,12,142,29.3937
pf_exact,12,143,144.285
pf_exact,12,144,126.954
pf_exact,12,145,141.892
pf_exact,12,146,221.535
pf_exact,12,147,223.55
pf_exact,12,148,32.3086
pf_exact,12,149,204.001
copf_exact,12,0,187.107
copf_exact,12,1,420.413
copf_exact,12,2,343.88
copf_exact,12,3,283.084
copf_exact,12,4,192.398
copf_exact,12,5,400.833
copf_exact,12,6,264.544
copf_exact,12,7,200.254
copf_exact,12,8,356.081
copf_exact,12,9,268.435
copf_exact,12,10,210.191
copf_exact,12,11,370.529
copf_exact,12,12,257.12
copf_exact,12,13,180.646
copf_exact,12,14,375.09
copf_exact,12,15,291.245
copf_exact,12,16,225.42
copf_exact,12,17,395.24
copf_exact,12,18,316.731
copf_exact,12,19,238.793
copf_exact,12,20,353.05
copf_exact,12,21,245.851
copf_exact,12,22,277.226
copf_exact,12,23,191.22
copf_exact,12,24,275.604
copf_exact,12,25,173.59
copf_exact,12,26,343.396
copf_exact,12,27,219.373
copf_exact,12,28,326.449
copf_exact,12,29,227.414
copf_exact,12,30,380.378
copf_exact,12,31,285.037
copf_exact,12,32,215.781
copf_exact,12,33,396.895
copf_exact,12,34,302.208
copf_exact,12,35,220.635
copf_exact,12,36,408.063
copf_exact,12,37,320.075
copf_exact,12,38,216.365
copf_exact,12,39,357.274
copf_exact,12,40,251.71
copf_exact,12,41,348.583
copf_exact,12,42,259.636
copf_exact,12,43,144.664
copf_exact,12,44,326.214
copf_exact,12,45,214.787
copf_exact,12,46,349.194
copf_exact,12,47,247.62
copf_exact,12,48,389.96
copf_exact,12,49,297.647
copf_exact,12,50,222.293
copf_exact,12,51,288.028
copf_exact,12,52,193.288
copf_exact,12,53,335.834
copf_exact,12,54,229.488
copf_exact,12,55,306.922
copf_exact,12,56,184.9
copf_exact,12,57,335.613
copf_exact,12,58,232.646
copf_exact,12,59,360.502
copf_exact,12,60,220.851
copf_exact,12,61,286.195
copf_exact,12,62,157.51
copf_exact,12,63,294.253
copf_exact,12,64,190.648
copf_exact,12,65,269.254
copf_exact,12,66,136.54
copf_exact,12,67,238.008
copf_exact,12,68,251.484
copf_exact,12,69,281.132
copf_exact,12,70,119.515
copf_exact,12,71,196.184
copf_exact,12,72,229.238
copf_exact,12,73,222.059
copf_exact,12,74,233
copf_exact,12,75,245.856
copf_exact,12,76,288.643
copf_exact,12,77,188.071
copf_exact,12,78,353.814
copf_exact,12,79,267.934
copf_exact,12,80,191.681
copf_exact,12,81,348.095
copf_exact,12,82,237.605
copf_exact,12,83,337.965
copf_exact,12,84,235.218
copf_exact,12,85,293.979
copf_exact,12,86,176.86
copf_exact,12,87,162.266
copf_exact,12,88,235.259
copf_exact,12,89,226.885
copf_exact,12,90,227.684
copf_exact,12,91,218.135
copf_exact,12,92,242.037
copf_exact,12,93,264.809
copf_exact,12,94,143.379
copf_exact,12,95,309.716
copf_exact,12,96,197.648
copf_exact,12,97,290.204
copf_exact,12,98,181.453
copf_exact,12,99,330.535
copf_exact,12,100,220.741
copf_exact,12,101,347.311
copf_exact,12,102,239.967
copf_exact,12,103,335.312
copf_exact,12,104,220.689
copf_exact,12,105,256.083
copf_exact,12,106,190.313
copf_exact,12,107,319.91
copf_exact,12,108,234.094
copf_exact,12,109,369.005
copf_exact,12,110,269.833
copf_exact,12,111,207.357
copf_exact,12,112,353.469
copf_exact,12,113,256.547
copf_exact,12,114,171.346
copf_exact,12,115,368.562
copf_exact,12,116,272.988
copf_exact,12,117,202.453
copf_exact,12,118,386.831
copf_exact,12,119,300.076
copf_exact,12,120,234.972
copf_exact,12,121,431.234
copf_exact,12,122,313.726
copf_exact,12,123,214.157
copf_exact,12,124,376.506
copf_exact,12,125,266.22
copf_exact,12,126,191.993
copf_exact,12,127,379.519
copf_exact,12,128,293.028
copf_exact,12,129,192.4
copf_exact,12,130,359.025
copf_exact,12,131,276.984
copf_exact,12,132,218.513
copf_exact,12,133,399.072
copf_exact,12,134,307.356
copf_exact,12,135,240.857
copf_exact,12,136,409.962
copf_exact,12,137,287.325
copf_exact,12,138,202.412
copf_exact,12,139,363.758
copf_exact,12,140,240.474
copf_exact,12,141,375.746
copf_exact,12,142,295.752
copf_exact,12,143,215.413
copf_exact,12,144,376.993
copf_exact,12,145,298.167
copf_exact,12,146,237.75
copf_exact,12,147,415.829
copf_exact,12,148,275.679
copf_exact,12,149,208.968
pf_exact,13,0,81.3973
pf_exact,13,1,233.854
pf_exact,13,2,199.617
pf_exact,13,3,251.922
pf_exact,13,4,84.7993
pf_exact,13,5,218.177
pf_exact,13,6,71.1339
pf_exact,13,7,198.269
pf_exact,13,8,150.073
pf_exact,13,9,121.836
pf_exact,13,10,186.659
pf_exact,13,11,169.004
pf_exact,13,12,208.097
pf_exact,13,13,124.076
pf_exact,13,14,202.382
pf_exact,13,15,59.9899
pf_exact,13,16,227.638
pf_exact,13,17,230.721
pf_exact,13,18,142.412
pf_exact,13,19,171.737
pf_exact,13,20,151.672
pf_exact,13,21,189.518
pf_exact,13,22,28.7525
pf_exact,13,23,127.756
pf_exact,13,24,64.7255
pf_exact,13,25,112.621
pf_exact,13,26,106.13
pf_exact,13,27,134.321
pf_exact,13,28,48.2894
pf_exact,13,29,90.3175
pf_exact,13,30,182.109
pf_exact,13,31,170.513
pf_exact,13,32,169.181
pf_exact,13,33,222.125
pf_exact,13,34,70.5397
pf_exact,13,35,137.427
pf_exact,13,36,223.662
pf_exact,13,37,220.649
pf_exact,13,38,59.4175
pf_exact,13,39,108.522
pf_exact,13,40,183.852
pf_exact,13,41,147.793
pf_exact,13,42,162.276
pf_exact,13,43,9.12649
pf_exact,13,44,146.857
pf_exact,13,45,165.101
pf_exact,13,46,164.286
pf_exact,13,47,16.0276
pf_exact,13,48,127.83
pf_exact,13,49,234.444
pf_exact,13,50,165.423
pf_exact,13,51,29.7413
pf_exact,13,52,162.859
pf_exact,13,53,41.1184
pf_exact,13,54,163.424
pf_exact,13,55,59.4895
pf_exact,13,56,115.382
pf_exact,13,57,149.921
pf_exact,13,58,125.589
pf_exact,13,59,110.335
pf_exact,13,60,35.4124
pf_exact,13,61,66.9732
pf_exact,13,62,99.6142
pf_exact,13,63,108.19
pf_exact,13,64,51.4244
pf_exact,13,65,88.6194
pf_exact,13,66,6.26567
pf_exact,13,67,121.037
pf_exact,13,68,123.758
pf_exact,13,69,121.372
pf_exact,13,70,7.87069
pf_exact,13,71,33.7914
pf_exact,13,72,90.2627
pf_exact,13,73,71.0457
pf_exact,13,74,117.712
pf_exact,13,75,110.594
pf_exact,13,76,35.9431
pf_exact,13,77,34.8735
pf_exact,13,78,128.235
pf_exact,13,79,100.411
pf_exact,13,80,184.374
pf_exact,13,81,116.894
pf_exact,13,82,140.726
pf_exact,13,83,160.471
pf_exact,13,84,158.286
pf_exact,13,85,61.2488
pf_exact,13,86,86.4781
pf_exact,13,87,1.64059
pf_exact,13,88,109.285
pf_exact,13,89,74.478
pf_exact,13,90,76.4166
pf_exact,13,91,96.1434
pf_exact,13,92,96.5877
pf_exact,13,93,86.5837
pf_exact,13,94,127.186
pf_exact,13,95,46.4674
pf_exact,13,96,155.636
pf_exact,13,97,105.281
pf_exact,13,98,115.662
pf_exact,13,99,171.39
pf_exact,13,100,165.887
pf_exact,13,101,175.191
pf_exact,13,102,186.474
pf_exact,13,103,118.591
pf_exact,13,104,136.317
pf_exact,13,105,34.2681
pf_exact,13,106,32.5693
pf_exact,13,107,95.3131
pf_exact,13,108,88.937
pf_exact,13,109,176.642
pf_exact,13,110,145.056
pf_exact,13,111,207.435
pf_exact,13,112,114.642
pf_exact,13,113,197.802
pf_exact,13,114,140.662
pf_exact,13,115,200.961
pf_exact,13,116,121.736
pf_exact,13,117,158.324
pf_exact,13,118,151.577
pf_exact,13,119,111.432
pf_exact,13,120,247.15
pf_exact,13,121,261.819
pf_exact,13,122,65.6677
pf_exact,13,123,85.9132
pf_exact,13,124,200.107
pf_exact,13,125,200.235
pf_exact,13,126,190.793
pf_exact,13,127,210.513
pf_exact,13,128,104.126
pf_exact,13,129,43.9709
pf_exact,13,130,95.1517
pf_exact,13,131,146.618
pf_exact,13,132,232.774
pf_exact,13,133,208.413
pf_exact,13,134,222.878
pf_exact,13,135,205.582
pf_exact,13,136,222.673
pf_exact,13,137,138.892
pf_exact,13,138,154.695
pf_exact,13,139,86.4118
pf_exact,13,140,46.2672
pf_exact,13,141,191.179
pf_exact,13,142,21.3023
pf_exact,13,143,171.984
pf_exact,13,144,104.062
pf_exact,13,145,144.515
pf_exact,13,146,230.471
pf_exact,13,147,231.424
pf_exact,13,148,25.9201
pf_exact,13,149,167.139
copf_exact,13,0,187.646
copf_exact,13,1,424.521
copf_exact,13,2,342.679
copf_exact,13,3,281.695
copf_exact,13,4,201.274
copf_exact,13,5,403.458
copf_exact,13,6,273.382
copf_exact,13,7,210.614
copf_exact,13,8,365.836
copf_exact,13,9,273.454
copf_exact,13,10,204.97
copf_exact,13,11,380.54
copf_exact,13,12,278.724
copf_exact,13,13,186.521
copf_exact,13,14,372.113
copf_exact,13,15,280.308
copf_exact,13,16,215.263
copf_exact,13,17,413.026
copf_exact,13,18,316.199
copf_exact,13,19,249.601
copf_exact,13,20,371.074
copf_exact,13,21,267.901
copf_exact,13,22,164.316
copf_exact,13,23,325.519
copf_exact,13,24,187.988
copf_exact,13,25,317.421
copf_exact,13,26,222.465
copf_exact,13,27,333.497
copf_exact,13,28,244.042
copf_exact,13,29,344.212
copf_exact,13,30,236.841
copf_exact,13,31,384.828
copf_exact,13,32,290.712
copf_exact,13,33,218.036
copf_exact,13,34,348.839
copf_exact,13,35,270.214
copf_exact,13,36,222.784
copf_exact,13,37,402.14
copf_exact,13,38,280.345
copf_exact,13,39,189.233
copf_exact,13,40,360.367
copf_exact,13,41,243.686
copf_exact,13,42,371.698
copf_exact,13,43,220.582
copf_exact,13,44,308.581
copf_exact,13,45,192.952
copf_exact,13,46,340.885
copf_exact,13,47,252.351
copf_exact,13,48,388.811
copf_exact,13,49,290.061
copf_exact,13,50,214.766
copf_exact,13,51,280.147
copf_exact,13,52,204.447
copf_exact,13,53,321.029
copf_exact,13,54,239.299
copf_exact,13,55,304.846
copf_exact,13,56,184.501
copf_exact,13,57,337.51
copf_exact,13,58,225.449
copf_exact,13,59,356.846
copf_exact,13,60,217.989
copf_exact,13,61,297.506
copf_exact,13,62,165.323
copf_exact,13,63,295.718
copf_exact,13,64,175.024
copf_exact,13,65,290.006
copf_exact,13,66,126.166
copf_exact,13,67,241.006
copf_exact,13,68,245.051
copf_exact,13,69,268.76
copf_exact,13,70,123.596
copf_exact,13,71,194.138
copf_exact,13,72,209.457
copf_exact,13,73,206.695
copf_exact,13,74,214.301
copf_exact,13,75,251.608
copf_exact,13,76,271.141
copf_exact,13,77,183.938
copf_exact,13,78,364.2
copf_exact,13,79,272.829
copf_exact,13,80,202.167
copf_exact,13,81,354.161
copf_exact,13,82,238.609
copf_exact,13,83,334.069
copf_exact,13,84,230.684
copf_exact,13,85,308.948
copf_exact,13,86,193.49
copf_exact,13,87,151.622
copf_exact,13,88,243.758
copf_exact,13,89,222.913
copf_exact,13,90,217.921
copf_exact,13,91,232.258
copf_exact,13,92,246.404
copf_exact,13,93,251.262
copf_exact,13,94,283.137
copf_exact,13,95,177.286
copf_exact,13,96,321.474
copf_exact,13,97,188.364
copf_exact,13,98,327.197
copf_exact,13,99,222.385
copf_exact,13,100,360.463
copf_exact,13,101,241.162
copf_exact,13,102,365.082
copf_exact,13,103,219.77
copf_exact,13,104,346.183
copf_exact,13,105,215.949
copf_exact,13,106,307.878
copf_exact,13,107,193.942
copf_exact,13,108,343.478
copf_exact,13,109,242.154
copf_exact,13,110,379.705
copf_exact,13,111,288.186
copf_exact,13,112,195.951
copf_exact,13,113,367.89
copf_exact,13,114,244.559
copf_exact,13,115,364.841
copf_exact,13,116,258.042
copf_exact,13,117,187.198
copf_exact,13,118,387.315
copf_exact,13,119,302.365
copf_exact,13,120,247.029
copf_exact,13,121,431.122
copf_exact,13,122,327.633
copf_exact,13,123,216.587
copf_exact,13,124,375.268
copf_exact,13,125,267.87
copf_exact,13,126,206.063
copf_exact,13,127,387.055
copf_exact,13,128,297.436
copf_exact,13,129,196.601
copf_exact,13,130,358.624
copf_exact,13,131,267.227
copf_exact,13,132,210.988
copf_exact,13,133,402.529
copf_exact,13,134,317.626
copf_exact,13,135,250.308
copf_exact,13,136,400.543
copf_exact,13,137,281.043
copf_exact,13,138,197.083
copf_exact,13,139,352.862
copf_exact,13,140,231.967
copf_exact,13,141,374.599
copf_exact,13,142,278.88
copf_exact,13,143,208.008
copf_exact,13,144,373.736
copf_exact,13,145,307.184
copf_exact,13,146,243.03
copf_exact,13,147,425.095
copf_exact,13,148,289.217
copf_exact,13,149,225.98
pf_exact,14,0,77.8557
pf_exact,14,1,227.326
pf_exact,14,2,195.962
pf_exact,14,3,272.262
pf_exact,14,4,44.4482
pf_exact,14,5,210.308
pf_exact,14,6,64.8753
pf_exact,14,7,202.942
pf_exact,14,8,138.816
pf_exact,14,9,125.654
pf_exact,14,10,161.108
pf_exact,14,11,168.124
pf_exact,14,12,203.826
pf_exact,14,13,136.996
pf_exact,14,14,210.879
pf_exact,14,15,67.1804
pf_exact,14,16,238.462
pf_exact,14,17,209.986
pf_exact,14,18,144.852
pf_exact,14,19,198.583
pf_exact,14,20,137.998
pf_exact,14,21,192.793
pf_exact,14,22,22.0069
pf_exact,14,23,137.073
pf_exact,14,24,64.5441
pf_exact,14,25,111.231
pf_exact,14,26,98.0728
pf_exact,14,27,124.507
pf_exact,14,28,41.2512
pf_exact,14,29,118.9
pf_exact,14,30,162.501
pf_exact,14,31,159.698
pf_exact,14,32,169.954
pf_exact,14,33,205.798
pf_exact,14,34,72.8834
pf_exact,14,35,125.499
pf_exact,14,36,235.567
pf_exact,14,37,237.871
pf_exact,14,38,59.5679
pf_exact,14,39,123.943
pf_exact,14,40,188.478
pf_exact,14,41,165.617
pf_exact,14,42,156.782
pf_exact,14,43,3.27428
pf_exact,14,44,157.62
pf_exact,14,45,168.049
pf_exact,14,46,155.911
pf_exact,14,47,21.8381
pf_exact,14,48,153.423
pf_exact,14,49,223.44
pf_exact,14,50,148.607
pf_exact,14,51,27.4951
pf_exact,14,52,177.989
pf_exact,14,53,41.1533
pf_exact,14,54,183.205
pf_exact,14,55,55.7294
pf_exact,14,56,104.406
pf_exact,14,57,166.907
pf_exact,14,58,126.162
pf_exact,14,59,128.377
pf_exact,14,60,44.4582
pf_exact,14,61,60.7887
pf_exact,14,62,100.449
pf_exact,14,63,112.171
pf_exact,14,64,50.2257
pf_exact,14,65,65.4756
pf_exact,14,66,6.34283
pf_exact,14,67,116.335
pf_exact,14,68,124.791
pf_exact,14,69,122.952
pf_exact,14,70,8.81429
pf_exact,14,71,34.8716
pf_exact,14,72,92.5898
pf_exact,14,73,81.0439
pf_exact,14,74,104.099
pf_exact,14,75,117.438
pf_exact,14,76,37.8249
pf_exact,14,77,35.0274
pf_exact,14,78,144.723
pf_exact,14,79,113.369
pf_exact,14,80,184.162
pf_exact,14,81,121.466
pf_exact,14,82,142.999
pf_exact,14,83,153.499
pf_exact,14,84,153.66
pf_exact,14,85,59.3082
pf_exact,14,86,84.8919
pf_exact,14,87,1.001
pf_exact,14,88,114.62
pf_exact,14,89,66.4816
pf_exact,14,90,91.3036
pf_exact,14,91,103.77
pf_exact,14,92,94.9723
pf_exact,14,93,91.2287
pf_exact,14,94,133.547
pf_exact,14,95,65.1066
pf_exact,14,96,159.93
pf_exact,14,97,119.47
pf_exact,14,98,122.47
pf_exact,14,99,156.353
pf_exact,14,100,152.462
pf_exact,14,101,167.72
pf_exact,14,102,164.546
pf_exact,14,103,104.547
pf_exact,14,104,141.055
pf_exact,14,105,35.7162
pf_exact,14,106,30.9767
pf_exact,14,107,97.037
pf_exact,14,108,78.7328
pf_exact,14,109,159.779
pf_exact,14,110,145.239
pf_exact,14,111,228.85
pf_exact,14,112,120.964
pf_exact,14,113,186.362
pf_exact,14,114,124.025
pf_exact,14,115,180.866
pf_exact,14,116,118.773
pf_exact,14,117,140.304
pf_exact,14,118,137.57
pf_exact,14,119,96.7434
pf_exact,14,120,272.163
pf_exact,14,121,122.214
pf_exact,14,122,114.506
pf_exact,14,123,105.026
pf_exact,14,124,191.55
pf_exact,14,125,197.628
pf_exact,14,126,197.434
pf_exact,14,127,184.901
pf_exact,14,128,95.6015
pf_exact,14,129,38.4552
pf_exact,14,130,100.505
pf_exact,14,131,173.472
pf_exact,14,132,241.016
pf_exact,14,133,199.15
pf_exact,14,134,233.604
pf_exact,14,135,203.196
pf_exact,14,136,204.079
pf_exact,14,137,150.314
pf_exact,14,138,147.74
pf_exact,14,139,89.7467
pf_exact,14,140,55.4562
pf_exact,14,141,198.851
pf_exact,14,142,25.7476
pf_exact,14,143,160.595
pf_exact,14,144,131.898
pf_exact,14,145,136.894
pf_exact,14,146,235.705
pf_exact,14,147,237.754
pf_exact,14,148,32.0807
pf_exact,14,149,162.623
copf_exact,14,0,160.424
copf_exact,14,1,427.452
copf_exact,14,2,356.616
copf_exact,14,3,287.711
copf_exact,14,4,209.851
copf_exact,14,5,415.807
copf_exact,14,6,288.504
copf_exact,14,7,212.97
copf_exact,14,8,366.998
copf_exact,14,9,277.367
copf_exact,14,10,218.693
copf_exact,14,11,385.106
copf_exact,14,12,285.208
copf_exact,14,13,193.837
copf_exact,14,14,371.283
copf_exact,14,15,285.505
copf_exact,14,16,221.356
copf_exact,14,17,403.186
copf_exact,14,18,313.166
copf_exact,14,19,243.182
copf_exact,14,20,365.35
copf_exact,14,21,260.483
copf_exact,14,22,154.558
copf_exact,14,23,340.72
copf_exact,14,24,199.705
copf_exact,14,25,318.007
copf_exact,14,26,201.143
copf_exact,14,27,334.025
copf_exact,14,28,258.934
copf_exact,14,29,169.068
copf_exact,14,30,374.516
copf_exact,14,31,279.636
copf_exact,14,32,205.36
copf_exact,14,33,396.67
copf_exact,14,34,304.414
copf_exact,14,35,220.445
copf_exact,14,36,409.032
copf_exact,14,37,311.549
copf_exact,14,38,210.621
copf_exact,14,39,343.843
copf_exact,14,40,239.959
copf_exact,14,41,349.833
copf_exact,14,42,249.849
copf_exact,14,43,200.97
copf_exact,14,44,316.905
copf_exact,14,45,210.528
copf_exact,14,46,332.236
copf_exact,14,47,239.461
copf_exact,14,48,390.776
copf_exact,14,49,305.607
copf_exact,14,50,221.811
copf_exact,14,51,285.386
copf_exact,14,52,190.951
copf_exact,14,53,330.108
copf_exact,14,54,241.114
copf_exact,14,55,284.115
copf_exact,14,56,166.85
copf_exact,14,57,353.717
copf_exact,14,58,245.088
copf_exact,14,59,358.832
copf_exact,14,60,237.069
copf_exact,14,61,288.677
copf_exact,14,62,164.276
copf_exact,14,63,290.754
copf_exact,14,64,178.809
copf_exact,14,65,295.616
copf_exact,14,66,135.819
copf_exact,14,67,253.548
copf_exact,14,68,237.597
copf_exact,14,69,268.566
copf_exact,14,70,110.717
copf_exact,14,71,206.62
copf_exact,14,72,230.175
copf_exact,14,73,214.082
copf_exact,14,74,235.074
copf_exact,14,75,257.636
copf_exact,14,76,141.72
copf_exact,14,77,323.993
copf_exact,14,78,215.09
copf_exact,14,79,376.673
copf_exact,14,80,273.553
copf_exact,14,81,181.706
copf_exact,14,82,342.081
copf_exact,14,83,222.912
copf_exact,14,84,356.184
copf_exact,14,85,233.135
copf_exact,14,86,308.831
copf_exact,14,87,143.891
copf_exact,14,88,240.147
copf_exact,14,89,217.734
copf_exact,14,90,230.425
copf_exact,14,91,225.373
copf_exact,14,92,238.961
copf_exact,14,93,254.842
copf_exact,14,94,282.551
copf_exact,14,95,174.832
copf_exact,14,96,320.347
copf_exact,14,97,193.705
copf_exact,14,98,323.129
copf_exact,14,99,216.586
copf_exact,14,100,346.53
copf_exact,14,101,238.322
copf_exact,14,102,341.642
copf_exact,14,103,228.419
copf_exact,14,104,355.166
copf_exact,14,105,210.761
copf_exact,14,106,318.958
copf_exact,14,107,213.227
copf_exact,14,108,345.942
copf_exact,14,109,248.05
copf_exact,14,110,372.394
copf_exact,14,111,274.761
copf_exact,14,112,184.835
copf_exact,14,113,365.519
copf_exact,14,114,237.197
copf_exact,14,115,348.833
copf_exact,14,116,243.24
copf_exact,14,117,379.866
copf_exact,14,118,291.11
copf_exact,14,119,232.528
copf_exact,14,120,435.542
copf_exact,14,121,353.425
copf_exact,14,122,243.125
copf_exact,14,123,344.021
copf_exact,14,124,240.998
copf_exact,14,125,384.842
copf_exact,14,126,280.664
copf_exact,14,127,210.197
copf_exact,14,128,366.968
copf_exact,14,129,244.68
copf_exact,14,130,360.566
copf_exact,14,131,280.591
copf_exact,14,132,214.034
copf_exact,14,133,394.86
copf_exact,14,134,306.264
copf_exact,14,135,244.095
copf_exact,14,136,408.467
copf_exact,14,137,291.025
copf_exact,14,138,199.779
copf_exact,14,139,350.771
copf_exact,14,140,220.779
copf_exact,14,141,374.583
copf_exact,14,142,280.168
copf_exact,14,143,206.42
copf_exact,14,144,376.249
copf_exact,14,145,300.068
copf_exact,14,146,253.189
copf_exact,14,147,421.222
copf_exact,14,148,271.781
copf_exact,14,149,201.896
pf_exact,15,0,75.5197
pf_exact,15,1,222.057
pf_exact,15,2,219.502
pf_exact,15,3,248.376
pf_exact,15,4,66.5869
pf_exact,15,5,239.956
pf_exact,15,6,79.9421
pf_exact,15,7,195.558
pf_exact,15,8,147.031
pf_exact,15,9,123.62
pf_exact,15,10,177.528
pf_exact,15,11,167.342
pf_exact,15,12,207.262
pf_exact,15,13,138.114
pf_exact,15,14,201.391
pf_exact,15,15,68.0084
pf_exact,15,16,243.442
pf_exact,15,17,232.568
pf_exact,15,18,148.684
pf_exact,15,19,158.357
pf_exact,15,20,132.036
pf_exact,15,21,203.656
pf_exact,15,22,27.7858
pf_exact,15,23,137.167
pf_exact,15,24,58.2919
pf_exact,15,25,100.699
pf_exact,15,26,95.76
pf_exact,15,27,138.901
pf_exact,15,28,35.8422
pf_exact,15,29,106.933
pf_exact,15,30,153.668
pf_exact,15,31,159.559
pf_exact,15,32,184.998
pf_exact,15,33,213.556
pf_exact,15,34,64.596
pf_exact,15,35,139.104
pf_exact,15,36,242.813
pf_exact,15,37,208.475
pf_exact,15,38,75.4403
pf_exact,15,39,108.34
pf_exact,15,40,181.646
pf_exact,15,41,171.172
pf_exact,15,42,149.028
pf_exact,15,43,8.64684
pf_exact,15,44,157.624
pf_exact,15,45,158.182
pf_exact,15,46,176.997
pf_exact,15,47,12.7018
pf_exact,15,48,172.403
pf_exact,15,49,215.867
pf_exact,15,50,152.487
pf_exact,15,51,24.728
pf_exact,15,52,183.065
pf_exact,15,53,43.5072
pf_exact,15,54,196.841
pf_exact,15,55,65.9075
pf_exact,15,56,114.397
pf_exact,15,57,163.171
pf_exact,15,58,120.368
pf_exact,15,59,107.286
pf_exact,15,60,27.8114
pf_exact,15,61,67.1083
pf_exact,15,62,97.7679
pf_exact,15,63,110.528
pf_exact,15,64,48.898
pf_exact,15,65,78.6658
pf_exact,15,66,5.27035
pf_exact,15,67,112.834
pf_exact,15,68,131.178
pf_exact,15,69,125.045
pf_exact,15,70,8.65802
pf_exact,15,71,30.4245
pf_exact,15,72,75.629
pf_exact,15,73,76.4638
pf_exact,15,74,97.7541
pf_exact,15,75,112.014
pf_exact,15,76,31.5119
pf_exact,15,77,41.5084
pf_exact,15,78,114.011
pf_exact,15,79,109.702
pf_exact,15,80,152.934
pf_exact,15,81,123.293
pf_exact,15,82,141.695
pf_exact,15,83,163.767
pf_exact,15,84,153.176
pf_exact,15,85,62.5333
pf_exact,15,86,76.9942
pf_exact,15,87,1.76937
pf_exact,15,88,126.444
pf_exact,15,89,63.2463
pf_exact,15,90,86.9749
pf_exact,15,91,110.944
pf_exact,15,92,109.759
pf_exact,15,93,98.8751
pf_exact,15,94,132.084
pf_exact,15,95,59.5869
pf_exact,15,96,142.638
pf_exact,15,97,111.359
pf_exact,15,98,108.474
pf_exact,15,99,165.427
pf_exact,15,100,161.815
pf_exact,15,101,179.798
pf_exact,15,102,191.471
pf_exact,15,103,131.306
pf_exact,15,104,140.937
pf_exact,15,105,31.9304
pf_exact,15,106,30.942
pf_exact,15,107,88.4309
pf_exact,15,108,98.5633
pf_exact,15,109,164.156
pf_exact,15,110,135.767
pf_exact,15,111,212.874
pf_exact,15,112,108.314
pf_exact,15,113,194.348
pf_exact,15,114,123.13
pf_exact,15,115,173.881
pf_exact,15,116,140.757
pf_exact,15,117,160.62
pf_exact,15,118,153.055
pf_exact,15,119,102.748
pf_exact,15,120,266.707
pf_exact,15,121,135.957
pf_exact,15,122,103.86
pf_exact,15,123,100.076
pf_exact,15,124,201.483
pf_exact,15,125,190.487
pf_exact,15,126,183.142
pf_exact,15,127,202.43
pf_exact,15,128,98.0448
pf_exact,15,129,39.1532
pf_exact,15,130,97.4634
pf_exact,15,131,137.334
pf_exact,15,132,246.126
pf_exact,15,133,195.275
pf_exact,15,134,214.552
pf_exact,15,135,208.355
pf_exact,15,136,230.52
pf_exact,15,137,147.867
pf_exact,15,138,145.31
pf_exact,15,139,79.53
pf_exact,15,140,55.02
pf_exact,15,141,183.498
pf_exact,15,142,37.8796
pf_exact,15,143,150.147
pf_exact,15,144,127.267
pf_exact,15,145,141.799
pf_exact,15,146,234.556
pf_exact,15,147,229.28
pf_exact,15,148,31.154
pf_exact,15,149,198.556
copf_exact,15,0,153.79
copf_exact,15,1,411.728
copf_exact,15,2,334.216
copf_exact,15,3,276.746
copf_exact,15,4,184.671
copf_exact,15,5,410.409
copf_exact,15,6,278.626
copf_exact,15,7,211.665
copf_exact,15,8,371.479
copf_exact,15,9,287.908
copf_exact,15,10,218.325
copf_exact,15,11,380.114
copf_exact,15,12,283.937
copf_exact,15,13,194.574
copf_exact,15,14,362.301
copf_exact,15,15,281.924
copf_exact,15,16,219.657
copf_exact,15,17,399.032
copf_exact,15,18,321.318
copf_exact,15,19,249.949
copf_exact,15,20,365.592
copf_exact,15,21,267.175
copf_exact,15,22,163.535
copf_exact,15,23,331.976
copf_exact,15,24,197.929
copf_exact,15,25,329.638
copf_exact,15,26,235.338
copf_exact,15,27,342.198
copf_exact,15,28,262.94
copf_exact,15,29,178.714
copf_exact,15,30,362.952
copf_exact,15,31,269.9
copf_exact,15,32,213.382
copf_exact,15,33,404.39
copf_exact,15,34,320.053
copf_exact,15,35,229.315
copf_exact,15,36,403.856
copf_exact,15,37,323.202
copf_exact,15,38,214.365
copf_exact,15,39,335.518
copf_exact,15,40,238.181
copf_exact,15,41,359.251
copf_exact,15,42,257.201
copf_exact,15,43,148.265
copf_exact,15,44,320.621
copf_exact,15,45,202.133
copf_exact,15,46,340.269
copf_exact,15,47,241.207
copf_exact,15,48,383.03
copf_exact,15,49,299.109
copf_exact,15,50,215.199
copf_exact,15,51,281.868
copf_exact,15,52,186.878
copf_exact,15,53,340.051
copf_exact,15,54,255.349
copf_exact,15,55,315.054
copf_exact,15,56,195.795
copf_exact,15,57,335.683
copf_exact,15,58,231.069
copf_exact,15,59,367.075
copf_exact,15,60,217.573
copf_exact,15,61,293.935
copf_exact,15,62,166.977
copf_exact,15,63,312.146
copf_exact,15,64,196.606
copf_exact,15,65,281.474
copf_exact,15,66,115.372
copf_exact,15,67,255.377
copf_exact,15,68,272.556
copf_exact,15,69,135.323
copf_exact,15,70,227.014
copf_exact,15,71,187.304
copf_exact,15,72,231.866
copf_exact,15,73,207.344
copf_exact,15,74,231.749
copf_exact,15,75,251.928
copf_exact,15,76,277.138
copf_exact,15,77,177.561
copf_exact,15,78,358.266
copf_exact,15,79,265.503
copf_exact,15,80,190.157
copf_exact,15,81,342.503
copf_exact,15,82,230.803
copf_exact,15,83,348.05
copf_exact,15,84,246.598
copf_exact,15,85,288.714
copf_exact,15,86,170.661
copf_exact,15,87,162.142
copf_exact,15,88,260.858
copf_exact,15,89,117.585
copf_exact,15,90,217.028
copf_exact,15,91,210.121
copf_exact,15,92,264.357
copf_exact,15,93,142.671
copf_exact,15,94,275.669
copf_exact,15,95,172.446
copf_exact,15,96,321.259
copf_exact,15,97,196.512
copf_exact,15,98,317.166
copf_exact,15,99,204.515
copf_exact,15,100,339.011
copf_exact,15,101,242.011
copf_exact,15,102,358.011
copf_exact,15,103,231.338
copf_exact,15,104,348.169
copf_exact,15,105,218.908
copf_exact,15,106,326.981
copf_exact,15,107,221.007
copf_exact,15,108,349.213
copf_exact,15,109,251.149
copf_exact,15,110,377.692
copf_exact,15,111,279.553
copf_exact,15,112,189.404
copf_exact,15,113,371.96
copf_exact,15,114,238.589
copf_exact,15,115,359.527
copf_exact,15,116,265.545
copf_exact,15,117,195.75
copf_exact,15,118,374.616
copf_exact,15,119,293.938
copf_exact,15,120,229.109
copf_exact,15,121,433.727
copf_exact,15,122,311.246
copf_exact,15,123,215.873
copf_exact,15,124,372.862
copf_exact,15,125,270.942
copf_exact,15,126,199.955
copf_exact,15,127,394.419
copf_exact,15,128,300.06
copf_exact,15,129,205.892
copf_exact,15,130,355.2
copf_exact,15,131,270.138
copf_exact,15,132,210.865
copf_exact,15,133,391.867
copf_exact,15,134,300.072
copf_exact,15,135,230.598
copf_exact,15,136,405.285
copf_exact,15,137,301.743
copf_exact,15,138,204.445
copf_exact,15,139,348.593
copf_exact,15,140,232.601
copf_exact,15,141,369.336
copf_exact,15,142,274.95
copf_exact,15,143,203.765
copf_exact,15,144,373.235
copf_exact,15,145,300.188
copf_exact,15,146,242.654
copf_exact,15,147,416.836
copf_exact,15,148,275.661
copf_exact,15,149,202.639
pf_exact,16,0,78.4042
pf_exact,16,1,229.355
pf_exact,16,2,195.628
pf_exact,16,3,252.771
pf_exact,16,4,82.8316
pf_exact,16,5,226.032
pf_exact,16,6,88.6077
pf_exact,16,7,177.96
pf_exact,16,8,152.576
pf_exact,16,9,124.705
pf_exact,16,10,176.145
pf_exact,16,11,166.853
pf_exact,16,12,224.265
pf_exact,16,13,136.998
pf_exact,16,14,184.812
pf_exact,16,15,59.4851
pf_exact,16,16,210.938
pf_exact,16,17,220.46
pf_exact,16,18,156.5
pf_exact,16,19,179.632
pf_exact,16,20,140.701
pf_exact,16,21,174.564
pf_exact,16,22,24.5127
pf_exact,16,23,110.8
pf_exact,16,24,68.8077
pf_exact,16,25,106.486
pf_exact,16,26,93.6038
pf_exact,16,27,119.379
pf_exact,16,28,35.0137
pf_exact,16,29,120.996
pf_exact,16,30,162.26
pf_exact,16,31,173.913
pf_exact,16,32,200.471
pf_exact,16,33,220.932
pf_exact,16,34,61.6569
pf_exact,16,35,135.676
pf_exact,16,36,224.764
pf_exact,16,37,225.553
pf_exact,16,38,63.3125
pf_exact,16,39,105.42
pf_exact,16,40,169.682
pf_exact,16,41,144.347
pf_exact,16,42,148.861
pf_exact,16,43,8.26287
pf_exact,16,44,141.709
pf_exact,16,45,147.921
pf_exact,16,46,155.578
pf_exact,16,47,15.404
pf_exact,16,48,146.491
pf_exact,16,49,218.945
pf_exact,16,50,145.269
pf_exact,16,51,28.2503
pf_exact,16,52,174.489
pf_exact,16,53,38.8837
pf_exact,16,54,185.874
pf_exact,16,55,56.6974
pf_exact,16,56,113.358
pf_exact,16,57,164.063
pf_exact,16,58,131.708
pf_exact,16,59,116.194
pf_exact,16,60,37.1529
pf_exact,16,61,69.4001
pf_exact,16,62,98.9612
pf_exact,16,63,90.9339
pf_exact,16,64,55.4138
pf_exact,16,65,79.4576
pf_exact,16,66,4.57264
pf_exact,16,67,124.082
pf_exact,16,68,110.514
pf_exact,16,69,118.993
pf_exact,16,70,3.35411
pf_exact,16,71,32.4843
pf_exact,16,72,88.8696
pf_exact,16,73,79.1369
pf_exact,16,74,90.4402
pf_exact,16,75,107.948
pf_exact,16,76,26.8152
pf_exact,16,77,26.2977
pf_exact,16,78,129.556
pf_exact,16,79,115.228
pf_exact,16,80,161.266
pf_exact,16,81,129.561
pf_exact,16,82,135.344
pf_exact,16,83,180.233
pf_exact,16,84,149.581
pf_exact,16,85,68.6776
pf_exact,16,86,80.6984
pf_exact,16,87,1.00008
pf_exact,16,88,116.283
pf_exact,16,89,82.357
pf_exact,16,90,74.5363
pf_exact,16,91,108.635
pf_exact,16,92,98.8885
pf_exact,16,93,88.5565
pf_exact,16,94,137.426
pf_exact,16,95,64.6799
pf_exact,16,96,153.46
pf_exact,16,97,103.775
pf_exact,16,98,120.022
pf_exact,16,99,152.662
pf_exact,16,100,157.008
pf_exact,16,101,180.585
pf_exact,16,102,180.503
pf_exact,16,103,127.918
pf_exact,16,104,145.967
pf_exact,16,105,25.6908
pf_exact,16,106,26.927
pf_exact,16,107,103.261
pf_exact,16,108,98.889
pf_exact,16,109,182.976
pf_exact,16,110,144.815
pf_exact,16,111,209.239
pf_exact,16,112,104.734
pf_exact,16,113,201.866
pf_exact,16,114,138.907
pf_exact,16,115,165.542
pf_exact,16,116,135.823
pf_exact,16,117,150.052
pf_exact,16,118,153.011
pf_exact,16,119,97.6235
pf_exact,16,120,240.595
pf_exact,16,121,269.181
pf_exact,16,122,55.7511
pf_exact,16,123,91.2275
pf_exact,16,124,210.304
pf_exact,16,125,199.241
pf_exact,16,126,170.398
pf_exact,16,127,192.526
pf_exact,16,128,99.1166
pf_exact,16,129,24.2819
pf_exact,16,130,93.3856
pf_exact,16,131,147.266
pf_exact,16,132,236.433
pf_exact,16,133,209.389
pf_exact,16,134,217.324
pf_exact,16,135,210.238
pf_exact,16,136,214.045
pf_exact,16,137,147.555
pf_exact,16,138,142.236
pf_exact,16,139,98.2672
pf_exact,16,140,49.1676
pf_exact,16,141,175.886
pf_exact,16,142,36.9318
pf_exact,16,143,161.785
pf_exact,16,144,114.432
pf_exact,16,145,133.201
pf_exact,16,146,236.013
pf_exact,16,147,229.94
pf_exact,16,148,32.1622
pf_exact,16,149,192.788
copf_exact,16,0,172.42
copf_exact,16,1,411.215
copf_exact,16,2,339.968
copf_exact,16,3,278.564
copf_exact,16,4,198.773
copf_exact,16,5,411.163
copf_exact,16,6,285.649
copf_exact,16,7,219.855
copf_exact,16,8,370.391
copf_exact,16,9,289.528
copf_exact,16,10,223.894
copf_exact,16,11,372.041
copf_exact,16,12,271.041
copf_exact,16,13,192.299
copf_exact,16,14,366.349
copf_exact,16,15,281.383
copf_exact,16,16,221.682
copf_exact,16,17,407.094
copf_exact,16,18,328.586
copf_exact,16,19,257.703
copf_exact,16,20,183.995
copf_exact,16,21,384.482
copf_exact,16,22,239.239
copf_exact,16,23,322.836
copf_exact,16,24,182.195
copf_exact,16,25,321.973
copf_exact,16,26,225.96
copf_exact,16,27,336.137
copf_exact,16,28,250.934
copf_exact,16,29,335.142
copf_exact,16,30,251.428
copf_exact,16,31,367.517
copf_exact,16,32,282.994
copf_exact,16,33,218.994
copf_exact,16,34,336.11
copf_exact,16,35,260.326
copf_exact,16,36,194.85
copf_exact,16,37,415.893
copf_exact,16,38,281.502
copf_exact,16,39,193.539
copf_exact,16,40,366.053
copf_exact,16,41,247.44
copf_exact,16,42,362.099
copf_exact,16,43,194.644
copf_exact,16,44,326.949
copf_exact,16,45,213.412
copf_exact,16,46,332.269
copf_exact,16,47,246.428
copf_exact,16,48,386.677
copf_exact,16,49,290.874
copf_exact,16,50,209.605
copf_exact,16,51,260.627
copf_exact,16,52,165.779
copf_exact,16,53,333.411
copf_exact,16,54,239.288
copf_exact,16,55,302.022
copf_exact,16,56,179.217
copf_exact,16,57,331.339
copf_exact,16,58,225.73
copf_exact,16,59,356.515
copf_exact,16,60,230.458
copf_exact,16,61,288.255
copf_exact,16,62,165.903
copf_exact,16,63,303.486
copf_exact,16,64,183.189
copf_exact,16,65,287.333
copf_exact,16,66,136.072
copf_exact,16,67,248.557
copf_exact,16,68,255.945
copf_exact,16,69,286.061
copf_exact,16,70,122.49
copf_exact,16,71,168.535
copf_exact,16,72,226.343
copf_exact,16,73,211.713
copf_exact,16,74,226.937
copf_exact,16,75,244.025
copf_exact,16,76,267.187
copf_exact,16,77,178.496
copf_exact,16,78,346.81
copf_exact,16,79,257.062
copf_exact,16,80,182.596
copf_exact,16,81,334.445
copf_exact,16,82,214.427
copf_exact,16,83,347.131
copf_exact,16,84,241.686
copf_exact,16,85,294.225
copf_exact,16,86,156.566
copf_exact,16,87,146.185
copf_exact,16,88,266.356
copf_exact,16,89,117.329
copf_exact,16,90,234.16
copf_exact,16,91,225.343
copf_exact,16,92,257.227
copf_exact,16,93,122.323
copf_exact,16,94,278.837
copf_exact,16,95,173.203
copf_exact,16,96,314.81
copf_exact,16,97,192.454
copf_exact,16,98,342.351
copf_exact,16,99,218.607
copf_exact,16,100,331.806
copf_exact,16,101,214.334
copf_exact,16,102,359.602
copf_exact,16,103,227.046
copf_exact,16,104,354.87
copf_exact,16,105,217.532
copf_exact,16,106,315.421
copf_exact,16,107,209.607
copf_exact,16,108,350.388
copf_exact,16,109,248.497
copf_exact,16,110,378.862
copf_exact,16,111,292.664
copf_exact,16,112,197.824
copf_exact,16,113,367.794
copf_exact,16,114,241.274
copf_exact,16,115,363.148
copf_exact,16,116,256.331
copf_exact,16,117,197.822
copf_exact,16,118,374.009
copf_exact,16,119,289.45
copf_exact,16,120,233.538
copf_exact,16,121,422.871
copf_exact,16,122,309.878
copf_exact,16,123,215.405
copf_exact,16,124,380.56
copf_exact,16,125,268.949
copf_exact,16,126,197.62
copf_exact,16,127,381.835
copf_exact,16,128,289.52
copf_exact,16,129,185.253
copf_exact,16,130,356.756
copf_exact,16,131,268.12
copf_exact,16,132,210.905
copf_exact,16,133,394.486
copf_exact,16,134,308.874
copf_exact,16,135,238.723
copf_exact,16,136,412.276
copf_exact,16,137,290.299
copf_exact,16,138,205.76
copf_exact,16,139,356.898
copf_exact,16,140,240.523
copf_exact,16,141,375.871
copf_exact,16,142,298.339
copf_exact,16,143,227.86
copf_exact,16,144,374.46
copf_exact,16,145,291.278
copf_exact,16,146,220.71
copf_exact,16,147,417.296
copf_exact,16,148,270.185
copf_exact,16,149,193.941
pf_exact,17,0,77.4147
pf_exact,17,1,225.113
pf_exact,17,2,192.974
pf_exact,17,3,257.393
pf_exact,17,4,37.0012
pf_exact,17,5,213.959
pf_exact,17,6,73.8373
pf_exact,17,7,194.356
pf_exact,17,8,155.441
pf_exact,17,9,117.513
pf_exact,17,10,167.688
pf_exact,17,11,152.034
pf_exact,17,12,196.15
pf_exact,17,13,149.011
pf_exact,17,14,197.354
pf_exact,17,15,72.613
pf_exact,17,16,225.002
pf_exact,17,17,221.281
pf_exact,17,18,148.504
pf_exact,17,19,164.939
pf_exact,17,20,130.43
pf_exact,17,21,198.493
pf_exact,17,22,34.7108
pf_exact,17,23,122.203
pf_exact,17,24,68.8367
pf_exact,17,25,134.56
pf_exact,17,26,110.62
pf_exact,17,27,123.363
pf_exact,17,28,37.6756
pf_exact,17,29,96.7359
pf_exact,17,30,165.27
pf_exact,17,31,158.699
pf_exact,17,32,189.884
pf_exact,17,33,222.509
pf_exact,17,34,60.7951
pf_exact,17,35,144.377
pf_exact,17,36,243.44
pf_exact,17,37,222.568
pf_exact,17,38,62.7076
pf_exact,17,39,115.811
pf_exact,17,40,195.922
pf_exact,17,41,179.364
pf_exact,17,42,158.292
pf_exact,17,43,5.53764
pf_exact,17,44,143.391
pf_exact,17,45,162.01
pf_exact,17,46,173.146
pf_exact,17,47,19.8135
pf_exact,17,48,144.923
pf_exact,17,49,230.578
pf_exact,17,50,145.677
pf_exact,17,51,30.2827
pf_exact,17,52,175.514
pf_exact,17,53,44.3999
pf_exact,17,54,178.932
pf_exact,17,55,58.0144
pf_exact,17,56,111.687
pf_exact,17,57,164.951
pf_exact,17,58,132.864
pf_exact,17,59,118.109
pf_exact,17,60,38.7748
pf_exact,17,61,68.42
pf_exact,17,62,105.821
pf_exact,17,63,100.48
pf_exact,17,64,42.4916
pf_exact,17,65,87.5467
pf_exact,17,66,8.45123
pf_exact,17,67,124.837
pf_exact,17,68,103.222
pf_exact,17,69,133.948
pf_exact,17,70,6.96831
pf_exact,17,71,32.7006
pf_exact,17,72,92.1359
pf_exact,17,73,68.2387
pf_exact,17,74,100.469
pf_exact,17,75,127.791
pf_exact,17,76,32.9687
pf_exact,17,77,29.5048
pf_exact,17,78,130.59
pf_exact,17,79,119.589
pf_exact,17,80,173.582
pf_exact,17,81,123.957
pf_exact,17,82,133.341
pf_exact,17,83,176.912
pf_exact,17,84,156.487
pf_exact,17,85,60.9545
pf_exact,17,86,78.6629
pf_exact,17,87,2.88595
pf_exact,17,88,105.009
pf_exact,17,89,74.9357
pf_exact,17,90,79.5982
pf_exact,17,91,109.411
pf_exact,17,92,97.2555
pf_exact,17,93,101.501
pf_exact,17,94,135.226
pf_exact,17,95,58.4571
pf_exact,17,96,167.608
pf_exact,17,97,104.493
pf_exact,17,98,120.915
pf_exact,17,99,158.691
pf_exact,17,100,169.777
pf_exact,17,101,169.452
pf_exact,17,102,164.295
pf_exact,17,103,112.85
pf_exact,17,104,131.583
pf_exact,17,105,36.3819
pf_exact,17,106,23.9252
pf_exact,17,107,104.505
pf_exact,17,108,80.9958
pf_exact,17,109,178.543
pf_exact,17,110,146.107
pf_exact,17,111,222.773
pf_exact,17,112,107.279
pf_exact,17,113,209.16
pf_exact,17,114,125.947
pf_exact,17,115,178.408
pf_exact,17,116,140.562
pf_exact,17,117,154.802
pf_exact,17,118,150.149
pf_exact,17,119,114.305
pf_exact,17,120,263.758
pf_exact,17,121,130.57
pf_exact,17,122,106.698
pf_exact,17,123,97.8746
pf_exact,17,124,193.133
pf_exact,17,125,192.901
pf_exact,17,126,167.794
pf_exact,17,127,204.978
pf_exact,17,128,95.4564
pf_exact,17,129,46.1593
pf_exact,17,130,119.927
pf_exact,17,131,128.448
pf_exact,17,132,217.782
pf_exact,17,133,185.415
pf_exact,17,134,220.148
pf_exact,17,135,207.912
pf_exact,17,136,220.559
pf_exact,17,137,144.756
pf_exact,17,138,160.265
pf_exact,17,139,102.079
pf_exact,17,140,57.7025
pf_exact,17,141,198.227
pf_exact,17,142,36.653
pf_exact,17,143,160.958
pf_exact,17,144,119.192
pf_exact,17,145,144.291
pf_exact,17,146,251.479
pf_exact,17,147,232.763
pf_exact,17,148,25.5506
pf_exact,17,149,200.509
copf_exact,17,0,171.034
copf_exact,17,1,410.859
copf_exact,17,2,341.653
copf_exact,17,3,272.958
copf_exact,17,4,196.723
copf_exact,17,5,405.734
copf_exact,17,6,275.097
copf_exact,17,7,220.409
copf_exact,17,8,368.023
copf_exact,17,9,276.525
copf_exact,17,10,220.006
copf_exact,17,11,374.775
copf_exact,17,12,282.917
copf_exact,17,13,201.897
copf_exact,17,14,368.691
copf_exact,17,15,285.624
copf_exact,17,16,221.404
copf_exact,17,17,408.27
copf_exact,17,18,321.142
copf_exact,17,19,247.645
copf_exact,17,20,369.497
copf_exact,17,21,260.636
copf_exact,17,22,167.821
copf_exact,17,23,328.601
copf_exact,17,24,188.151
copf_exact,17,25,318.372
copf_exact,17,26,231.416
copf_exact,17,27,355.809
copf_exact,17,28,261.897
copf_exact,17,29,196.52
copf_exact,17,30,370.519
copf_exact,17,31,277.137
copf_exact,17,32,214.093
copf_exact,17,33,403.298
copf_exact,17,34,313.925
copf_exact,17,35,230.268
copf_exact,17,36,411.601
copf_exact,17,37,324.6
copf_exact,17,38,229.502
copf_exact,17,39,351.863
copf_exact,17,40,251.26
copf_exact,17,41,363.062
copf_exact,17,42,262.306
copf_exact,17,43,145.883
copf_exact,17,44,309.195
copf_exact,17,45,191.082
copf_exact,17,46,338.202
copf_exact,17,47,261.393
copf_exact,17,48,194.254
copf_exact,17,49,401.841
copf_exact,17,50,285.052
copf_exact,17,51,185.796
copf_exact,17,52,354.406
copf_exact,17,53,263.646
copf_exact,17,54,185.525
copf_exact,17,55,292.859
copf_exact,17,56,172.431
copf_exact,17,57,331.826
copf_exact,17,58,228.778
copf_exact,17,59,357.626
copf_exact,17,60,223.3
copf_exact,17,61,290.19
copf_exact,17,62,163.002
copf_exact,17,63,282.577
copf_exact,17,64,181.337
copf_exact,17,65,303.356
copf_exact,17,66,146.244
copf_exact,17,67,238.596
copf_exact,17,68,258.603
copf_exact,17,69,130.7
copf_exact,17,70,206.879
copf_exact,17,71,190.729
copf_exact,17,72,234.504
copf_exact,17,73,205.578
copf_exact,17,74,247.824
copf_exact,17,75,238.765
copf_exact,17,76,282.703
copf_exact,17,77,188.333
copf_exact,17,78,347.828
copf_exact,17,79,258.629
copf_exact,17,80,194.424
copf_exact,17,81,338.169
copf_exact,17,82,224.719
copf_exact,17,83,333.842
copf_exact,17,84,243.621
copf_exact,17,85,289.153
copf_exact,17,86,169.419
copf_exact,17,87,146.121
copf_exact,17,88,254.549
copf_exact,17,89,235.492
copf_exact,17,90,201.648
copf_exact,17,91,226.223
copf_exact,17,92,237.431
copf_exact,17,93,268.531
copf_exact,17,94,144.226
copf_exact,17,95,310.658
copf_exact,17,96,197.267
copf_exact,17,97,290.967
copf_exact,17,98,174.439
copf_exact,17,99,327.677
copf_exact,17,100,221.991
copf_exact,17,101,371.734
copf_exact,17,102,259.494
copf_exact,17,103,163.402
copf_exact,17,104,352.263
copf_exact,17,105,209.749
copf_exact,17,106,310.963
copf_exact,17,107,197.8
copf_exact,17,108,351.295
copf_exact,17,109,242.557
copf_exact,17,110,362.438
copf_exact,17,111,276.287
copf_exact,17,112,187.822
copf_exact,17,113,367.264
copf_exact,17,114,242.054
copf_exact,17,115,354.192
copf_exact,17,116,251.385
copf_exact,17,117,383.854
copf_exact,17,118,296.707
copf_exact,17,119,237.337
copf_exact,17,120,428.605
copf_exact,17,121,346.463
copf_exact,17,122,248.309
copf_exact,17,123,351.938
copf_exact,17,124,261.498
copf_exact,17,125,178.788
copf_exact,17,126,376.323
copf_exact,17,127,274.162
copf_exact,17,128,205.243
copf_exact,17,129,280.473
copf_exact,17,130,218.084
copf_exact,17,131,384.726
copf_exact,17,132,307.009
copf_exact,17,133,227.19
copf_exact,17,134,395.174
copf_exact,17,135,311.165
copf_exact,17,136,238.6
copf_exact,17,137,372.412
copf_exact,17,138,257.02
copf_exact,17,139,200.054
copf_exact,17,140,317.386
copf_exact,17,141,227.264
copf_exact,17,142,332.145
copf_exact,17,143,242.403
copf_exact,17,144,370.099
copf_exact,17,145,284.213
copf_exact,17,146,225.018
copf_exact,17,147,419.507
copf_exact,17,148,257.934
copf_exact,17,149,189.861
pf_exact,18,0,69.292
pf_exact,18,1,210.862
pf_exact,18,2,205.322
pf_exact,18,3,253.217
pf_exact,18,4,77.863
pf_exact,18,5,234.213
pf_exact,18,6,72.9221
pf_exact,18,7,198.154
pf_exact,18,8,152.092
pf_exact,18,9,111.282
pf_exact,18,10,185.046
pf_exact,18,11,162.862
pf_exact,18,12,196.182
pf_exact,18,13,122.227
pf_exact,18,14,189.171
pf_exact,18,15,61.3416
pf_exact,18,16,223.516
pf_exact,18,17,204.826
pf_exact,18,18,150.696
pf_exact,18,19,196.312
pf_exact,18,20,129.496
pf_exact,18,21,186.304
pf_exact,18,22,23.7275
pf_exact,18,23,129.021
pf_exact,18,24,70.1575
pf_exact,18,25,115.926
pf_exact,18,26,96.1862
pf_exact,18,27,125.018
pf_exact,18,28,40.6666
pf_exact,18,29,106.875
pf_exact,18,30,178.532
pf_exact,18,31,163.854
pf_exact,18,32,178.05
pf_exact,18,33,209.491
pf_exact,18,34,71.0387
pf_exact,18,35,137.521
pf_exact,18,36,228.7
pf_exact,18,37,238.417
pf_exact,18,38,59.2168
pf_exact,18,39,132.241
pf_exact,18,40,200.868
pf_exact,18,41,166.8
pf_exact,18,42,151.884
pf_exact,18,43,5.10425
pf_exact,18,44,167.183
pf_exact,18,45,153.296
pf_exact,18,46,159.533
pf_exact,18,47,19.4769
pf_exact,18,48,165.351
pf_exact,18,49,212.606
pf_exact,18,50,149.089
pf_exact,18,51,33.886
pf_exact,18,52,197.539
pf_exact,18,53,36.1229
pf_exact,18,54,175.545
pf_exact,18,55,49.516
pf_exact,18,56,116.258
pf_exact,18,57,148.912
pf_exact,18,58,124.084
pf_exact,18,59,117.93
pf_exact,18,60,57.9682
pf_exact,18,61,72.9526
pf_exact,18,62,90.9774
pf_exact,18,63,111.256
pf_exact,18,64,60.9598
pf_exact,18,65,62.8036
pf_exact,18,66,6.32597
pf_exact,18,67,117.252
pf_exact,18,68,129.152
pf_exact,18,69,116.924
pf_exact,18,70,8.74202
pf_exact,18,71,27.3519
pf_exact,18,72,86.637
pf_exact,18,73,74.0259
pf_exact,18,74,95.9939
pf_exact,18,75,126.102
pf_exact,18,76,35.2983
pf_exact,18,77,39.2148
pf_exact,18,78,135.655
pf_exact,18,79,103.563
pf_exact,18,80,181.642
pf_exact,18,81,141.212
pf_exact,18,82,119.3
pf_exact,18,83,163.612
pf_exact,18,84,157.161
pf_exact,18,85,54.5073
pf_exact,18,86,75.5921
pf_exact,18,87,1.00916
pf_exact,18,88,110.741
pf_exact,18,89,66.6141
pf_exact,18,90,81.6334
pf_exact,18,91,101.565
pf_exact,18,92,97.9103
pf_exact,18,93,95.9446
pf_exact,18,94,139.479
pf_exact,18,95,71.0917
pf_exact,18,96,146.403
pf_exact,18,97,116.549
pf_exact,18,98,109.951
pf_exact,18,99,177.909
pf_exact,18,100,145.997
pf_exact,18,101,168.59
pf_exact,18,102,181.867
pf_exact,18,103,123.249
pf_exact,18,104,141.533
pf_exact,18,105,38.4072
pf_exact,18,106,25.4719
pf_exact,18,107,86.4278
pf_exact,18,108,91.8582
pf_exact,18,109,170.185
pf_exact,18,110,138.197
pf_exact,18,111,216.152
pf_exact,18,112,112.86
pf_exact,18,113,188.781
pf_exact,18,114,133.977
pf_exact,18,115,196.677
pf_exact,18,116,137.212
pf_exact,18,117,151.71
pf_exact,18,118,160.474
pf_exact,18,119,109.253
pf_exact,18,120,244.314
pf_exact,18,121,246.519
pf_exact,18,122,120.099
pf_exact,18,123,99.8163
pf_exact,18,124,190.011
pf_exact,18,125,199.165
pf_exact,18,126,195.715
pf_exact,18,127,216.74
pf_exact,18,128,87.4212
pf_exact,18,129,27.5013
pf_exact,18,130,103.822
pf_exact,18,131,132.795
pf_exact,18,132,219.092
pf_exact,18,133,202.895
pf_exact,18,134,215.612
pf_exact,18,135,219.864
pf_exact,18,136,217.3
pf_exact,18,137,160.879
pf_exact,18,138,146.656
pf_exact,18,139,80.7652
pf_exact,18,140,57.3934
pf_exact,18,141,181.832
pf_exact,18,142,39.9593
pf_exact,18,143,138.033
pf_exact,18,144,115.838
pf_exact,18,145,148.909
pf_exact,18,146,217.555
pf_exact,18,147,245.917
pf_exact,18,148,31.7062
pf_exact,18,149,193.503
copf_exact,18,0,184.235
copf_exact,18,1,429.939
copf_exact,18,2,340.508
copf_exact,18,3,278.602
copf_exact,18,4,186.069
copf_exact,18,5,421.308
copf_exact,18,6,298.876
copf_exact,18,7,230.911
copf_exact,18,8,375.061
copf_exact,18,9,288.559
copf_exact,18,10,235.967
copf_exact,18,11,386.692
copf_exact,18,12,283.984
copf_exact,18,13,195.184
copf_exact,18,14,374.976
copf_exact,18,15,296.583
copf_exact,18,16,232.87
copf_exact,18,17,408.856
copf_exact,18,18,330.18
copf_exact,18,19,258.143
copf_exact,18,20,189.799
copf_exact,18,21,381.403
copf_exact,18,22,219.62
copf_exact,18,23,324.862
copf_exact,18,24,185.396
copf_exact,18,25,315.975
copf_exact,18,26,225.512
copf_exact,18,27,331.313
copf_exact,18,28,266.172
copf_exact,18,29,183.403
copf_exact,18,30,359.948
copf_exact,18,31,270.614
copf_exact,18,32,207.802
copf_exact,18,33,398.204
copf_exact,18,34,323.309
copf_exact,18,35,230.983
copf_exact,18,36,409.915
copf_exact,18,37,328.563
copf_exact,18,38,225.571
copf_exact,18,39,347.335
copf_exact,18,40,244.719
copf_exact,18,41,349.526
copf_exact,18,42,249.162
copf_exact,18,43,231.257
copf_exact,18,44,331.11
copf_exact,18,45,204.683
copf_exact,18,46,336.201
copf_exact,18,47,231.861
copf_exact,18,48,386.868
copf_exact,18,49,302.474
copf_exact,18,50,218.304
copf_exact,18,51,273.547
copf_exact,18,52,192.019
copf_exact,18,53,327.685
copf_exact,18,54,237.235
copf_exact,18,55,301.339
copf_exact,18,56,179.249
copf_exact,18,57,339.989
copf_exact,18,58,231.349
copf_exact,18,59,351.247
copf_exact,18,60,231.079
copf_exact,18,61,286.755
copf_exact,18,62,161.983
copf_exact,18,63,284.377
copf_exact,18,64,173.729
copf_exact,18,65,285.657
copf_exact,18,66,131.155
copf_exact,18,67,254.089
copf_exact,18,68,242.633
copf_exact,18,69,277.174
copf_exact,18,70,131.576
copf_exact,18,71,200.8
copf_exact,18,72,238.224
copf_exact,18,73,199.736
copf_exact,18,74,225.964
copf_exact,18,75,247.366
copf_exact,18,76,305.277
copf_exact,18,77,190.594
copf_exact,18,78,363.195
copf_exact,18,79,269.25
copf_exact,18,80,192.761
copf_exact,18,81,338.882
copf_exact,18,82,215.152
copf_exact,18,83,324.015
copf_exact,18,84,225.33
copf_exact,18,85,290.599
copf_exact,18,86,169.517
copf_exact,18,87,170.09
copf_exact,18,88,240.261
copf_exact,18,89,238.494
copf_exact,18,90,233.648
copf_exact,18,91,228.896
copf_exact,18,92,236.39
copf_exact,18,93,257.515
copf_exact,18,94,134.857
copf_exact,18,95,307.711
copf_exact,18,96,186.161
copf_exact,18,97,299.443
copf_exact,18,98,204.547
copf_exact,18,99,324.667
copf_exact,18,100,214.449
copf_exact,18,101,356.764
copf_exact,18,102,239.354
copf_exact,18,103,327.387
copf_exact,18,104,234.337
copf_exact,18,105,262.101
copf_exact,18,106,189.694
copf_exact,18,107,329.212
copf_exact,18,108,245.272
copf_exact,18,109,367.384
copf_exact,18,110,273.418
copf_exact,18,111,209.186
copf_exact,18,112,343.251
copf_exact,18,113,245.477
copf_exact,18,114,354.137
copf_exact,18,115,246.966
copf_exact,18,116,371.507
copf_exact,18,117,275.046
copf_exact,18,118,216.957
copf_exact,18,119,370.959
copf_exact,18,120,307.075
copf_exact,18,121,244.159
copf_exact,18,122,359.718
copf_exact,18,123,227.925
copf_exact,18,124,380.487
copf_exact,18,125,272.742
copf_exact,18,126,186.262
copf_exact,18,127,378.55
copf_exact,18,128,288.754
copf_exact,18,129,188.974
copf_exact,18,130,360.237
copf_exact,18,131,275.801
copf_exact,18,132,216.826
copf_exact,18,133,393.016
copf_exact,18,134,305.101
copf_exact,18,135,242.101
copf_exact,18,136,403.933
copf_exact,18,137,286.83
copf_exact,18,138,195.827
copf_exact,18,139,364.061
copf_exact,18,140,241.241
copf_exact,18,141,383.841
copf_exact,18,142,289.909
copf_exact,18,143,206.932
copf_exact,18,144,378.648
copf_exact,18,145,309.527
copf_exact,18,146,255.018
copf_exact,18,147,422.189
copf_exact,18,148,284.167
copf_exact,18,149,195.193
pf_exact,19,0,73.122
pf_exact,19,1,227.948
pf_exact,19,2,195.082
pf_exact,19,3,246.146
pf_exact,19,4,63.1499
pf_exact,19,5,218.2
pf_exact,19,6,67.9943
pf_exact,19,7,187.244
pf_exact,19,8,158.446
pf_exact,19,9,113.018
pf_exact,19,10,189.882
pf_exact,19,11,157.18
pf_exact,19,12,216.493
pf_exact,19,13,135.563
pf_exact,19,14,201.441
pf_exact,19,15,63.2544
pf_exact,19,16,230.278
pf_exact,19,17,220.495
pf_exact,19,18,136.501
pf_exact,19,19,172.142
pf_exact,19,20,134.939
pf_exact,19,21,181.985
pf_exact,19,22,31.4721
pf_exact,19,23,145.353
pf_exact,19,24,53.2146
pf_exact,19,25,119.859
pf_exact,19,26,104.689
pf_exact,19,27,127.383
pf_exact,19,28,30.6671
pf_exact,19,29,118.082
pf_exact,19,30,175.847
pf_exact,19,31,155.193
pf_exact,19,32,183.585
pf_exact,19,33,215.514
pf_exact,19,34,68.5909
pf_exact,19,35,143.23
pf_exact,19,36,232.432
pf_exact,19,37,248.314
pf_exact,19,38,68.0048
pf_exact,19,39,130.071
pf_exact,19,40,188.204
pf_exact,19,41,166.222
pf_exact,19,42,155.331
pf_exact,19,43,4.35702
pf_exact,19,44,149.241
pf_exact,19,45,154.04
pf_exact,19,46,162.101
pf_exact,19,47,19.6544
pf_exact,19,48,141.271
pf_exact,19,49,222.732
pf_exact,19,50,155.543
pf_exact,19,51,24.9419
pf_exact,19,52,173.763
pf_exact,19,53,50.2547
pf_exact,19,54,187.603
pf_exact,19,55,67.347
pf_exact,19,56,111.325
pf_exact,19,57,178.168
pf_exact,19,58,135.457
pf_exact,19,59,119.485
pf_exact,19,60,44.6665
pf_exact,19,61,73.459
pf_exact,19,62,107.241
pf_exact,19,63,123.72
pf_exact,19,64,46.6427
pf_exact,19,65,80.3908
pf_exact,19,66,4.67499
pf_exact,19,67,101.513
pf_exact,19,68,124.293
pf_exact,19,69,106.745
pf_exact,19,70,9.72139
pf_exact,19,71,23.9052
pf_exact,19,72,87.9322
pf_exact,19,73,76.0709
pf_exact,19,74,111.902
pf_exact,19,75,122.576
pf_exact,19,76,30.8383
pf_exact,19,77,24.8752
pf_exact,19,78,114.593
pf_exact,19,79,105.997
pf_exact,19,80,185.497
pf_exact,19,81,114.846
pf_exact,19,82,128.813
pf_exact,19,83,173.966
pf_exact,19,84,155.207
pf_exact,19,85,70.6551
pf_exact,19,86,82.176
pf_exact,19,87,1.1701
pf_exact,19,88,108.115
pf_exact,19,89,85.5224
pf_exact,19,90,82.61
pf_exact,19,91,99.0655
pf_exact,19,92,89.204
pf_exact,19,93,86.9238
pf_exact,19,94,127.231
pf_exact,19,95,66.5228
pf_exact,19,96,156.046
pf_exact,19,97,107.544
pf_exact,19,98,121.979
pf_exact,19,99,177.371
pf_exact,19,100,160.253
pf_exact,19,101,184.658
pf_exact,19,102,177.36
pf_exact,19,103,120.594
pf_exact,19,104,121.74
pf_exact,19,105,30.635
pf_exact,19,106,21.2418
pf_exact,19,107,96.4766
pf_exact,19,108,97.7855
pf_exact,19,109,187.456
pf_exact,19,110,149.497
pf_exact,19,111,207.292
pf_exact,19,112,108.802
pf_exact,19,113,182.33
pf_exact,19,114,119.785
pf_exact,19,115,174.518
pf_exact,19,116,139.176
pf_exact,19,117,161.278
pf_exact,19,118,150.969
pf_exact,19,119,112.328
pf_exact,19,120,259.491
pf_exact,19,121,126.708
pf_exact,19,122,98.1055
pf_exact,19,123,90.8754
pf_exact,19,124,183.993
pf_exact,19,125,210.808
pf_exact,19,126,178.791
pf_exact,19,127,196.439
pf_exact,19,128,93.2142
pf_exact,19,129,28.9672
pf_exact,19,130,103.546
pf_exact,19,131,129.949
pf_exact,19,132,230.264
pf_exact,19,133,205.913
pf_exact,19,134,221.61
pf_exact,19,135,204.15
pf_exact,19,136,212.646
pf_exact,19,137,138.783
pf_exact,19,138,156.006
pf_exact,19,139,83.3371
pf_exact,19,140,57.7304
pf_exact,19,141,177.589
pf_exact,19,142,46.3052
pf_exact,19,143,152.071
pf_exact,19,144,104.928
pf_exact,19,145,145.558
pf_exact,19,146,229.319
pf_exact,19,147,253.132
pf_exact,19,148,18.5812
pf_exact,19,149,188.751
copf_exact,19,0,173.912
copf_exact,19,1,412.85
copf_exact,19,2,326.134
copf_exact,19,3,266.47
copf_exact,19,4,190.697
copf_exact,19,5,410.266
copf_exact,19,6,280.839
copf_exact,19,7,207.137
copf_exact,19,8,370.024
copf_exact,19,9,271.96
copf_exact,19,10,210.493
copf_exact,19,11,378.257
copf_exact,19,12,278.163
copf_exact,19,13,190.045
copf_exact,19,14,389.167
copf_exact,19,15,284.131
copf_exact,19,16,232.862
copf_exact,19,17,408.575
copf_exact,19,18,306.814
copf_exact,19,19,231
copf_exact,19,20,360.111
copf_exact,19,21,263.836
copf_exact,19,22,149.973
copf_exact,19,23,329.638
copf_exact,19,24,181.508
copf_exact,19,25,327.537
copf_exact,19,26,228.047
copf_exact,19,27,320.067
copf_exact,19,28,233.034
copf_exact,19,29,346.346
copf_exact,19,30,258.258
copf_exact,19,31,192.832
copf_exact,19,32,380.761
copf_exact,19,33,294.492
copf_exact,19,34,231.909
copf_exact,19,35,369.059
copf_exact,19,36,296.054
copf_exact,19,37,229.94
copf_exact,19,38,307.233
copf_exact,19,39,213.734
copf_exact,19,40,365.437
copf_exact,19,41,259.956
copf_exact,19,42,187.152
copf_exact,19,43,245.205
copf_exact,19,44,319.131
copf_exact,19,45,206.971
copf_exact,19,46,326.295
copf_exact,19,47,234.188
copf_exact,19,48,390.084
copf_exact,19,49,295.488
copf_exact,19,50,212.935
copf_exact,19,51,269.472
copf_exact,19,52,181.309
copf_exact,19,53,328.497
copf_exact,19,54,243.855
copf_exact,19,55,306.761
copf_exact,19,56,186.047
copf_exact,19,57,343.489
copf_exact,19,58,239.777
copf_exact,19,59,357.287
copf_exact,19,60,213.989
copf_exact,19,61,286.918
copf_exact,19,62,162.576
copf_exact,19,63,262.803
copf_exact,19,64,169.79
copf_exact,19,65,292.74
copf_exact,19,66,125.882
copf_exact,19,67,240.627
copf_exact,19,68,263.475
copf_exact,19,69,126.708
copf_exact,19,70,202.152
copf_exact,19,71,181.824
copf_exact,19,72,249.297
copf_exact,19,73,217.795
copf_exact,19,74,221.867
copf_exact,19,75,255.362
copf_exact,19,76,280.283
copf_exact,19,77,191.693
copf_exact,19,78,352.424
copf_exact,19,79,260.454
copf_exact,19,80,180.628
copf_exact,19,81,343.16
copf_exact,19,82,221.223
copf_exact,19,83,340.468
copf_exact,19,84,231.996
copf_exact,19,85,296.478
copf_exact,19,86,172.995
copf_exact,19,87,141.539
copf_exact,19,88,250.022
copf_exact,19,89,236.673
copf_exact,19,90,229.838
copf_exact,19,91,227.647
copf_exact,19,92,246.46
copf_exact,19,93,272.951
copf_exact,19,94,152.129
copf_exact,19,95,301.647
copf_exact,19,96,181.563
copf_exact,19,97,303.082
copf_exact,19,98,194.925
copf_exact,19,99,334.127
copf_exact,19,100,217.956
copf_exact,19,101,358.607
copf_exact,19,102,253.721
copf_exact,19,103,325.303
copf_exact,19,104,233.474
copf_exact,19,105,284.228
copf_exact,19,106,195.948
copf_exact,19,107,332.481
copf_exact,19,108,243.826
copf_exact,19,109,365.173
copf_exact,19,110,263.187
copf_exact,19,111,197.745
copf_exact,19,112,338.215
copf_exact,19,113,238.372
copf_exact,19,114,328.466
copf_exact,19,115,212.596
copf_exact,19,116,360.693
copf_exact,19,117,265.267
copf_exact,19,118,199.895
copf_exact,19,119,372.865
copf_exact,19,120,305.803
copf_exact,19,121,252.588
copf_exact,19,122,360.247
copf_exact,19,123,248.457
copf_exact,19,124,388.461
copf_exact,19,125,283.373
copf_exact,19,126,200.789
copf_exact,19,127,385.056
copf_exact,19,128,295.521
copf_exact,19,129,189.093
copf_exact,19,130,357.794
copf_exact,19,131,266.927
copf_exact,19,132,215.738
copf_exact,19,133,380.812
copf_exact,19,134,296.951
copf_exact,19,135,238.289
copf_exact,19,136,403.049
copf_exact,19,137,288.002
copf_exact,19,138,206.749
copf_exact,19,139,351.876
copf_exact,19,140,234.622
copf_exact,19,141,369.985
copf_exact,19,142,287.587
copf_exact,19,143,216.233
copf_exact,19,144,381.593
copf_exact,19,145,297.026
copf_exact,19,146,246.352
copf_exact,19,147,420.614
copf_exact,19,148,282.735
copf_exact,19,149,211.956
pf_ut,0,0,64.6403
pf_ut,0,1,203.763
pf_ut,0,2,197.815
pf_ut,0,3,256.926
pf_ut,0,4,36.7645
pf_ut,0,5,218.495
pf_ut,0,6,78.862
pf_ut,0,7,200.146
pf_ut,0,8,149.673
pf_ut,0,9,128.12
pf_ut,0,10,171.649
pf_ut,0,11,159.364
pf_ut,0,12,214.848
pf_ut,0,13,134.399
pf_ut,0,14,190.654
pf_ut,0,15,71.4639
pf_ut,0,16,213.479
pf_ut,0,17,208.773
pf_ut,0,18,145.288
pf_ut,0,19,183.7
pf_ut,0,20,151.483
pf_ut,0,21,172.678
pf_ut,0,22,21.8456
pf_ut,0,23,113.634
pf_ut,0,24,56.4302
pf_ut,0,25,122.818
pf_ut,0,26,87.7473
pf_ut,0,27,132.644
pf_ut,0,28,46.5011
pf_ut,0,29,119.504
pf_ut,0,30,161.305
pf_ut,0,31,173.244
pf_ut,0,32,197.033
pf_ut,0,33,220.782
pf_ut,0,34,59.2773
pf_ut,0,35,131.069
pf_ut,0,36,239.735
pf_ut,0,37,223.93
pf_ut,0,38,63.7551
pf_ut,0,39,109.048
pf_ut,0,40,196.78
pf_ut,0,41,176.83
pf_ut,0,42,164.399
pf_ut,0,43,6.55942
pf_ut,0,44,141.346
pf_ut,0,45,143.022
pf_ut,0,46,165.655
pf_ut,0,47,21.3965
pf_ut,0,48,154.776
pf_ut,0,49,221.045
pf_ut,0,50,154.748
pf_ut,0,51,31.0952
pf_ut,0,52,171.205
pf_ut,0,53,41.7963
pf_ut,0,54,173.146
pf_ut,0,55,54.2994
pf_ut,0,56,107.254
pf_ut,0,57,160.304
pf_ut,0,58,137.554
pf_ut,0,59,122.547
pf_ut,0,60,39.3329
pf_ut,0,61,69.3231
pf_ut,0,62,106.546
pf_ut,0,63,106.919
pf_ut,0,64,53.0038
pf_ut,0,65,69.5611
pf_ut,0,66,1.2982
pf_ut,0,67,102.964
pf_ut,0,68,115.573
pf_ut,0,69,123.721
pf_ut,0,70,5.56123
pf_ut,0,71,24.8502
pf_ut,0,72,90.1618
pf_ut,0,73,77.7071
pf_ut,0,74,94.2357
pf_ut,0,75,111.784
pf_ut,0,76,36.5903
pf_ut,0,77,35.2529
pf_ut,0,78,130.693
pf_ut,0,79,104.002
pf_ut,0,80,181.226
pf_ut,0,81,129.6
pf_ut,0,82,137.789
pf_ut,0,83,171.536
pf_ut,0,84,153.322
pf_ut,0,85,55.4097
pf_ut,0,86,70.8186
pf_ut,0,87,1.34772
pf_ut,0,88,126.62
pf_ut,0,89,71.392
pf_ut,0,90,89.5362
pf_ut,0,91,102.989
pf_ut,0,92,108.973
pf_ut,0,93,87.5572
pf_ut,0,94,145.721
pf_ut,0,95,47.9564
pf_ut,0,96,157.745
pf_ut,0,97,99.6762
pf_ut,0,98,115.423
pf_ut,0,99,167.536
pf_ut,0,100,161.372
pf_ut,0,101,174.769
pf_ut,0,102,172.318
pf_ut,0,103,122.793
pf_ut,0,104,135.137
pf_ut,0,105,25.4359
pf_ut,0,106,25.7636
pf_ut,0,107,92.8107
pf_ut,0,108,84.5482
pf_ut,0,109,176.366
pf_ut,0,110,141.409
pf_ut,0,111,197.06
pf_ut,0,112,103.925
pf_ut,0,113,180.568
pf_ut,0,114,113.99
pf_ut,0,115,175.117
pf_ut,0,116,127.496
pf_ut,0,117,165.329
pf_ut,0,118,149.703
pf_ut,0,119,108.734
pf_ut,0,120,239.239
pf_ut,0,121,253.114
pf_ut,0,122,99.4575
pf_ut,0,123,102.163
pf_ut,0,124,161.859
pf_ut,0,125,182.238
pf_ut,0,126,195.428
pf_ut,0,127,190.112
pf_ut,0,128,94.038
pf_ut,0,129,38.2097
pf_ut,0,130,101.336
pf_ut,0,131,133.341
pf_ut,0,132,222.486
pf_ut,0,133,207.464
pf_ut,0,134,205.593
pf_ut,0,135,212.004
pf_ut,0,136,219.281
pf_ut,0,137,150.634
pf_ut,0,138,163.475
pf_ut,0,139,85.1766
pf_ut,0,140,55.7699
pf_ut,0,141,188.154
pf_ut,0,142,31.9422
pf_ut,0,143,148.247
pf_ut,0,144,131.732
pf_ut,0,145,141.218
pf_ut,0,146,243.727
pf_ut,0,147,233.834
pf_ut,0,148,24.0009
pf_ut,0,149,173.925
copf_ut,0,0,167.749
copf_ut,0,1,416.866
copf_ut,0,2,343.604
copf_ut,0,3,278.766
copf_ut,0,4,188.192
copf_ut,0,5,411.221
copf_ut,0,6,287.894
copf_ut,0,7,210.831
copf_ut,0,8,360.866
copf_ut,0,9,271.247
copf_ut,0,10,207.478
copf_ut,0,11,387.186
copf_ut,0,12,280.66
copf_ut,0,13,195.515
copf_ut,0,14,370.372
copf_ut,0,15,284.675
copf_ut,0,16,226.329
copf_ut,0,17,409.849
copf_ut,0,18,313.971
copf_ut,0,19,231.69
copf_ut,0,20,363.988
copf_ut,0,21,270.512
copf_ut,0,22,154.723
copf_ut,0,23,321.592
copf_ut,0,24,199.04
copf_ut,0,25,339.824
copf_ut,0,26,226.97
copf_ut,0,27,336.257
copf_ut,0,28,256.561
copf_ut,0,29,185.841
copf_ut,0,30,370.102
copf_ut,0,31,276.885
copf_ut,0,32,217.707
copf_ut,0,33,409.294
copf_ut,0,34,312.025
copf_ut,0,35,245.184
copf_ut,0,36,414.241
copf_ut,0,37,319.503
copf_ut,0,38,216.476
copf_ut,0,39,345.5
copf_ut,0,40,229.109
copf_ut,0,41,350.969
copf_ut,0,42,252.198
copf_ut,0,43,229.199
copf_ut,0,44,318.282
copf_ut,0,45,206.308
copf_ut,0,46,345.481
copf_ut,0,47,247.329
copf_ut,0,48,396.779
copf_ut,0,49,293.828
copf_ut,0,50,213.076
copf_ut,0,51,258.336
copf_ut,0,52,174.754
copf_ut,0,53,344.671
copf_ut,0,54,246.464
copf_ut,0,55,303.326
copf_ut,0,56,181.46
copf_ut,0,57,340.869
copf_ut,0,58,238.13
copf_ut,0,59,350.412
copf_ut,0,60,221.244
copf_ut,0,61,300.858
copf_ut,0,62,163.257
copf_ut,0,63,276.312
copf_ut,0,64,167.459
copf_ut,0,65,286.708
copf_ut,0,66,131.62
copf_ut,0,67,247.689
copf_ut,0,68,243.103
copf_ut,0,69,271.69
copf_ut,0,70,119.702
copf_ut,0,71,196.945
copf_ut,0,72,225.809
copf_ut,0,73,205.172
copf_ut,0,74,222.339
copf_ut,0,75,254.784
copf_ut,0,76,285.572
copf_ut,0,77,184.578
copf_ut,0,78,356.776
copf_ut,0,79,268.981
copf_ut,0,80,186.568
copf_ut,0,81,350.057
copf_ut,0,82,234.788
copf_ut,0,83,353.064
copf_ut,0,84,257.472
copf_ut,0,85,163.004
copf_ut,0,86,289.306
copf_ut,0,87,115.968
copf_ut,0,88,262.341
copf_ut,0,89,111.805
copf_ut,0,90,220.455
copf_ut,0,91,232.407
copf_ut,0,92,263.424
copf_ut,0,93,128.185
copf_ut,0,94,284.432
copf_ut,0,95,182.963
copf_ut,0,96,328.671
copf_ut,0,97,197.936
copf_ut,0,98,318.579
copf_ut,0,99,207.197
copf_ut,0,100,334.031
copf_ut,0,101,243.585
copf_ut,0,102,357.835
copf_ut,0,103,244.257
copf_ut,0,104,352.416
copf_ut,0,105,204.67
copf_ut,0,106,324.331
copf_ut,0,107,206.855
copf_ut,0,108,344.544
copf_ut,0,109,242.812
copf_ut,0,110,370.195
copf_ut,0,111,283.913
copf_ut,0,112,208.979
copf_ut,0,113,377.237
copf_ut,0,114,247.766
copf_ut,0,115,351.326
copf_ut,0,116,252.868
copf_ut,0,117,387.16
copf_ut,0,118,305.229
copf_ut,0,119,245.014
copf_ut,0,120,415.879
copf_ut,0,121,334.182
copf_ut,0,122,239.577
copf_ut,0,123,350.243
copf_ut,0,124,255.629
copf_ut,0,125,374.4
copf_ut,0,126,267.582
copf_ut,0,127,194.282
copf_ut,0,128,372.797
copf_ut,0,129,251.978
copf_ut,0,130,371.38
copf_ut,0,131,286.222
copf_ut,0,132,222.04
copf_ut,0,133,401.784
copf_ut,0,134,308.671
copf_ut,0,135,250.438
copf_ut,0,136,417.576
copf_ut,0,137,297.081
copf_ut,0,138,214.196
copf_ut,0,139,351.454
copf_ut,0,140,229.835
copf_ut,0,141,375.907
copf_ut,0,142,285.621
copf_ut,0,143,218.15
copf_ut,0,144,373.254
copf_ut,0,145,291.074
copf_ut,0,146,235.51
copf_ut,0,147,427.456
copf_ut,0,148,288.15
copf_ut,0,149,214.776
pf_ut,1,0,67.934
pf_ut,1,1,235.74
pf_ut,1,2,208.513
pf_ut,1,3,263.868
pf_ut,1,4,42.3961
pf_ut,1,5,231.392
pf_ut,1,6,68.131
pf_ut,1,7,190.347
pf_ut,1,8,146.613
pf_ut,1,9,129.505
pf_ut,1,10,178.1
pf_ut,1,11,175.173
pf_ut,1,12,206.423
pf_ut,1,13,133.382
pf_ut,1,14,186.456
pf_ut,1,15,65.8861
pf_ut,1,16,219.382
pf_ut,1,17,223.988
pf_ut,1,18,140.006
pf_ut,1,19,159.687
pf_ut,1,20,137.967
pf_ut,1,21,190.929
pf_ut,1,22,31.0907
pf_ut,1,23,138.478
pf_ut,1,24,71.0642
pf_ut,1,25,111.157
pf_ut,1,26,93.0316
pf_ut,1,27,122.488
pf_ut,1,28,34.2106
pf_ut,1,29,97.1641
pf_ut,1,30,163.499
pf_ut,1,31,161.434
pf_ut,1,32,187.036
pf_ut,1,33,216.016
pf_ut,1,34,61.7555
pf_ut,1,35,131.982
pf_ut,1,36,226.416
pf_ut,1,37,220.721
pf_ut,1,38,48.1751
pf_ut,1,39,142.015
pf_ut,1,40,199.633
pf_ut,1,41,153.116
pf_ut,1,42,148.489
pf_ut,1,43,5.49564
pf_ut,1,44,169.444
pf_ut,1,45,143.605
pf_ut,1,46,171.509
pf_ut,1,47,16.9368
pf_ut,1,48,151.568
pf_ut,1,49,211.671
pf_ut,1,50,155.826
pf_ut,1,51,30.4668
pf_ut,1,52,184.388
pf_ut,1,53,40.8884
pf_ut,1,54,189.757
pf_ut,1,55,60.2955
pf_ut,1,56,120.526
pf_ut,1,57,155.934
pf_ut,1,58,130.307
pf_ut,1,59,113.052
pf_ut,1,60,39.4694
pf_ut,1,61,59.3182
pf_ut,1,62,96.2992
pf_ut,1,63,120.415
pf_ut,1,64,56.9337
pf_ut,1,65,80.6767
pf_ut,1,66,2.20818
pf_ut,1,67,96.1663
pf_ut,1,68,107.607
pf_ut,1,69,130.592
pf_ut,1,70,8.66335
pf_ut,1,71,24.9868
pf_ut,1,72,86.6143
pf_ut,1,73,74.3757
pf_ut,1,74,109.238
pf_ut,1,75,116.51
pf_ut,1,76,35.0577
pf_ut,1,77,28.241
pf_ut,1,78,125.712
pf_ut,1,79,113.566
pf_ut,1,80,175.601
pf_ut,1,81,116.885
pf_ut,1,82,137.771
pf_ut,1,83,143.171
pf_ut,1,84,157.621
pf_ut,1,85,58.0324
pf_ut,1,86,79.9061
pf_ut,1,87,1.24389
pf_ut,1,88,95.8799
pf_ut,1,89,72.8619
pf_ut,1,90,82.8439
pf_ut,1,91,99.4622
pf_ut,1,92,106.838
pf_ut,1,93,94.4131
pf_ut,1,94,133.071
pf_ut,1,95,56.1354
pf_ut,1,96,162.185
pf_ut,1,97,111.574
pf_ut,1,98,115.667
pf_ut,1,99,161.331
pf_ut,1,100,154.764
pf_ut,1,101,157.59
pf_ut,1,102,184.187
pf_ut,1,103,144.947
pf_ut,1,104,135.459
pf_ut,1,105,20.9181
pf_ut,1,106,24.1103
pf_ut,1,107,106.003
pf_ut,1,108,72.2831
pf_ut,1,109,186.235
pf_ut,1,110,131.162
pf_ut,1,111,215.917
pf_ut,1,112,105.085
pf_ut,1,113,193.866
pf_ut,1,114,115.918
pf_ut,1,115,175.828
pf_ut,1,116,122.811
pf_ut,1,117,150.707
pf_ut,1,118,143.053
pf_ut,1,119,107.878
pf_ut,1,120,248.952
pf_ut,1,121,259.937
pf_ut,1,122,51.3437
pf_ut,1,123,81.8364
pf_ut,1,124,187.076
pf_ut,1,125,197.223
pf_ut,1,126,187.38
pf_ut,1,127,200.571
pf_ut,1,128,91.7554
pf_ut,1,129,36.9151
pf_ut,1,130,106.823
pf_ut,1,131,147.883
pf_ut,1,132,236.867
pf_ut,1,133,188.391
pf_ut,1,134,219.972
pf_ut,1,135,214.179
pf_ut,1,136,224.174
pf_ut,1,137,163.573
pf_ut,1,138,156.269
pf_ut,1,139,83.1395
pf_ut,1,140,53.9397
pf_ut,1,141,199.975
pf_ut,1,142,32.179
pf_ut,1,143,154.184
pf_ut,1,144,118.125
pf_ut,1,145,141.333
pf_ut,1,146,239.054
pf_ut,1,147,232.988
pf_ut,1,148,36.5161
pf_ut,1,149,171.213
copf_ut,1,0,177.756
copf_ut,1,1,407.87
copf_ut,1,2,320.552
copf_ut,1,3,273.832
copf_ut,1,4,194.743
copf_ut,1,5,398.057
copf_ut,1,6,277.481
copf_ut,1,7,218.152
copf_ut,1,8,370.115
copf_ut,1,9,278.62
copf_ut,1,10,218.223
copf_ut,1,11,385.511
copf_ut,1,12,286.012
copf_ut,1,13,210.6
copf_ut,1,14,368.913
copf_ut,1,15,282.373
copf_ut,1,16,219.68
copf_ut,1,17,404.812
copf_ut,1,18,329.097
copf_ut,1,19,257.397
copf_ut,1,20,190
copf_ut,1,21,386.216
copf_ut,1,22,225.882
copf_ut,1,23,316.271
copf_ut,1,24,185.493
copf_ut,1,25,322.747
copf_ut,1,26,214.569
copf_ut,1,27,337.477
copf_ut,1,28,249.202
copf_ut,1,29,354.974
copf_ut,1,30,263.906
copf_ut,1,31,201.849
copf_ut,1,32,410.245
copf_ut,1,33,318.529
copf_ut,1,34,245.754
copf_ut,1,35,363.311
copf_ut,1,36,286.103
copf_ut,1,37,222.772
copf_ut,1,38,316.842
copf_ut,1,39,198.596
copf_ut,1,40,357.775
copf_ut,1,41,242.25
copf_ut,1,42,373.249
copf_ut,1,43,202.95
copf_ut,1,44,306.835
copf_ut,1,45,196.46
copf_ut,1,46,348.395
copf_ut,1,47,254.41
copf_ut,1,48,381.14
copf_ut,1,49,286.807
copf_ut,1,50,210.645
copf_ut,1,51,283.682
copf_ut,1,52,195.054
copf_ut,1,53,322.233
copf_ut,1,54,240.619
copf_ut,1,55,313.081
copf_ut,1,56,185.249
copf_ut,1,57,340.945
copf_ut,1,58,227.115
copf_ut,1,59,352.911
copf_ut,1,60,227.87
copf_ut,1,61,302.067
copf_ut,1,62,160.213
copf_ut,1,63,310.179
copf_ut,1,64,189.988
copf_ut,1,65,285.12
copf_ut,1,66,131.732
copf_ut,1,67,246.045
copf_ut,1,68,273.893
copf_ut,1,69,150.403
copf_ut,1,70,206.155
copf_ut,1,71,180.466
copf_ut,1,72,236.54
copf_ut,1,73,206.908
copf_ut,1,74,212.242
copf_ut,1,75,249.844
copf_ut,1,76,296.444
copf_ut,1,77,197.512
copf_ut,1,78,345.069
copf_ut,1,79,251.819
copf_ut,1,80,374.826
copf_ut,1,81,249.608
copf_ut,1,82,336.867
copf_ut,1,83,216.121
copf_ut,1,84,354.683
copf_ut,1,85,210.063
copf_ut,1,86,298.834
copf_ut,1,87,123.784
copf_ut,1,88,241.586
copf_ut,1,89,217.753
copf_ut,1,90,227.256
copf_ut,1,91,227.306
copf_ut,1,92,252.925
copf_ut,1,93,279.542
copf_ut,1,94,158.617
copf_ut,1,95,283.84
copf_ut,1,96,174.405
copf_ut,1,97,296.073
copf_ut,1,98,187.856
copf_ut,1,99,329.418
copf_ut,1,100,225.029
copf_ut,1,101,361.25
copf_ut,1,102,232.94
copf_ut,1,103,326.124
copf_ut,1,104,221.359
copf_ut,1,105,268.759
copf_ut,1,106,186.853
copf_ut,1,107,325.208
copf_ut,1,108,236.778
copf_ut,1,109,372.569
copf_ut,1,110,283.041
copf_ut,1,111,215.827
copf_ut,1,112,343.667
copf_ut,1,113,233.563
copf_ut,1,114,316.48
copf_ut,1,115,212.754
copf_ut,1,116,348.542
copf_ut,1,117,257.791
copf_ut,1,118,191.855
copf_ut,1,119,374.969
copf_ut,1,120,290.228
copf_ut,1,121,235.947
copf_ut,1,122,351.186
copf_ut,1,123,240.716
copf_ut,1,124,374.355
copf_ut,1,125,273.988
copf_ut,1,126,194.456
copf_ut,1,127,370.66
copf_ut,1,128,290.659
copf_ut,1,129,186.142
copf_ut,1,130,366.588
copf_ut,1,131,277.093
copf_ut,1,132,204.883
copf_ut,1,133,394.234
copf_ut,1,134,302.154
copf_ut,1,135,237.235
copf_ut,1,136,412.111
copf_ut,1,137,290.028
copf_ut,1,138,196.147
copf_ut,1,139,353.984
copf_ut,1,140,246.212
copf_ut,1,141,387.76
copf_ut,1,142,285.337
copf_ut,1,143,224.616
copf_ut,1,144,375.612
copf_ut,1,145,290.166
copf_ut,1,146,231.575
copf_ut,1,147,428.941
copf_ut,1,148,283.617
copf_ut,1,149,206.261
pf_ut,2,0,77.6296
pf_ut,2,1,217.873
pf_ut,2,2,207.241
pf_ut,2,3,260.608
pf_ut,2,4,40.2218
pf_ut,2,5,215.939
pf_ut,2,6,80.1568
pf_ut,2,7,195.922
pf_ut,2,8,157.394
pf_ut,2,9,123.393
pf_ut,2,10,187.117
pf_ut,2,11,165.876
pf_ut,2,12,213.768
pf_ut,2,13,149.397
pf_ut,2,14,212.95
pf_ut,2,15,64.3972
pf_ut,2,16,237.165
pf_ut,2,17,215.415
pf_ut,2,18,144.244
pf_ut,2,19,183.327
pf_ut,2,20,123.371
pf_ut,2,21,182.215
pf_ut,2,22,27.7568
pf_ut,2,23,132.09
pf_ut,2,24,75.5357
pf_ut,2,25,122.857
pf_ut,2,26,96.738
pf_ut,2,27,122.752
pf_ut,2,28,30.8223
pf_ut,2,29,114.401
pf_ut,2,30,159.795
pf_ut,2,31,167.209
pf_ut,2,32,177.831
pf_ut,2,33,216.09
pf_ut,2,34,60.1452
pf_ut,2,35,131.769
pf_ut,2,36,219.414
pf_ut,2,37,235.11
pf_ut,2,38,62.2258
pf_ut,2,39,126.04
pf_ut,2,40,181.11
pf_ut,2,41,161.198
pf_ut,2,42,154.234
pf_ut,2,43,9.47262
pf_ut,2,44,165.64
pf_ut,2,45,150.577
pf_ut,2,46,162.25
pf_ut,2,47,33.4381
pf_ut,2,48,160.303
pf_ut,2,49,214.842
pf_ut,2,50,167.233
pf_ut,2,51,28.1293
pf_ut,2,52,190.362
pf_ut,2,53,47.6336
pf_ut,2,54,180.749
pf_ut,2,55,59.4496
pf_ut,2,56,96.513
pf_ut,2,57,161.298
pf_ut,2,58,118.843
pf_ut,2,59,121.208
pf_ut,2,60,31.1604
pf_ut,2,61,63.2934
pf_ut,2,62,102.827
pf_ut,2,63,117.866
pf_ut,2,64,47.0545
pf_ut,2,65,89.6429
pf_ut,2,66,4.35606
pf_ut,2,67,113.752
pf_ut,2,68,106.952
pf_ut,2,69,114.53
pf_ut,2,70,13.3472
pf_ut,2,71,24.276
pf_ut,2,72,73.8775
pf_ut,2,73,78.6653
pf_ut,2,74,97.6382
pf_ut,2,75,102.705
pf_ut,2,76,30.7739
pf_ut,2,77,41.2234
pf_ut,2,78,137.032
pf_ut,2,79,115.782
pf_ut,2,80,171.957
pf_ut,2,81,125.139
pf_ut,2,82,145.245
pf_ut,2,83,161.24
pf_ut,2,84,154.272
pf_ut,2,85,53.6046
pf_ut,2,86,79.3128
pf_ut,2,87,1.16374
pf_ut,2,88,116.367
pf_ut,2,89,76.4027
pf_ut,2,90,79.746
pf_ut,2,91,98.7256
pf_ut,2,92,102.318
pf_ut,2,93,90.4034
pf_ut,2,94,139.782
pf_ut,2,95,54.9022
pf_ut,2,96,160.432
pf_ut,2,97,100.69
pf_ut,2,98,98.1041
pf_ut,2,99,164.164
pf_ut,2,100,180.764
pf_ut,2,101,172.085
pf_ut,2,102,188.741
pf_ut,2,103,120.801
pf_ut,2,104,139.751
pf_ut,2,105,32.7903
pf_ut,2,106,28.4109
pf_ut,2,107,105.878
pf_ut,2,108,83.5901
pf_ut,2,109,171.062
pf_ut,2,110,169.546
pf_ut,2,111,194.494
pf_ut,2,112,124.135
pf_ut,2,113,197.44
pf_ut,2,114,116.646
pf_ut,2,115,179.023
pf_ut,2,116,125.4
pf_ut,2,117,156
pf_ut,2,118,162.676
pf_ut,2,119,104.552
pf_ut,2,120,255.055
pf_ut,2,121,244.942
pf_ut,2,122,122.605
pf_ut,2,123,94.7472
pf_ut,2,124,180.068
pf_ut,2,125,192.53
pf_ut,2,126,177.306
pf_ut,2,127,209.285
pf_ut,2,128,90.8878
pf_ut,2,129,35.5894
pf_ut,2,130,87.6397
pf_ut,2,131,141.013
pf_ut,2,132,220.494
pf_ut,2,133,196.36
pf_ut,2,134,230.177
pf_ut,2,135,224.027
pf_ut,2,136,224.579
pf_ut,2,137,143.661
pf_ut,2,138,149.115
pf_ut,2,139,96.8343
pf_ut,2,140,51.8698
pf_ut,2,141,193.458
pf_ut,2,142,29.6774
pf_ut,2,143,144.994
pf_ut,2,144,120.384
pf_ut,2,145,121.612
pf_ut,2,146,222.983
pf_ut,2,147,246.223
pf_ut,2,148,28.5654
pf_ut,2,149,178.937
copf_ut,2,0,174.356
copf_ut,2,1,407.209
copf_ut,2,2,337.398
copf_ut,2,3,271.723
copf_ut,2,4,184.614
copf_ut,2,5,412.396
copf_ut,2,6,281.255
copf_ut,2,7,210.609
copf_ut,2,8,362.596
copf_ut,2,9,278.97
copf_ut,2,10,213.733
copf_ut,2,11,376.562
copf_ut,2,12,283.476
copf_ut,2,13,195.348
copf_ut,2,14,386.526
copf_ut,2,15,288.472
copf_ut,2,16,234.382
copf_ut,2,17,410.799
copf_ut,2,18,325.429
copf_ut,2,19,242.517
copf_ut,2,20,364.726
copf_ut,2,21,273.036
copf_ut,2,22,161.336
copf_ut,2,23,318.79
copf_ut,2,24,179.023
copf_ut,2,25,312.987
copf_ut,2,26,225.616
copf_ut,2,27,333.542
copf_ut,2,28,237.483
copf_ut,2,29,328.182
copf_ut,2,30,238.528
copf_ut,2,31,387.477
copf_ut,2,32,304.31
copf_ut,2,33,232.323
copf_ut,2,34,353.038
copf_ut,2,35,277.652
copf_ut,2,36,225.209
copf_ut,2,37,417.993
copf_ut,2,38,282.242
copf_ut,2,39,188.379
copf_ut,2,40,366.271
copf_ut,2,41,249.906
copf_ut,2,42,361.805
copf_ut,2,43,201.491
copf_ut,2,44,315.659
copf_ut,2,45,209.122
copf_ut,2,46,349.031
copf_ut,2,47,267.193
copf_ut,2,48,215.086
copf_ut,2,49,410.566
copf_ut,2,50,305.017
copf_ut,2,51,192.166
copf_ut,2,52,348.272
copf_ut,2,53,256.112
copf_ut,2,54,188.728
copf_ut,2,55,301.721
copf_ut,2,56,171.312
copf_ut,2,57,342.774
copf_ut,2,58,232.25
copf_ut,2,59,354.277
copf_ut,2,60,222.502
copf_ut,2,61,292.865
copf_ut,2,62,163.052
copf_ut,2,63,285.776
copf_ut,2,64,189.461
copf_ut,2,65,308.424
copf_ut,2,66,132.866
copf_ut,2,67,246.679
copf_ut,2,68,258.087
copf_ut,2,69,136.772
copf_ut,2,70,216.972
copf_ut,2,71,191.491
copf_ut,2,72,233.192
copf_ut,2,73,199.47
copf_ut,2,74,220.795
copf_ut,2,75,238.988
copf_ut,2,76,272.897
copf_ut,2,77,180.048
copf_ut,2,78,355.163
copf_ut,2,79,260.714
copf_ut,2,80,174.024
copf_ut,2,81,338.686
copf_ut,2,82,211.269
copf_ut,2,83,348.658
copf_ut,2,84,247.21
copf_ut,2,85,295.742
copf_ut,2,86,167.403
copf_ut,2,87,147.078
copf_ut,2,88,235.101
copf_ut,2,89,212.175
copf_ut,2,90,216.504
copf_ut,2,91,220.393
copf_ut,2,92,242.173
copf_ut,2,93,269.876
copf_ut,2,94,151.988
copf_ut,2,95,287.38
copf_ut,2,96,180.176
copf_ut,2,97,293.085
copf_ut,2,98,180.125
copf_ut,2,99,333.525
copf_ut,2,100,223.494
copf_ut,2,101,353.366
copf_ut,2,102,237.859
copf_ut,2,103,333.275
copf_ut,2,104,227.865
copf_ut,2,105,270.897
copf_ut,2,106,202.484
copf_ut,2,107,329.201
copf_ut,2,108,237.375
copf_ut,2,109,373.26
copf_ut,2,110,277.072
copf_ut,2,111,202.844
copf_ut,2,112,339.318
copf_ut,2,113,235.618
copf_ut,2,114,350.57
copf_ut,2,115,236.242
copf_ut,2,116,349.96
copf_ut,2,117,250.206
copf_ut,2,118,381.873
copf_ut,2,119,304.994
copf_ut,2,120,245.636
copf_ut,2,121,426.751
copf_ut,2,122,306.785
copf_ut,2,123,213.166
copf_ut,2,124,368.155
copf_ut,2,125,245.447
copf_ut,2,126,383.269
copf_ut,2,127,275.093
copf_ut,2,128,220.775
copf_ut,2,129,283.955
copf_ut,2,130,226.703
copf_ut,2,131,377.9
copf_ut,2,132,295.061
copf_ut,2,133,224.943
copf_ut,2,134,409.056
copf_ut,2,135,313.978
copf_ut,2,136,243.028
copf_ut,2,137,359.203
copf_ut,2,138,241.813
copf_ut,2,139,367.027
copf_ut,2,140,245.835
copf_ut,2,141,384.775
copf_ut,2,142,304.004
copf_ut,2,143,230.648
copf_ut,2,144,374.724
copf_ut,2,145,300.025
copf_ut,2,146,231.677
copf_ut,2,147,422.316
copf_ut,2,148,288.77
copf_ut,2,149,213.591
pf_ut,3,0,75.068
pf_ut,3,1,232.733
pf_ut,3,2,207.572
pf_ut,3,3,257.768
pf_ut,3,4,39.3212
pf_ut,3,5,222.274
pf_ut,3,6,78.1285
pf_ut,3,7,187.852
pf_ut,3,8,160.053
pf_ut,3,9,133.059
pf_ut,3,10,183.82
pf_ut,3,11,170.522
pf_ut,3,12,223.52
pf_ut,3,13,139.541
pf_ut,3,14,184.201
pf_ut,3,15,65.6305
pf_ut,3,16,205.167
pf_ut,3,17,214.706
pf_ut,3,18,145.508
pf_ut,3,19,156.672
pf_ut,3,20,130.227
pf_ut,3,21,178.897
pf_ut,3,22,31.7516
pf_ut,3,23,119.527
pf_ut,3,24,58.6221
pf_ut,3,25,133.076
pf_ut,3,26,105.513
pf_ut,3,27,134.889
pf_ut,3,28,47.2901
pf_ut,3,29,122.646
pf_ut,3,30,150.06
pf_ut,3,31,146.116
pf_ut,3,32,186.391
pf_ut,3,33,229.416
pf_ut,3,34,61.4354
pf_ut,3,35,112.911
pf_ut,3,36,233.21
pf_ut,3,37,215.877
pf_ut,3,38,70.849
pf_ut,3,39,126.305
pf_ut,3,40,177.099
pf_ut,3,41,154.134
pf_ut,3,42,171.346
pf_ut,3,43,7.49505
pf_ut,3,44,138.113
pf_ut,3,45,161.277
pf_ut,3,46,163.347
pf_ut,3,47,13.6469
pf_ut,3,48,143.947
pf_ut,3,49,213.426
pf_ut,3,50,167.649
pf_ut,3,51,40.2348
pf_ut,3,52,180.086
pf_ut,3,53,42.9165
pf_ut,3,54,174.766
pf_ut,3,55,53.9641
pf_ut,3,56,112.432
pf_ut,3,57,177.254
pf_ut,3,58,140.54
pf_ut,3,59,103.623
pf_ut,3,60,33.1765
pf_ut,3,61,54.102
pf_ut,3,62,96.7132
pf_ut,3,63,120.144
pf_ut,3,64,58.2521
pf_ut,3,65,70.5121
pf_ut,3,66,4.46223
pf_ut,3,67,107.74
pf_ut,3,68,119.639
pf_ut,3,69,128.238
pf_ut,3,70,11.7017
pf_ut,3,71,26.279
pf_ut,3,72,92.5337
pf_ut,3,73,78.4788
pf_ut,3,74,94.6161
pf_ut,3,75,113.052
pf_ut,3,76,25.7367
pf_ut,3,77,31.8462
pf_ut,3,78,119.518
pf_ut,3,79,109.246
pf_ut,3,80,168.818
pf_ut,3,81,119.589
pf_ut,3,82,144.769
pf_ut,3,83,173.525
pf_ut,3,84,149.445
pf_ut,3,85,62.0866
pf_ut,3,86,80.9038
pf_ut,3,87,1.00289
pf_ut,3,88,116.819
pf_ut,3,89,69.079
pf_ut,3,90,67.1317
pf_ut,3,91,101.833
pf_ut,3,92,109.238
pf_ut,3,93,103.635
pf_ut,3,94,149.029
pf_ut,3,95,48.1696
pf_ut,3,96,150.615
pf_ut,3,97,103.639
pf_ut,3,98,113.526
pf_ut,3,99,166.84
pf_ut,3,100,148.22
pf_ut,3,101,189.202
pf_ut,3,102,164.634
pf_ut,3,103,123.561
pf_ut,3,104,135.17
pf_ut,3,105,34.102
pf_ut,3,106,32.0906
pf_ut,3,107,85.0692
pf_ut,3,108,83.9798
pf_ut,3,109,169.198
pf_ut,3,110,144.42
pf_ut,3,111,206.087
pf_ut,3,112,107.146
pf_ut,3,113,202.017
pf_ut,3,114,106.821
pf_ut,3,115,183.98
pf_ut,3,116,131.952
pf_ut,3,117,157.988
pf_ut,3,118,137.424
pf_ut,3,119,118.02
pf_ut,3,120,249.276
pf_ut,3,121,246.361
pf_ut,3,122,96.1001
pf_ut,3,123,103.551
pf_ut,3,124,201.075
pf_ut,3,125,183.732
pf_ut,3,126,192.743
pf_ut,3,127,201.309
pf_ut,3,128,101.745
pf_ut,3,129,37.7564
pf_ut,3,130,106.219
pf_ut,3,131,118.074
pf_ut,3,132,224.439
pf_ut,3,133,206.22
pf_ut,3,134,227.448
pf_ut,3,135,210.723
pf_ut,3,136,223.513
pf_ut,3,137,144.06
pf_ut,3,138,156.879
pf_ut,3,139,79.1587
pf_ut,3,140,52.7378
pf_ut,3,141,190.761
pf_ut,3,142,28.3075
pf_ut,3,143,139.707
pf_ut,3,144,124.848
pf_ut,3,145,125.994
pf_ut,3,146,242.878
pf_ut,3,147,248.066
pf_ut,3,148,25.1935
pf_ut,3,149,183.196
copf_ut,3,0,173.491
copf_ut,3,1,422.729
copf_ut,3,2,344.954
copf_ut,3,3,282.326
copf_ut,3,4,203.053
copf_ut,3,5,415.543
copf_ut,3,6,295.691
copf_ut,3,7,220.827
copf_ut,3,8,359.113
copf_ut,3,9,277.611
copf_ut,3,10,217.686
copf_ut,3,11,364.282
copf_ut,3,12,272.512
copf_ut,3,13,189.184
copf_ut,3,14,363.743
copf_ut,3,15,280.532
copf_ut,3,16,213.98
copf_ut,3,17,411.105
copf_ut,3,18,327.864
copf_ut,3,19,252.069
copf_ut,3,20,368.492
copf_ut,3,21,264.072
copf_ut,3,22,153.483
copf_ut,3,23,320.588
copf_ut,3,24,181.358
copf_ut,3,25,310.196
copf_ut,3,26,209.971
copf_ut,3,27,329.711
copf_ut,3,28,243.474
copf_ut,3,29,350.55
copf_ut,3,30,278.015
copf_ut,3,31,205.902
copf_ut,3,32,390.569
copf_ut,3,33,295.676
copf_ut,3,34,234.475
copf_ut,3,35,371.921
copf_ut,3,36,287.826
copf_ut,3,37,231.242
copf_ut,3,38,323.199
copf_ut,3,39,217.41
copf_ut,3,40,356.472
copf_ut,3,41,250.701
copf_ut,3,42,359.642
copf_ut,3,43,206.622
copf_ut,3,44,321.079
copf_ut,3,45,212.019
copf_ut,3,46,336.538
copf_ut,3,47,239.205
copf_ut,3,48,373.396
copf_ut,3,49,290.739
copf_ut,3,50,212.759
copf_ut,3,51,264.905
copf_ut,3,52,191.028
copf_ut,3,53,323.87
copf_ut,3,54,222.94
copf_ut,3,55,318.039
copf_ut,3,56,196.16
copf_ut,3,57,343.164
copf_ut,3,58,232.159
copf_ut,3,59,344.688
copf_ut,3,60,214.358
copf_ut,3,61,291.018
copf_ut,3,62,170.475
copf_ut,3,63,279.669
copf_ut,3,64,178.419
copf_ut,3,65,301.028
copf_ut,3,66,140.841
copf_ut,3,67,241.315
copf_ut,3,68,248.765
copf_ut,3,69,268.778
copf_ut,3,70,129.854
copf_ut,3,71,192.539
copf_ut,3,72,218.752
copf_ut,3,73,214.229
copf_ut,3,74,229.595
copf_ut,3,75,254.548
copf_ut,3,76,298.546
copf_ut,3,77,208.149
copf_ut,3,78,355.533
copf_ut,3,79,265.37
copf_ut,3,80,189.922
copf_ut,3,81,340.65
copf_ut,3,82,221.339
copf_ut,3,83,336.658
copf_ut,3,84,239.457
copf_ut,3,85,285.84
copf_ut,3,86,149.138
copf_ut,3,87,161.194
copf_ut,3,88,251.13
copf_ut,3,89,215.5
copf_ut,3,90,214.691
copf_ut,3,91,241.597
copf_ut,3,92,264.971
copf_ut,3,93,140.871
copf_ut,3,94,281.012
copf_ut,3,95,169.047
copf_ut,3,96,319.248
copf_ut,3,97,181.213
copf_ut,3,98,324.208
copf_ut,3,99,208.3
copf_ut,3,100,345.474
copf_ut,3,101,223.531
copf_ut,3,102,361.32
copf_ut,3,103,231.487
copf_ut,3,104,340.032
copf_ut,3,105,224.86
copf_ut,3,106,332.377
copf_ut,3,107,225.348
copf_ut,3,108,349.971
copf_ut,3,109,245.766
copf_ut,3,110,385.46
copf_ut,3,111,295.457
copf_ut,3,112,198.163
copf_ut,3,113,372.597
copf_ut,3,114,249.765
copf_ut,3,115,350.468
copf_ut,3,116,243.741
copf_ut,3,117,392.462
copf_ut,3,118,308.233
copf_ut,3,119,251.108
copf_ut,3,120,439.648
copf_ut,3,121,363.206
copf_ut,3,122,266.682
copf_ut,3,123,181.305
copf_ut,3,124,384.107
copf_ut,3,125,277.559
copf_ut,3,126,210.461
copf_ut,3,127,397.633
copf_ut,3,128,297.758
copf_ut,3,129,200.866
copf_ut,3,130,372.762
copf_ut,3,131,292.174
copf_ut,3,132,232.389
copf_ut,3,133,399.298
copf_ut,3,134,298.417
copf_ut,3,135,230.794
copf_ut,3,136,397.812
copf_ut,3,137,285.822
copf_ut,3,138,190.655
copf_ut,3,139,364.654
copf_ut,3,140,258.482
copf_ut,3,141,181.296
copf_ut,3,142,309.018
copf_ut,3,143,224.605
copf_ut,3,144,377.826
copf_ut,3,145,292.028
copf_ut,3,146,228.31
copf_ut,3,147,425.605
copf_ut,3,148,270.84
copf_ut,3,149,195.896
pf_ut,4,0,75.6543
pf_ut,4,1,229.128
pf_ut,4,2,193.987
pf_ut,4,3,246.885
pf_ut,4,4,81.8719
pf_ut,4,5,243.464
pf_ut,4,6,71.791
pf_ut,4,7,209.987
pf_ut,4,8,142.455
pf_ut,4,9,131.536
pf_ut,4,10,192.324
pf_ut,4,11,154.564
pf_ut,4,12,215.678
pf_ut,4,13,141.161
pf_ut,4,14,189.368
pf_ut,4,15,53.8248
pf_ut,4,16,204.405
pf_ut,4,17,212.97
pf_ut,4,18,152.511
pf_ut,4,19,172.774
pf_ut,4,20,119.876
pf_ut,4,21,182.865
pf_ut,4,22,26.06
pf_ut,4,23,132.615
pf_ut,4,24,74.203
pf_ut,4,25,128.644
pf_ut,4,26,91.7613
pf_ut,4,27,135.663
pf_ut,4,28,41.3295
pf_ut,4,29,100.484
pf_ut,4,30,167.965
pf_ut,4,31,150.954
pf_ut,4,32,188.99
pf_ut,4,33,224.8
pf_ut,4,34,63.176
pf_ut,4,35,130.671
pf_ut,4,36,230.7
pf_ut,4,37,236.466
pf_ut,4,38,64.3836
pf_ut,4,39,141.346
pf_ut,4,40,189.875
pf_ut,4,41,167.858
pf_ut,4,42,150.946
pf_ut,4,43,6.27095
pf_ut,4,44,138.431
pf_ut,4,45,153.405
pf_ut,4,46,182.282
pf_ut,4,47,14.5407
pf_ut,4,48,145.872
pf_ut,4,49,218.634
pf_ut,4,50,169.393
pf_ut,4,51,29.1464
pf_ut,4,52,187.157
pf_ut,4,53,42.4051
pf_ut,4,54,188.118
pf_ut,4,55,66.7686
pf_ut,4,56,110.213
pf_ut,4,57,180.166
pf_ut,4,58,131.539
pf_ut,4,59,121.032
pf_ut,4,60,41.7607
pf_ut,4,61,65.2898
pf_ut,4,62,102.847
pf_ut,4,63,133.609
pf_ut,4,64,48.3841
pf_ut,4,65,62.3305
pf_ut,4,66,4.04566
pf_ut,4,67,119.565
pf_ut,4,68,118.333
pf_ut,4,69,127.88
pf_ut,4,70,14.3881
pf_ut,4,71,31.1651
pf_ut,4,72,79.8826
pf_ut,4,73,61.8724
pf_ut,4,74,103.589
pf_ut,4,75,108.889
pf_ut,4,76,35.0481
pf_ut,4,77,29.3221
pf_ut,4,78,130.057
pf_ut,4,79,110.65
pf_ut,4,80,175.321
pf_ut,4,81,125.056
pf_ut,4,82,146.226
pf_ut,4,83,165.768
pf_ut,4,84,159.044
pf_ut,4,85,68.6617
pf_ut,4,86,74.2857
pf_ut,4,87,1.00005
pf_ut,4,88,123.572
pf_ut,4,89,66.1505
pf_ut,4,90,67.875
pf_ut,4,91,122.269
pf_ut,4,92,111.786
pf_ut,4,93,90.9019
pf_ut,4,94,134.175
pf_ut,4,95,53.3947
pf_ut,4,96,160.494
pf_ut,4,97,95.3316
pf_ut,4,98,129.96
pf_ut,4,99,173.817
pf_ut,4,100,150.886
pf_ut,4,101,170.962
pf_ut,4,102,171.936
pf_ut,4,103,137.096
pf_ut,4,104,133.035
pf_ut,4,105,27.2634
pf_ut,4,106,28.7181
pf_ut,4,107,105.919
pf_ut,4,108,91.1741
pf_ut,4,109,181.904
pf_ut,4,110,146.928
pf_ut,4,111,203.57
pf_ut,4,112,113.22
pf_ut,4,113,195.996
pf_ut,4,114,131.562
pf_ut,4,115,185.598
pf_ut,4,116,126.706
pf_ut,4,117,170.857
pf_ut,4,118,142.755
pf_ut,4,119,105.258
pf_ut,4,120,247.15
pf_ut,4,121,264.048
pf_ut,4,122,57.8429
pf_ut,4,123,88.1513
pf_ut,4,124,181.305
pf_ut,4,125,196.396
pf_ut,4,126,195.108
pf_ut,4,127,210.063
pf_ut,4,128,96.9549
pf_ut,4,129,37.6018
pf_ut,4,130,109.224
pf_ut,4,131,137.143
pf_ut,4,132,231.456
pf_ut,4,133,195.179
pf_ut,4,134,217.878
pf_ut,4,135,209.16
pf_ut,4,136,219.026
pf_ut,4,137,138.95
pf_ut,4,138,151.324
pf_ut,4,139,86.9559
pf_ut,4,140,51.1665
pf_ut,4,141,186.547
pf_ut,4,142,40.1919
pf_ut,4,143,171.968
pf_ut,4,144,124.58
pf_ut,4,145,159.512
pf_ut,4,146,228.663
pf_ut,4,147,235.364
pf_ut,4,148,32.9966
pf_ut,4,149,176.747
copf_ut,4,0,179.054
copf_ut,4,1,414.798
copf_ut,4,2,336.213
copf_ut,4,3,280.676
copf_ut,4,4,193.395
copf_ut,4,5,406.816
copf_ut,4,6,282.084
copf_ut,4,7,214.155
copf_ut,4,8,355.97
copf_ut,4,9,267.764
copf_ut,4,10,213.203
copf_ut,4,11,385.383
copf_ut,4,12,282.758
copf_ut,4,13,203.103
copf_ut,4,14,383.841
copf_ut,4,15,282.582
copf_ut,4,16,214.399
copf_ut,4,17,408.202
copf_ut,4,18,324.167
copf_ut,4,19,251.467
copf_ut,4,20,359.521
copf_ut,4,21,258.243
copf_ut,4,22,161.57
copf_ut,4,23,322.181
copf_ut,4,24,183.448
copf_ut,4,25,322.697
copf_ut,4,26,224.707
copf_ut,4,27,333.7
copf_ut,4,28,250.89
copf_ut,4,29,340.408
copf_ut,4,30,249.042
copf_ut,4,31,375.093
copf_ut,4,32,288.248
copf_ut,4,33,216.782
copf_ut,4,34,342.469
copf_ut,4,35,270.899
copf_ut,4,36,216.458
copf_ut,4,37,413.517
copf_ut,4,38,284.266
copf_ut,4,39,192.73
copf_ut,4,40,368.459
copf_ut,4,41,261.228
copf_ut,4,42,191.716
copf_ut,4,43,215.873
copf_ut,4,44,318.82
copf_ut,4,45,204.664
copf_ut,4,46,331.066
copf_ut,4,47,236.702
copf_ut,4,48,378.417
copf_ut,4,49,299.035
copf_ut,4,50,212.641
copf_ut,4,51,256.502
copf_ut,4,52,190.328
copf_ut,4,53,325.235
copf_ut,4,54,236.875
copf_ut,4,55,308.855
copf_ut,4,56,185.42
copf_ut,4,57,340.651
copf_ut,4,58,231.121
copf_ut,4,59,349.697
copf_ut,4,60,220.685
copf_ut,4,61,287.297
copf_ut,4,62,166.198
copf_ut,4,63,299.339
copf_ut,4,64,202.202
copf_ut,4,65,289.071
copf_ut,4,66,133.707
copf_ut,4,67,251.666
copf_ut,4,68,244.802
copf_ut,4,69,264.74
copf_ut,4,70,119.672
copf_ut,4,71,194.361
copf_ut,4,72,231.283
copf_ut,4,73,199.479
copf_ut,4,74,226.612
copf_ut,4,75,259.086
copf_ut,4,76,139.544
copf_ut,4,77,291.38
copf_ut,4,78,204.866
copf_ut,4,79,371.859
copf_ut,4,80,266.375
copf_ut,4,81,174.109
copf_ut,4,82,347.929
copf_ut,4,83,229.918
copf_ut,4,84,361.886
copf_ut,4,85,212.269
copf_ut,4,86,306.726
copf_ut,4,87,130.321
copf_ut,4,88,242.092
copf_ut,4,89,216.908
copf_ut,4,90,211.997
copf_ut,4,91,228.729
copf_ut,4,92,237.342
copf_ut,4,93,266.942
copf_ut,4,94,139.665
copf_ut,4,95,301.184
copf_ut,4,96,183.455
copf_ut,4,97,312.978
copf_ut,4,98,206.66
copf_ut,4,99,332.475
copf_ut,4,100,221.819
copf_ut,4,101,350.041
copf_ut,4,102,235.461
copf_ut,4,103,330.538
copf_ut,4,104,228.023
copf_ut,4,105,280.731
copf_ut,4,106,193.493
copf_ut,4,107,319.521
copf_ut,4,108,221.305
copf_ut,4,109,364.252
copf_ut,4,110,270.18
copf_ut,4,111,207.755
copf_ut,4,112,344.233
copf_ut,4,113,253.562
copf_ut,4,114,330.321
copf_ut,4,115,225.756
copf_ut,4,116,348.008
copf_ut,4,117,254.912
copf_ut,4,118,383.482
copf_ut,4,119,291.404
copf_ut,4,120,239.086
copf_ut,4,121,421.169
copf_ut,4,122,303.839
copf_ut,4,123,207.448
copf_ut,4,124,373.397
copf_ut,4,125,268.177
copf_ut,4,126,190.253
copf_ut,4,127,386.745
copf_ut,4,128,291.153
copf_ut,4,129,202.434
copf_ut,4,130,360.438
copf_ut,4,131,275.091
copf_ut,4,132,210.099
copf_ut,4,133,389.822
copf_ut,4,134,299.177
copf_ut,4,135,233.202
copf_ut,4,136,404.49
copf_ut,4,137,290.74
copf_ut,4,138,217.371
copf_ut,4,139,358.506
copf_ut,4,140,237.446
copf_ut,4,141,369.963
copf_ut,4,142,277.305
copf_ut,4,143,209.521
copf_ut,4,144,364.013
copf_ut,4,145,293.383
copf_ut,4,146,226.022
copf_ut,4,147,430.606
copf_ut,4,148,289.257
copf_ut,4,149,216.128
pf_ut,5,0,72.451
pf_ut,5,1,234.174
pf_ut,5,2,195.724
pf_ut,5,3,261.156
pf_ut,5,4,36.8757
pf_ut,5,5,222.585
pf_ut,5,6,65.6144
pf_ut,5,7,194.309
pf_ut,5,8,157.614
pf_ut,5,9,129.374
pf_ut,5,10,186.392
pf_ut,5,11,157.188
pf_ut,5,12,207.514
pf_ut,5,13,139.629
pf_ut,5,14,202.942
pf_ut,5,15,56.8612
pf_ut,5,16,208.71
pf_ut,5,17,216.467
pf_ut,5,18,135.648
pf_ut,5,19,166.844
pf_ut,5,20,161.843
pf_ut,5,21,186.498
pf_ut,5,22,26.9184
pf_ut,5,23,132.203
pf_ut,5,24,51.6627
pf_ut,5,25,124.935
pf_ut,5,26,100.168
pf_ut,5,27,125.95
pf_ut,5,28,37.4431
pf_ut,5,29,113.633
pf_ut,5,30,162.533
pf_ut,5,31,166.017
pf_ut,5,32,182.791
pf_ut,5,33,212.212
pf_ut,5,34,45.563
pf_ut,5,35,136.873
pf_ut,5,36,228.01
pf_ut,5,37,231.011
pf_ut,5,38,59.3471
pf_ut,5,39,109.815
pf_ut,5,40,176.961
pf_ut,5,41,157.285
pf_ut,5,42,153.196
pf_ut,5,43,9.35753
pf_ut,5,44,136.827
pf_ut,5,45,160.024
pf_ut,5,46,158.845
pf_ut,5,47,23.1354
pf_ut,5,48,159.288
pf_ut,5,49,235.745
pf_ut,5,50,148.265
pf_ut,5,51,33.7714
pf_ut,5,52,193.344
pf_ut,5,53,31.4665
pf_ut,5,54,175.153
pf_ut,5,55,49.6597
pf_ut,5,56,110.184
pf_ut,5,57,163.001
pf_ut,5,58,124.926
pf_ut,5,59,112.286
pf_ut,5,60,40.6305
pf_ut,5,61,56.7198
pf_ut,5,62,92.5446
pf_ut,5,63,111.939
pf_ut,5,64,54.2467
pf_ut,5,65,70.7978
pf_ut,5,66,5.18951
pf_ut,5,67,115.225
pf_ut,5,68,122.163
pf_ut,5,69,130.553
pf_ut,5,70,12.2918
pf_ut,5,71,28.5568
pf_ut,5,72,89.9132
pf_ut,5,73,66.7127
pf_ut,5,74,117.632
pf_ut,5,75,102.282
pf_ut,5,76,34.1117
pf_ut,5,77,24.8597
pf_ut,5,78,133.659
pf_ut,5,79,102.325
pf_ut,5,80,167.426
pf_ut,5,81,135.004
pf_ut,5,82,127.593
pf_ut,5,83,174.019
pf_ut,5,84,148.5
pf_ut,5,85,74.0625
pf_ut,5,86,68.1204
pf_ut,5,87,1.02963
pf_ut,5,88,113.399
pf_ut,5,89,58.482
pf_ut,5,90,84.4646
pf_ut,5,91,111.965
pf_ut,5,92,101.106
pf_ut,5,93,75.0261
pf_ut,5,94,127.165
pf_ut,5,95,50.1188
pf_ut,5,96,135.163
pf_ut,5,97,117.681
pf_ut,5,98,119.823
pf_ut,5,99,157.87
pf_ut,5,100,150.087
pf_ut,5,101,192.178
pf_ut,5,102,181.578
pf_ut,5,103,130.552
pf_ut,5,104,126.927
pf_ut,5,105,33.5604
pf_ut,5,106,27.8675
pf_ut,5,107,106.469
pf_ut,5,108,97.0712
pf_ut,5,109,174.839
pf_ut,5,110,153.63
pf_ut,5,111,227.146
pf_ut,5,112,105.451
pf_ut,5,113,186.845
pf_ut,5,114,123.629
pf_ut,5,115,162.9
pf_ut,5,116,120.147
pf_ut,5,117,159.426
pf_ut,5,118,147.246
pf_ut,5,119,106.745
pf_ut,5,120,260.21
pf_ut,5,121,127.336
pf_ut,5,122,97.2476
pf_ut,5,123,97.3855
pf_ut,5,124,192.599
pf_ut,5,125,206.187
pf_ut,5,126,172.022
pf_ut,5,127,197.128
pf_ut,5,128,90.974
pf_ut,5,129,36.8817
pf_ut,5,130,89.8182
pf_ut,5,131,143.046
pf_ut,5,132,226.437
pf_ut,5,133,207.305
pf_ut,5,134,237.023
pf_ut,5,135,203.187
pf_ut,5,136,215.486
pf_ut,5,137,143.228
pf_ut,5,138,164.787
pf_ut,5,139,83.4757
pf_ut,5,140,58.3955
pf_ut,5,141,188.175
pf_ut,5,142,39.1191
pf_ut,5,143,163.517
pf_ut,5,144,108.778
pf_ut,5,145,134.486
pf_ut,5,146,233.659
pf_ut,5,147,237.621
pf_ut,5,148,24.9391
pf_ut,5,149,182.411
copf_ut,5,0,162.061
copf_ut,5,1,419.278
copf_ut,5,2,333.031
copf_ut,5,3,278.485
copf_ut,5,4,191.272
copf_ut,5,5,408.955
copf_ut,5,6,280.199
copf_ut,5,7,205.74
copf_ut,5,8,360.324
copf_ut,5,9,278.811
copf_ut,5,10,222.471
copf_ut,5,11,379.832
copf_ut,5,12,275.923
copf_ut,5,13,200.152
copf_ut,5,14,371.199
copf_ut,5,15,277.643
copf_ut,5,16,212.358
copf_ut,5,17,417.037
copf_ut,5,18,337.659
copf_ut,5,19,261.193
copf_ut,5,20,184.389
copf_ut,5,21,382.672
copf_ut,5,22,231.452
copf_ut,5,23,323.278
copf_ut,5,24,194.954
copf_ut,5,25,310.706
copf_ut,5,26,222.788
copf_ut,5,27,326.156
copf_ut,5,28,236.905
copf_ut,5,29,328.541
copf_ut,5,30,245.692
copf_ut,5,31,382.601
copf_ut,5,32,290.723
copf_ut,5,33,221.164
copf_ut,5,34,319.232
copf_ut,5,35,256.447
copf_ut,5,36,193.706
copf_ut,5,37,403.904
copf_ut,5,38,279.853
copf_ut,5,39,186.801
copf_ut,5,40,371.28
copf_ut,5,41,253.964
copf_ut,5,42,372.892
copf_ut,5,43,197.616
copf_ut,5,44,320.456
copf_ut,5,45,195.593
copf_ut,5,46,337.201
copf_ut,5,47,249.686
copf_ut,5,48,380.744
copf_ut,5,49,296.549
copf_ut,5,50,207.175
copf_ut,5,51,274.821
copf_ut,5,52,186.586
copf_ut,5,53,317.901
copf_ut,5,54,231.383
copf_ut,5,55,316.381
copf_ut,5,56,199.047
copf_ut,5,57,325.219
copf_ut,5,58,222.924
copf_ut,5,59,356.355
copf_ut,5,60,223.586
copf_ut,5,61,291.305
copf_ut,5,62,159.232
copf_ut,5,63,284.815
copf_ut,5,64,169.33
copf_ut,5,65,279.034
copf_ut,5,66,124.934
copf_ut,5,67,227.907
copf_ut,5,68,267.7
copf_ut,5,69,151.512
copf_ut,5,70,213.603
copf_ut,5,71,193.167
copf_ut,5,72,222.489
copf_ut,5,73,200.369
copf_ut,5,74,211.646
copf_ut,5,75,251.3
copf_ut,5,76,277.011
copf_ut,5,77,185.688
copf_ut,5,78,356.246
copf_ut,5,79,265.293
copf_ut,5,80,195.457
copf_ut,5,81,336.843
copf_ut,5,82,231.119
copf_ut,5,83,354.456
copf_ut,5,84,250.418
copf_ut,5,85,300.667
copf_ut,5,86,173.405
copf_ut,5,87,166.699
copf_ut,5,88,254.641
copf_ut,5,89,234.887
copf_ut,5,90,220.028
copf_ut,5,91,221.179
copf_ut,5,92,245.361
copf_ut,5,93,257.589
copf_ut,5,94,151.583
copf_ut,5,95,300.252
copf_ut,5,96,178.267
copf_ut,5,97,308.03
copf_ut,5,98,201.054
copf_ut,5,99,334.222
copf_ut,5,100,223.199
copf_ut,5,101,349.999
copf_ut,5,102,234.998
copf_ut,5,103,338.524
copf_ut,5,104,237.755
copf_ut,5,105,278.442
copf_ut,5,106,201.038
copf_ut,5,107,328.204
copf_ut,5,108,230.243
copf_ut,5,109,366.788
copf_ut,5,110,276.24
copf_ut,5,111,205.507
copf_ut,5,112,339.325
copf_ut,5,113,235.871
copf_ut,5,114,331.59
copf_ut,5,115,221.01
copf_ut,5,116,358.345
copf_ut,5,117,255.894
copf_ut,5,118,384.056
copf_ut,5,119,294.074
copf_ut,5,120,229.627
copf_ut,5,121,434.801
copf_ut,5,122,314.415
copf_ut,5,123,213.555
copf_ut,5,124,366.241
copf_ut,5,125,256.767
copf_ut,5,126,184.248
copf_ut,5,127,382.183
copf_ut,5,128,292.952
copf_ut,5,129,194.457
copf_ut,5,130,360.339
copf_ut,5,131,279.343
copf_ut,5,132,218.597
copf_ut,5,133,389.174
copf_ut,5,134,297.313
copf_ut,5,135,227.625
copf_ut,5,136,406.123
copf_ut,5,137,297.46
copf_ut,5,138,197.721
copf_ut,5,139,355.704
copf_ut,5,140,228.824
copf_ut,5,141,374.95
copf_ut,5,142,283.867
copf_ut,5,143,218.31
copf_ut,5,144,375.449
copf_ut,5,145,294.665
copf_ut,5,146,251.598
copf_ut,5,147,420.964
copf_ut,5,148,273.687
copf_ut,5,149,192.597
pf_ut,6,0,75.1245
pf_ut,6,1,211.262
pf_ut,6,2,194.817
pf_ut,6,3,247.717
pf_ut,6,4,73.7837
pf_ut,6,5,220.382
pf_ut,6,6,78.7415
pf_ut,6,7,189.163
pf_ut,6,8,154.264
pf_ut,6,9,125.589
pf_ut,6,10,179.318
pf_ut,6,11,168.929
pf_ut,6,12,199.271
pf_ut,6,13,143.22
pf_ut,6,14,195.103
pf_ut,6,15,59.7331
pf_ut,6,16,214.424
pf_ut,6,17,209.81
pf_ut,6,18,149.791
pf_ut,6,19,178.794
pf_ut,6,20,146.701
pf_ut,6,21,186.377
pf_ut,6,22,20.5541
pf_ut,6,23,116.077
pf_ut,6,24,63.6223
pf_ut,6,25,138.434
pf_ut,6,26,90.0337
pf_ut,6,27,125.6
pf_ut,6,28,44.2427
pf_ut,6,29,117.864
pf_ut,6,30,163.708
pf_ut,6,31,172.459
pf_ut,6,32,198.873
pf_ut,6,33,206.406
pf_ut,6,34,56.9962
pf_ut,6,35,145.711
pf_ut,6,36,228.555
pf_ut,6,37,210.245
pf_ut,6,38,66.6318
pf_ut,6,39,122.612
pf_ut,6,40,197.781
pf_ut,6,41,163.27
pf_ut,6,42,158.634
pf_ut,6,43,4.50437
pf_ut,6,44,154.285
pf_ut,6,45,153.288
pf_ut,6,46,170.821
pf_ut,6,47,17.4959
pf_ut,6,48,141.294
pf_ut,6,49,230.834
pf_ut,6,50,165.479
pf_ut,6,51,31.0252
pf_ut,6,52,166.5
pf_ut,6,53,47.1083
pf_ut,6,54,179.565
pf_ut,6,55,55.2927
pf_ut,6,56,111.052
pf_ut,6,57,169.137
pf_ut,6,58,120.115
pf_ut,6,59,124.957
pf_ut,6,60,40.0294
pf_ut,6,61,76.5727
pf_ut,6,62,108.803
pf_ut,6,63,124.858
pf_ut,6,64,46.5767
pf_ut,6,65,83.8752
pf_ut,6,66,7.08757
pf_ut,6,67,121.836
pf_ut,6,68,120.337
pf_ut,6,69,109.616
pf_ut,6,70,5.89773
pf_ut,6,71,24.5824
pf_ut,6,72,99.1233
pf_ut,6,73,65.4116
pf_ut,6,74,101.065
pf_ut,6,75,106.679
pf_ut,6,76,35.4535
pf_ut,6,77,35.8509
pf_ut,6,78,141.496
pf_ut,6,79,94.3807
pf_ut,6,80,178.695
pf_ut,6,81,122.243
pf_ut,6,82,152.318
pf_ut,6,83,184.716
pf_ut,6,84,144.424
pf_ut,6,85,75.4323
pf_ut,6,86,74.2509
pf_ut,6,87,1.57754
pf_ut,6,88,85.6178
pf_ut,6,89,76.9028
pf_ut,6,90,74.1739
pf_ut,6,91,110.04
pf_ut,6,92,102.059
pf_ut,6,93,91.6757
pf_ut,6,94,130.727
pf_ut,6,95,53.4113
pf_ut,6,96,157.147
pf_ut,6,97,114.18
pf_ut,6,98,112.961
pf_ut,6,99,155.482
pf_ut,6,100,146.438
pf_ut,6,101,173.032
pf_ut,6,102,169.379
pf_ut,6,103,113.55
pf_ut,6,104,131.73
pf_ut,6,105,31.555
pf_ut,6,106,34.6898
pf_ut,6,107,90.5825
pf_ut,6,108,89.7311
pf_ut,6,109,175.18
pf_ut,6,110,135.747
pf_ut,6,111,206.683
pf_ut,6,112,114.936
pf_ut,6,113,200.72
pf_ut,6,114,130.266
pf_ut,6,115,188.569
pf_ut,6,116,117.024
pf_ut,6,117,152.96
pf_ut,6,118,145.919
pf_ut,6,119,112.558
pf_ut,6,120,254.296
pf_ut,6,121,250.104
pf_ut,6,122,110.848
pf_ut,6,123,99.991
pf_ut,6,124,168.182
pf_ut,6,125,193.759
pf_ut,6,126,184.866
pf_ut,6,127,198.209
pf_ut,6,128,86.6899
pf_ut,6,129,42.6637
pf_ut,6,130,94.6549
pf_ut,6,131,145.818
pf_ut,6,132,216.911
pf_ut,6,133,215.246
pf_ut,6,134,226.143
pf_ut,6,135,216.998
pf_ut,6,136,217.908
pf_ut,6,137,133.848
pf_ut,6,138,143.264
pf_ut,6,139,78.1708
pf_ut,6,140,63.9882
pf_ut,6,141,197.987
pf_ut,6,142,34.8949
pf_ut,6,143,147.021
pf_ut,6,144,109.976
pf_ut,6,145,151.481
pf_ut,6,146,240.961
pf_ut,6,147,218.69
pf_ut,6,148,30.9718
pf_ut,6,149,183.406
copf_ut,6,0,197.098
copf_ut,6,1,412.156
copf_ut,6,2,337.062
copf_ut,6,3,279.708
copf_ut,6,4,201.859
copf_ut,6,5,417.058
copf_ut,6,6,287.769
copf_ut,6,7,218.404
copf_ut,6,8,350.518
copf_ut,6,9,267.728
copf_ut,6,10,218.823
copf_ut,6,11,386.857
copf_ut,6,12,289.962
copf_ut,6,13,204.048
copf_ut,6,14,380.489
copf_ut,6,15,291.737
copf_ut,6,16,219.056
copf_ut,6,17,407.528
copf_ut,6,18,333.022
copf_ut,6,19,255.178
copf_ut,6,20,347.047
copf_ut,6,21,253.078
copf_ut,6,22,271.698
copf_ut,6,23,174.035
copf_ut,6,24,291.942
copf_ut,6,25,179.893
copf_ut,6,26,335.106
copf_ut,6,27,216.207
copf_ut,6,28,326.426
copf_ut,6,29,221.853
copf_ut,6,30,371.735
copf_ut,6,31,283.824
copf_ut,6,32,224.128
copf_ut,6,33,400.522
copf_ut,6,34,305.801
copf_ut,6,35,230.223
copf_ut,6,36,408.118
copf_ut,6,37,323.53
copf_ut,6,38,215.767
copf_ut,6,39,323.862
copf_ut,6,40,231.864
copf_ut,6,41,364.142
copf_ut,6,42,263.742
copf_ut,6,43,153.075
copf_ut,6,44,305.984
copf_ut,6,45,204.527
copf_ut,6,46,340.538
copf_ut,6,47,256.534
copf_ut,6,48,201.318
copf_ut,6,49,407.523
copf_ut,6,50,298.442
copf_ut,6,51,175.988
copf_ut,6,52,341.951
copf_ut,6,53,254.669
copf_ut,6,54,379.473
copf_ut,6,55,248.443
copf_ut,6,56,307.251
copf_ut,6,57,207.921
copf_ut,6,58,348.531
copf_ut,6,59,249.091
copf_ut,6,60,297.004
copf_ut,6,61,174.792
copf_ut,6,62,293.255
copf_ut,6,63,167.478
copf_ut,6,64,310.705
copf_ut,6,65,187.783
copf_ut,6,66,188.163
copf_ut,6,67,240.005
copf_ut,6,68,256.68
copf_ut,6,69,139.469
copf_ut,6,70,218.395
copf_ut,6,71,205.445
copf_ut,6,72,221.868
copf_ut,6,73,212.443
copf_ut,6,74,232.017
copf_ut,6,75,255.928
copf_ut,6,76,295.355
copf_ut,6,77,194.303
copf_ut,6,78,336.616
copf_ut,6,79,245.993
copf_ut,6,80,367.148
copf_ut,6,81,253.048
copf_ut,6,82,331.542
copf_ut,6,83,206.786
copf_ut,6,84,359.303
copf_ut,6,85,222.218
copf_ut,6,86,283.309
copf_ut,6,87,110.037
copf_ut,6,88,235.809
copf_ut,6,89,202.111
copf_ut,6,90,214.987
copf_ut,6,91,212.044
copf_ut,6,92,259.594
copf_ut,6,93,138.217
copf_ut,6,94,298.313
copf_ut,6,95,178.141
copf_ut,6,96,326.069
copf_ut,6,97,175.002
copf_ut,6,98,305.43
copf_ut,6,99,187.614
copf_ut,6,100,345.156
copf_ut,6,101,230.987
copf_ut,6,102,368.582
copf_ut,6,103,236.772
copf_ut,6,104,349.329
copf_ut,6,105,213.423
copf_ut,6,106,322.426
copf_ut,6,107,214.917
copf_ut,6,108,341.239
copf_ut,6,109,231.236
copf_ut,6,110,362.388
copf_ut,6,111,267.874
copf_ut,6,112,180.376
copf_ut,6,113,391.606
copf_ut,6,114,265.826
copf_ut,6,115,180.543
copf_ut,6,116,356.706
copf_ut,6,117,258.843
copf_ut,6,118,203.549
copf_ut,6,119,365.73
copf_ut,6,120,299.372
copf_ut,6,121,247.508
copf_ut,6,122,354.778
copf_ut,6,123,249.466
copf_ut,6,124,369.886
copf_ut,6,125,263.002
copf_ut,6,126,188.933
copf_ut,6,127,389.409
copf_ut,6,128,296.348
copf_ut,6,129,204.028
copf_ut,6,130,360.686
copf_ut,6,131,285.1
copf_ut,6,132,226.488
copf_ut,6,133,399.086
copf_ut,6,134,306.605
copf_ut,6,135,233.651
copf_ut,6,136,397.384
copf_ut,6,137,281.884
copf_ut,6,138,201.679
copf_ut,6,139,355.552
copf_ut,6,140,235.344
copf_ut,6,141,361.097
copf_ut,6,142,271.653
copf_ut,6,143,196.841
copf_ut,6,144,378.215
copf_ut,6,145,296.242
copf_ut,6,146,227.918
copf_ut,6,147,414.692
copf_ut,6,148,272.027
copf_ut,6,149,193.079
pf_ut,7,0,70.1872
pf_ut,7,1,218.961
pf_ut,7,2,182.642
pf_ut,7,3,254.868
pf_ut,7,4,64.3825
pf_ut,7,5,221.546
pf_ut,7,6,68.1693
pf_ut,7,7,202.628
pf_ut,7,8,135.58
pf_ut,7,9,111.824
pf_ut,7,10,184.835
pf_ut,7,11,165.329
pf_ut,7,12,217.095
pf_ut,7,13,129.281
pf_ut,7,14,209.333
pf_ut,7,15,53.2064
pf_ut,7,16,221.241
pf_ut,7,17,226.382
pf_ut,7,18,140.613
pf_ut,7,19,188.638
pf_ut,7,20,125.863
pf_ut,7,21,203.688
pf_ut,7,22,28.236
pf_ut,7,23,137.854
pf_ut,7,24,69.8396
pf_ut,7,25,107.292
pf_ut,7,26,104.726
pf_ut,7,27,138.339
pf_ut,7,28,43.5833
pf_ut,7,29,100.754
pf_ut,7,30,156.436
pf_ut,7,31,163.945
pf_ut,7,32,175.769
pf_ut,7,33,226.496
pf_ut,7,34,67.7962
pf_ut,7,35,121.732
pf_ut,7,36,212.32
pf_ut,7,37,223.297
pf_ut,7,38,64.9609
pf_ut,7,39,114.245
pf_ut,7,40,189.365
pf_ut,7,41,158.69
pf_ut,7,42,159.301
pf_ut,7,43,8.16138
pf_ut,7,44,164.819
pf_ut,7,45,165.667
pf_ut,7,46,173.258
pf_ut,7,47,16.3935
pf_ut,7,48,150.346
pf_ut,7,49,226.839
pf_ut,7,50,157.311
pf_ut,7,51,25.9256
pf_ut,7,52,166.013
pf_ut,7,53,41.0738
pf_ut,7,54,186.83
pf_ut,7,55,56.2193
pf_ut,7,56,112.55
pf_ut,7,57,169.246
pf_ut,7,58,130.583
pf_ut,7,59,112.867
pf_ut,7,60,36.954
pf_ut,7,61,75.5314
pf_ut,7,62,104.015
pf_ut,7,63,114.786
pf_ut,7,64,57.3591
pf_ut,7,65,78.3211
pf_ut,7,66,2.57713
pf_ut,7,67,110.208
pf_ut,7,68,110.405
pf_ut,7,69,135.518
pf_ut,7,70,9.46246
pf_ut,7,71,26.3103
pf_ut,7,72,92.6802
pf_ut,7,73,65.1976
pf_ut,7,74,101.909
pf_ut,7,75,107.874
pf_ut,7,76,33.9517
pf_ut,7,77,29.6415
pf_ut,7,78,134.471
pf_ut,7,79,105.973
pf_ut,7,80,169.888
pf_ut,7,81,123.612
pf_ut,7,82,160.561
pf_ut,7,83,163.437
pf_ut,7,84,156.527
pf_ut,7,85,62.9637
pf_ut,7,86,92.5348
pf_ut,7,87,1.00092
pf_ut,7,88,117.272
pf_ut,7,89,63.3009
pf_ut,7,90,86.6869
pf_ut,7,91,93.4081
pf_ut,7,92,97.3101
pf_ut,7,93,99.1663
pf_ut,7,94,134
pf_ut,7,95,54.2682
pf_ut,7,96,164.234
pf_ut,7,97,97.2246
pf_ut,7,98,112.729
pf_ut,7,99,156.512
pf_ut,7,100,153.096
pf_ut,7,101,165.742
pf_ut,7,102,168.206
pf_ut,7,103,128.261
pf_ut,7,104,135.346
pf_ut,7,105,34.3808
pf_ut,7,106,22.9536
pf_ut,7,107,102.295
pf_ut,7,108,90.2007
pf_ut,7,109,158.732
pf_ut,7,110,137.91
pf_ut,7,111,215.476
pf_ut,7,112,131.932
pf_ut,7,113,193.745
pf_ut,7,114,124.334
pf_ut,7,115,177.229
pf_ut,7,116,131.595
pf_ut,7,117,162.462
pf_ut,7,118,134.061
pf_ut,7,119,109.575
pf_ut,7,120,282.761
pf_ut,7,121,145.34
pf_ut,7,122,107.912
pf_ut,7,123,100.578
pf_ut,7,124,182.91
pf_ut,7,125,195.165
pf_ut,7,126,193.271
pf_ut,7,127,225.067
pf_ut,7,128,99.3872
pf_ut,7,129,33.3454
pf_ut,7,130,81.1568
pf_ut,7,131,147.414
pf_ut,7,132,229.084
pf_ut,7,133,205.14
pf_ut,7,134,205.951
pf_ut,7,135,229.722
pf_ut,7,136,206.482
pf_ut,7,137,137.639
pf_ut,7,138,137.571
pf_ut,7,139,85.1009
pf_ut,7,140,57.1014
pf_ut,7,141,183.406
pf_ut,7,142,35.2218
pf_ut,7,143,159.64
pf_ut,7,144,118.903
pf_ut,7,145,141.588
pf_ut,7,146,239.714
pf_ut,7,147,230.578
pf_ut,7,148,35.2764
pf_ut,7,149,193.575
copf_ut,7,0,177.273
copf_ut,7,1,410.029
copf_ut,7,2,335.472
copf_ut,7,3,271.664
copf_ut,7,4,189.918
copf_ut,7,5,411.353
copf_ut,7,6,279.356
copf_ut,7,7,211.392
copf_ut,7,8,366.668
copf_ut,7,9,283.676
copf_ut,7,10,225.571
copf_ut,7,11,387.974
copf_ut,7,12,293.327
copf_ut,7,13,205.812
copf_ut,7,14,382.997
copf_ut,7,15,297.425
copf_ut,7,16,237.622
copf_ut,7,17,400.998
copf_ut,7,18,320.284
copf_ut,7,19,250.206
copf_ut,7,20,368.812
copf_ut,7,21,264.991
copf_ut,7,22,154.247
copf_ut,7,23,323.495
copf_ut,7,24,173.311
copf_ut,7,25,319.095
copf_ut,7,26,222.449
copf_ut,7,27,325.557
copf_ut,7,28,235.696
copf_ut,7,29,352.45
copf_ut,7,30,259.786
copf_ut,7,31,201.725
copf_ut,7,32,399.714
copf_ut,7,33,310.674
copf_ut,7,34,234.309
copf_ut,7,35,367.776
copf_ut,7,36,281.566
copf_ut,7,37,219.006
copf_ut,7,38,328.888
copf_ut,7,39,223.733
copf_ut,7,40,383.171
copf_ut,7,41,257.835
copf_ut,7,42,183.55
copf_ut,7,43,238.793
copf_ut,7,44,314.449
copf_ut,7,45,204.455
copf_ut,7,46,341.802
copf_ut,7,47,259.353
copf_ut,7,48,199.906
copf_ut,7,49,414.438
copf_ut,7,50,297.19
copf_ut,7,51,184.331
copf_ut,7,52,348.665
copf_ut,7,53,264.305
copf_ut,7,54,192.77
copf_ut,7,55,314.658
copf_ut,7,56,200.954
copf_ut,7,57,329.837
copf_ut,7,58,230.967
copf_ut,7,59,375.025
copf_ut,7,60,230.298
copf_ut,7,61,301.556
copf_ut,7,62,178.529
copf_ut,7,63,298.224
copf_ut,7,64,181.972
copf_ut,7,65,305.849
copf_ut,7,66,126.33
copf_ut,7,67,253.471
copf_ut,7,68,266.191
copf_ut,7,69,147.662
copf_ut,7,70,205.275
copf_ut,7,71,202.725
copf_ut,7,72,228.025
copf_ut,7,73,202.947
copf_ut,7,74,235.428
copf_ut,7,75,252.32
copf_ut,7,76,305.853
copf_ut,7,77,199.263
copf_ut,7,78,345.843
copf_ut,7,79,259.564
copf_ut,7,80,185.557
copf_ut,7,81,340.362
copf_ut,7,82,216.444
copf_ut,7,83,340.041
copf_ut,7,84,238.19
copf_ut,7,85,301.852
copf_ut,7,86,180.496
copf_ut,7,87,154.251
copf_ut,7,88,244.835
copf_ut,7,89,213.997
copf_ut,7,90,234.17
copf_ut,7,91,231.853
copf_ut,7,92,241.428
copf_ut,7,93,270.352
copf_ut,7,94,155.994
copf_ut,7,95,310.424
copf_ut,7,96,186.232
copf_ut,7,97,298.729
copf_ut,7,98,198.039
copf_ut,7,99,347.996
copf_ut,7,100,220.881
copf_ut,7,101,348.226
copf_ut,7,102,236.713
copf_ut,7,103,311.283
copf_ut,7,104,216.337
copf_ut,7,105,280.379
copf_ut,7,106,210.666
copf_ut,7,107,325.469
copf_ut,7,108,236.712
copf_ut,7,109,375.181
copf_ut,7,110,287.085
copf_ut,7,111,212.135
copf_ut,7,112,343.308
copf_ut,7,113,235.37
copf_ut,7,114,340.191
copf_ut,7,115,227.275
copf_ut,7,116,348.039
copf_ut,7,117,260.647
copf_ut,7,118,212.89
copf_ut,7,119,376.875
copf_ut,7,120,297.002
copf_ut,7,121,232.254
copf_ut,7,122,345.187
copf_ut,7,123,221.282
copf_ut,7,124,385.949
copf_ut,7,125,281.222
copf_ut,7,126,204.019
copf_ut,7,127,387.84
copf_ut,7,128,302.783
copf_ut,7,129,205.217
copf_ut,7,130,362.333
copf_ut,7,131,272.389
copf_ut,7,132,222.373
copf_ut,7,133,397.789
copf_ut,7,134,310.818
copf_ut,7,135,247.894
copf_ut,7,136,406.8
copf_ut,7,137,300.122
copf_ut,7,138,220.472
copf_ut,7,139,356.742
copf_ut,7,140,235.264
copf_ut,7,141,377.894
copf_ut,7,142,283.391
copf_ut,7,143,203.585
copf_ut,7,144,380.585
copf_ut,7,145,310.397
copf_ut,7,146,251.771
copf_ut,7,147,427.63
copf_ut,7,148,284.533
copf_ut,7,149,215.318
pf_ut,8,0,80.1262
pf_ut,8,1,224.902
pf_ut,8,2,215.375
pf_ut,8,3,255.625
pf_ut,8,4,77.8761
pf_ut,8,5,218.357
pf_ut,8,6,71.2859
pf_ut,8,7,190.322
pf_ut,8,8,135.414
pf_ut,8,9,107.587
pf_ut,8,10,189.258
pf_ut,8,11,163.058
pf_ut,8,12,201.797
pf_ut,8,13,142.589
pf_ut,8,14,190.686
pf_ut,8,15,72.2675
pf_ut,8,16,227.926
pf_ut,8,17,210.925
pf_ut,8,18,141.839
pf_ut,8,19,166.878
pf_ut,8,20,130.165
pf_ut,8,21,180.912
pf_ut,8,22,26.8937
pf_ut,8,23,122.288
pf_ut,8,24,61.9454
pf_ut,8,25,119.422
pf_ut,8,26,95.0813
pf_ut,8,27,126.048
pf_ut,8,28,43.721
pf_ut,8,29,120.984
pf_ut,8,30,158.378
pf_ut,8,31,131.777
pf_ut,8,32,201.497
pf_ut,8,33,218.011
pf_ut,8,34,58.6178
pf_ut,8,35,133.443
pf_ut,8,36,232.598
pf_ut,8,37,226.76
pf_ut,8,38,65.5466
pf_ut,8,39,123.083
pf_ut,8,40,182.252
pf_ut,8,41,156.865
pf_ut,8,42,152.831
pf_ut,8,43,6.34295
pf_ut,8,44,150.083
pf_ut,8,45,141.658
pf_ut,8,46,163.868
pf_ut,8,47,21.3034
pf_ut,8,48,145.318
pf_ut,8,49,231.12
pf_ut,8,50,159.477
pf_ut,8,51,28.8856
pf_ut,8,52,177.184
pf_ut,8,53,44.6049
pf_ut,8,54,181.056
pf_ut,8,55,64.3902
pf_ut,8,56,104.86
pf_ut,8,57,169.731
pf_ut,8,58,110.91
pf_ut,8,59,115.123
pf_ut,8,60,38.9681
pf_ut,8,61,61.3925
pf_ut,8,62,107.201
pf_ut,8,63,104.301
pf_ut,8,64,44.3399
pf_ut,8,65,77.4362
pf_ut,8,66,6.0249
pf_ut,8,67,114.567
pf_ut,8,68,120.996
pf_ut,8,69,130.22
pf_ut,8,70,10.7373
pf_ut,8,71,28.5321
pf_ut,8,72,86.999
pf_ut,8,73,63.6801
pf_ut,8,74,101.99
pf_ut,8,75,121.461
pf_ut,8,76,24.0708
pf_ut,8,77,38.6505
pf_ut,8,78,113.182
pf_ut,8,79,116.346
pf_ut,8,80,170.938
pf_ut,8,81,119.538
pf_ut,8,82,130.644
pf_ut,8,83,166.88
pf_ut,8,84,158.326
pf_ut,8,85,53.2356
pf_ut,8,86,82.898
pf_ut,8,87,1.2511
pf_ut,8,88,104.49
pf_ut,8,89,80.5195
pf_ut,8,90,80.7615
pf_ut,8,91,104.597
pf_ut,8,92,105
pf_ut,8,93,90.9926
pf_ut,8,94,125.032
pf_ut,8,95,54.7209
pf_ut,8,96,154.593
pf_ut,8,97,111.968
pf_ut,8,98,113.497
pf_ut,8,99,170.963
pf_ut,8,100,147.924
pf_ut,8,101,188.194
pf_ut,8,102,182.25
pf_ut,8,103,115.997
pf_ut,8,104,151.677
pf_ut,8,105,34.9925
pf_ut,8,106,29.592
pf_ut,8,107,90.9619
pf_ut,8,108,91.0582
pf_ut,8,109,156.664
pf_ut,8,110,146.488
pf_ut,8,111,208.333
pf_ut,8,112,104.938
pf_ut,8,113,186.789
pf_ut,8,114,122.245
pf_ut,8,115,158.852
pf_ut,8,116,128.873
pf_ut,8,117,162.444
pf_ut,8,118,138.456
pf_ut,8,119,100.456
pf_ut,8,120,266.338
pf_ut,8,121,130.894
pf_ut,8,122,96.0802
pf_ut,8,123,96.8114
pf_ut,8,124,189.506
pf_ut,8,125,170.013
pf_ut,8,126,190.982
pf_ut,8,127,218.024
pf_ut,8,128,93.1073
pf_ut,8,129,47.8338
pf_ut,8,130,104.16
pf_ut,8,131,144.125
pf_ut,8,132,218.649
pf_ut,8,133,215.472
pf_ut,8,134,207.745
pf_ut,8,135,219.692
pf_ut,8,136,231.27
pf_ut,8,137,135.553
pf_ut,8,138,168.303
pf_ut,8,139,80.2402
pf_ut,8,140,58.3025
pf_ut,8,141,198.524
pf_ut,8,142,39.1735
pf_ut,8,143,147.478
pf_ut,8,144,118.964
pf_ut,8,145,148.695
pf_ut,8,146,226.552
pf_ut,8,147,222.745
pf_ut,8,148,31.407
pf_ut,8,149,191.673
copf_ut,8,0,163.206
copf_ut,8,1,418.001
copf_ut,8,2,340.212
copf_ut,8,3,284.24
copf_ut,8,4,196.492
copf_ut,8,5,410.249
copf_ut,8,6,287.888
copf_ut,8,7,208.017
copf_ut,8,8,357.951
copf_ut,8,9,280.832
copf_ut,8,10,217.943
copf_ut,8,11,377.282
copf_ut,8,12,281.278
copf_ut,8,13,189.425
copf_ut,8,14,384.712
copf_ut,8,15,299.664
copf_ut,8,16,233.733
copf_ut,8,17,409.543
copf_ut,8,18,325.275
copf_ut,8,19,253.164
copf_ut,8,20,359.864
copf_ut,8,21,261.055
copf_ut,8,22,160.509
copf_ut,8,23,320.842
copf_ut,8,24,180.523
copf_ut,8,25,301.25
copf_ut,8,26,214.833
copf_ut,8,27,331.645
copf_ut,8,28,243.361
copf_ut,8,29,336.094
copf_ut,8,30,246.963
copf_ut,8,31,381.535
copf_ut,8,32,294.302
copf_ut,8,33,232.901
copf_ut,8,34,352.491
copf_ut,8,35,266.529
copf_ut,8,36,200.388
copf_ut,8,37,423.156
copf_ut,8,38,282.553
copf_ut,8,39,193.42
copf_ut,8,40,357.944
copf_ut,8,41,238.812
copf_ut,8,42,359.638
copf_ut,8,43,200.43
copf_ut,8,44,312.258
copf_ut,8,45,191.114
copf_ut,8,46,333.65
copf_ut,8,47,242.845
copf_ut,8,48,391.813
copf_ut,8,49,297.812
copf_ut,8,50,221.814
copf_ut,8,51,283.833
copf_ut,8,52,198.817
copf_ut,8,53,315.748
copf_ut,8,54,239.655
copf_ut,8,55,301.905
copf_ut,8,56,190.109
copf_ut,8,57,341.843
copf_ut,8,58,246.341
copf_ut,8,59,355.019
copf_ut,8,60,222.497
copf_ut,8,61,283.426
copf_ut,8,62,159.197
copf_ut,8,63,297.666
copf_ut,8,64,183.854
copf_ut,8,65,298.585
copf_ut,8,66,119.984
copf_ut,8,67,235.554
copf_ut,8,68,260.946
copf_ut,8,69,135.832
copf_ut,8,70,211.181
copf_ut,8,71,179.79
copf_ut,8,72,234.813
copf_ut,8,73,220.004
copf_ut,8,74,222.989
copf_ut,8,75,267.524
copf_ut,8,76,153.61
copf_ut,8,77,309.42
copf_ut,8,78,225.048
copf_ut,8,79,368.732
copf_ut,8,80,268.96
copf_ut,8,81,171.401
copf_ut,8,82,346.435
copf_ut,8,83,218.312
copf_ut,8,84,358.542
copf_ut,8,85,220.731
copf_ut,8,86,296.993
copf_ut,8,87,118.357
copf_ut,8,88,261.111
copf_ut,8,89,112.948
copf_ut,8,90,203.232
copf_ut,8,91,241.611
copf_ut,8,92,238.199
copf_ut,8,93,272.003
copf_ut,8,94,148.619
copf_ut,8,95,300.883
copf_ut,8,96,177.576
copf_ut,8,97,277.574
copf_ut,8,98,171.932
copf_ut,8,99,340.71
copf_ut,8,100,226.95
copf_ut,8,101,361.771
copf_ut,8,102,238.02
copf_ut,8,103,336.964
copf_ut,8,104,237.271
copf_ut,8,105,271.374
copf_ut,8,106,215.879
copf_ut,8,107,317.377
copf_ut,8,108,222.782
copf_ut,8,109,375.057
copf_ut,8,110,278.933
copf_ut,8,111,211.5
copf_ut,8,112,343.976
copf_ut,8,113,249.757
copf_ut,8,114,351.16
copf_ut,8,115,239.03
copf_ut,8,116,362.161
copf_ut,8,117,266.724
copf_ut,8,118,212.446
copf_ut,8,119,370.118
copf_ut,8,120,310.218
copf_ut,8,121,244.697
copf_ut,8,122,343.371
copf_ut,8,123,219.406
copf_ut,8,124,378.332
copf_ut,8,125,289.508
copf_ut,8,126,214.031
copf_ut,8,127,378.926
copf_ut,8,128,297.924
copf_ut,8,129,194.209
copf_ut,8,130,347.074
copf_ut,8,131,274.148
copf_ut,8,132,224.956
copf_ut,8,133,393.525
copf_ut,8,134,308.462
copf_ut,8,135,240.741
copf_ut,8,136,413.932
copf_ut,8,137,291.857
copf_ut,8,138,192.014
copf_ut,8,139,361.791
copf_ut,8,140,242.208
copf_ut,8,141,364.665
copf_ut,8,142,280.276
copf_ut,8,143,210.909
copf_ut,8,144,372.082
copf_ut,8,145,285.894
copf_ut,8,146,236.6
copf_ut,8,147,417.235
copf_ut,8,148,261.078
copf_ut,8,149,196.377
pf_ut,9,0,83.4077
pf_ut,9,1,221.928
pf_ut,9,2,217.113
pf_ut,9,3,238.229
pf_ut,9,4,77.9686
pf_ut,9,5,220.259
pf_ut,9,6,70.2319
pf_ut,9,7,195.802
pf_ut,9,8,147.971
pf_ut,9,9,129.469
pf_ut,9,10,190.096
pf_ut,9,11,153.815
pf_ut,9,12,200.868
pf_ut,9,13,147.84
pf_ut,9,14,207.704
pf_ut,9,15,59.0038
pf_ut,9,16,227.949
pf_ut,9,17,209.137
pf_ut,9,18,144.219
pf_ut,9,19,178.414
pf_ut,9,20,136.238
pf_ut,9,21,173.394
pf_ut,9,22,27.6847
pf_ut,9,23,127.318
pf_ut,9,24,65.453
pf_ut,9,25,124.206
pf_ut,9,26,99.983
pf_ut,9,27,125.506
pf_ut,9,28,47.1999
pf_ut,9,29,116.074
pf_ut,9,30,163.227
pf_ut,9,31,152.429
pf_ut,9,32,182.024
pf_ut,9,33,211.182
pf_ut,9,34,77.0043
pf_ut,9,35,118.965
pf_ut,9,36,222.011
pf_ut,9,37,241.049
pf_ut,9,38,77.3733
pf_ut,9,39,124.058
pf_ut,9,40,192.516
pf_ut,9,41,163.17
pf_ut,9,42,135.07
pf_ut,9,43,7.8654
pf_ut,9,44,149.474
pf_ut,9,45,158.75
pf_ut,9,46,168.117
pf_ut,9,47,18.3907
pf_ut,9,48,158.611
pf_ut,9,49,211.291
pf_ut,9,50,166.8
pf_ut,9,51,24.5414
pf_ut,9,52,186.49
pf_ut,9,53,33.3348
pf_ut,9,54,165.277
pf_ut,9,55,61.9671
pf_ut,9,56,108.623
pf_ut,9,57,159.376
pf_ut,9,58,111.453
pf_ut,9,59,118.677
pf_ut,9,60,40.8264
pf_ut,9,61,76.0312
pf_ut,9,62,84.3203
pf_ut,9,63,120.798
pf_ut,9,64,54.6457
pf_ut,9,65,77.2113
pf_ut,9,66,5.25277
pf_ut,9,67,113.689
pf_ut,9,68,111.731
pf_ut,9,69,145.822
pf_ut,9,70,9.11552
pf_ut,9,71,26.1433
pf_ut,9,72,88.4516
pf_ut,9,73,79.0775
pf_ut,9,74,101.347
pf_ut,9,75,125.725
pf_ut,9,76,31.7853
pf_ut,9,77,37.958
pf_ut,9,78,118.423
pf_ut,9,79,102.048
pf_ut,9,80,166.861
pf_ut,9,81,137.572
pf_ut,9,82,149.894
pf_ut,9,83,179.279
pf_ut,9,84,151.39
pf_ut,9,85,68.0198
pf_ut,9,86,88.4069
pf_ut,9,87,1.01434
pf_ut,9,88,120.743
pf_ut,9,89,64.8397
pf_ut,9,90,71.0358
pf_ut,9,91,107.797
pf_ut,9,92,111.683
pf_ut,9,93,85.8807
pf_ut,9,94,129.463
pf_ut,9,95,53.8309
pf_ut,9,96,151.989
pf_ut,9,97,94.3396
pf_ut,9,98,127.025
pf_ut,9,99,166.931
pf_ut,9,100,151.08
pf_ut,9,101,168.901
pf_ut,9,102,178.442
pf_ut,9,103,121.571
pf_ut,9,104,142.234
pf_ut,9,105,30.4633
pf_ut,9,106,30.1399
pf_ut,9,107,102.935
pf_ut,9,108,87.7919
pf_ut,9,109,175.874
pf_ut,9,110,150.496
pf_ut,9,111,216.61
pf_ut,9,112,105.805
pf_ut,9,113,194.441
pf_ut,9,114,114.878
pf_ut,9,115,161.306
pf_ut,9,116,118.566
pf_ut,9,117,144.119
pf_ut,9,118,133.567
pf_ut,9,119,96.6225
pf_ut,9,120,262.194
pf_ut,9,121,124.035
pf_ut,9,122,110.724
pf_ut,9,123,98.818
pf_ut,9,124,202.42
pf_ut,9,125,205.08
pf_ut,9,126,194.009
pf_ut,9,127,197.859
pf_ut,9,128,91.3479
pf_ut,9,129,32.834
pf_ut,9,130,81.22
pf_ut,9,131,138.496
pf_ut,9,132,242.206
pf_ut,9,133,197.255
pf_ut,9,134,242.794
pf_ut,9,135,221.927
pf_ut,9,136,214.519
pf_ut,9,137,158.168
pf_ut,9,138,134.012
pf_ut,9,139,90.1859
pf_ut,9,140,62.5855
pf_ut,9,141,205.281
pf_ut,9,142,27.5401
pf_ut,9,143,151.804
pf_ut,9,144,119.69
pf_ut,9,145,129.345
pf_ut,9,146,225.43
pf_ut,9,147,242.548
pf_ut,9,148,31.3541
pf_ut,9,149,194.745
copf_ut,9,0,171.782
copf_ut,9,1,401.817
copf_ut,9,2,323.31
copf_ut,9,3,262.214
copf_ut,9,4,173.78
copf_ut,9,5,416.892
copf_ut,9,6,290.243
copf_ut,9,7,222.437
copf_ut,9,8,355.01
copf_ut,9,9,270.542
copf_ut,9,10,201.603
copf_ut,9,11,377.62
copf_ut,9,12,276.886
copf_ut,9,13,201.048
copf_ut,9,14,377.825
copf_ut,9,15,296.163
copf_ut,9,16,232.108
copf_ut,9,17,404.235
copf_ut,9,18,319.704
copf_ut,9,19,250.548
copf_ut,9,20,359.78
copf_ut,9,21,254.332
copf_ut,9,22,281.686
copf_ut,9,23,154.547
copf_ut,9,24,289.175
copf_ut,9,25,177.382
copf_ut,9,26,336.36
copf_ut,9,27,204.734
copf_ut,9,28,311.798
copf_ut,9,29,210.692
copf_ut,9,30,375.5
copf_ut,9,31,280.817
copf_ut,9,32,220.299
copf_ut,9,33,388.078
copf_ut,9,34,306.697
copf_ut,9,35,230.02
copf_ut,9,36,426.43
copf_ut,9,37,337.478
copf_ut,9,38,229.319
copf_ut,9,39,344.024
copf_ut,9,40,231.808
copf_ut,9,41,369.483
copf_ut,9,42,272.093
copf_ut,9,43,153.747
copf_ut,9,44,306.363
copf_ut,9,45,182.714
copf_ut,9,46,337.759
copf_ut,9,47,249.582
copf_ut,9,48,386.747
copf_ut,9,49,300.591
copf_ut,9,50,223.261
copf_ut,9,51,287.835
copf_ut,9,52,197.565
copf_ut,9,53,338.925
copf_ut,9,54,250.721
copf_ut,9,55,310.027
copf_ut,9,56,191.383
copf_ut,9,57,338.076
copf_ut,9,58,236.952
copf_ut,9,59,355.619
copf_ut,9,60,225.297
copf_ut,9,61,310.538
copf_ut,9,62,173.916
copf_ut,9,63,291.505
copf_ut,9,64,171.992
copf_ut,9,65,290.892
copf_ut,9,66,117.073
copf_ut,9,67,244.01
copf_ut,9,68,247.29
copf_ut,9,69,264.488
copf_ut,9,70,124.315
copf_ut,9,71,193.302
copf_ut,9,72,237.757
copf_ut,9,73,216.577
copf_ut,9,74,213.021
copf_ut,9,75,244.91
copf_ut,9,76,268.525
copf_ut,9,77,171.836
copf_ut,9,78,353.469
copf_ut,9,79,262.526
copf_ut,9,80,192.12
copf_ut,9,81,344.077
copf_ut,9,82,228.069
copf_ut,9,83,337.856
copf_ut,9,84,233.227
copf_ut,9,85,284.367
copf_ut,9,86,152.948
copf_ut,9,87,157.77
copf_ut,9,88,237.469
copf_ut,9,89,223.439
copf_ut,9,90,219.926
copf_ut,9,91,224.528
copf_ut,9,92,263.391
copf_ut,9,93,140.783
copf_ut,9,94,276.625
copf_ut,9,95,169.479
copf_ut,9,96,323.624
copf_ut,9,97,178.934
copf_ut,9,98,332.113
copf_ut,9,99,220.666
copf_ut,9,100,337.037
copf_ut,9,101,218.841
copf_ut,9,102,356.205
copf_ut,9,103,230.958
copf_ut,9,104,358.331
copf_ut,9,105,216.85
copf_ut,9,106,329.504
copf_ut,9,107,218.588
copf_ut,9,108,333.031
copf_ut,9,109,239.269
copf_ut,9,110,374.943
copf_ut,9,111,281.624
copf_ut,9,112,182.443
copf_ut,9,113,379.318
copf_ut,9,114,243.813
copf_ut,9,115,340.105
copf_ut,9,116,254.445
copf_ut,9,117,380.731
copf_ut,9,118,295.543
copf_ut,9,119,232.112
copf_ut,9,120,426.569
copf_ut,9,121,347.358
copf_ut,9,122,247.735
copf_ut,9,123,335.85
copf_ut,9,124,246.148
copf_ut,9,125,360.745
copf_ut,9,126,260.01
copf_ut,9,127,184.194
copf_ut,9,128,361.294
copf_ut,9,129,234.862
copf_ut,9,130,380.035
copf_ut,9,131,284.495
copf_ut,9,132,217.197
copf_ut,9,133,400.064
copf_ut,9,134,300.628
copf_ut,9,135,237.515
copf_ut,9,136,401.48
copf_ut,9,137,287.73
copf_ut,9,138,198.869
copf_ut,9,139,363.78
copf_ut,9,140,251.519
copf_ut,9,141,363.61
copf_ut,9,142,279.592
copf_ut,9,143,201.931
copf_ut,9,144,379.077
copf_ut,9,145,304.351
copf_ut,9,146,249.009
copf_ut,9,147,421.161
copf_ut,9,148,278.543
copf_ut,9,149,200.712
pf_ut,10,0,82.1661
pf_ut,10,1,229.456
pf_ut,10,2,210.619
pf_ut,10,3,246.312
pf_ut,10,4,69.7792
pf_ut,10,5,213.214
pf_ut,10,6,82.978
pf_ut,10,7,198.768
pf_ut,10,8,136.145
pf_ut,10,9,107.113
pf_ut,10,10,186.488
pf_ut,10,11,156.767
pf_ut,10,12,200.15
pf_ut,10,13,137.774
pf_ut,10,14,207.399
pf_ut,10,15,57.4396
pf_ut,10,16,214.162
pf_ut,10,17,219.885
pf_ut,10,18,138.326
pf_ut,10,19,175.011
pf_ut,10,20,145.688
pf_ut,10,21,191.729
pf_ut,10,22,32.5736
pf_ut,10,23,128.416
pf_ut,10,24,61.7809
pf_ut,10,25,104.975
pf_ut,10,26,87.6043
pf_ut,10,27,139.924
pf_ut,10,28,45.8564
pf_ut,10,29,96.8941
pf_ut,10,30,163.597
pf_ut,10,31,167.164
pf_ut,10,32,206.105
pf_ut,10,33,225.139
pf_ut,10,34,46.6371
pf_ut,10,35,152.021
pf_ut,10,36,229.601
pf_ut,10,37,223.579
pf_ut,10,38,70.9447
pf_ut,10,39,115.749
pf_ut,10,40,161.21
pf_ut,10,41,167.284
pf_ut,10,42,159.425
pf_ut,10,43,9.2675
pf_ut,10,44,139.274
pf_ut,10,45,145.909
pf_ut,10,46,164.327
pf_ut,10,47,16.0699
pf_ut,10,48,132.366
pf_ut,10,49,207.633
pf_ut,10,50,145.084
pf_ut,10,51,38.895
pf_ut,10,52,175.43
pf_ut,10,53,37.1695
pf_ut,10,54,191.976
pf_ut,10,55,66.3732
pf_ut,10,56,105.097
pf_ut,10,57,176.601
pf_ut,10,58,128.522
pf_ut,10,59,115.407
pf_ut,10,60,27.7464
pf_ut,10,61,53.824
pf_ut,10,62,115.549
pf_ut,10,63,119.252
pf_ut,10,64,44.472
pf_ut,10,65,77.7938
pf_ut,10,66,6.10175
pf_ut,10,67,124.275
pf_ut,10,68,118.939
pf_ut,10,69,111.834
pf_ut,10,70,8.56144
pf_ut,10,71,33.9338
pf_ut,10,72,89.8443
pf_ut,10,73,81.0046
pf_ut,10,74,103.032
pf_ut,10,75,114.531
pf_ut,10,76,25.7168
pf_ut,10,77,37.6513
pf_ut,10,78,124.101
pf_ut,10,79,111.743
pf_ut,10,80,169.245
pf_ut,10,81,129.456
pf_ut,10,82,140.319
pf_ut,10,83,166.181
pf_ut,10,84,157.501
pf_ut,10,85,62.3364
pf_ut,10,86,79.5356
pf_ut,10,87,1.00016
pf_ut,10,88,86.2279
pf_ut,10,89,72.7539
pf_ut,10,90,80.907
pf_ut,10,91,102.901
pf_ut,10,92,98.0412
pf_ut,10,93,84.5572
pf_ut,10,94,122.552
pf_ut,10,95,58.8936
pf_ut,10,96,149.13
pf_ut,10,97,105.412
pf_ut,10,98,115.8
pf_ut,10,99,162.553
pf_ut,10,100,148.758
pf_ut,10,101,185.874
pf_ut,10,102,168.068
pf_ut,10,103,143.954
pf_ut,10,104,142.463
pf_ut,10,105,33.1155
pf_ut,10,106,32.4263
pf_ut,10,107,108.68
pf_ut,10,108,83.85
pf_ut,10,109,169.24
pf_ut,10,110,144.902
pf_ut,10,111,213.635
pf_ut,10,112,113.378
pf_ut,10,113,199.547
pf_ut,10,114,120.54
pf_ut,10,115,168.597
pf_ut,10,116,122.856
pf_ut,10,117,167.349
pf_ut,10,118,143.229
pf_ut,10,119,102.243
pf_ut,10,120,242.923
pf_ut,10,121,261.016
pf_ut,10,122,56.0846
pf_ut,10,123,86.3549
pf_ut,10,124,175.815
pf_ut,10,125,187.139
pf_ut,10,126,203.622
pf_ut,10,127,207.039
pf_ut,10,128,92.5533
pf_ut,10,129,32.6368
pf_ut,10,130,112.515
pf_ut,10,131,123.312
pf_ut,10,132,227.701
pf_ut,10,133,202.446
pf_ut,10,134,228.759
pf_ut,10,135,214.342
pf_ut,10,136,220.149
pf_ut,10,137,148.178
pf_ut,10,138,158.532
pf_ut,10,139,96.8711
pf_ut,10,140,63.7886
pf_ut,10,141,207.076
pf_ut,10,142,35.262
pf_ut,10,143,165.94
pf_ut,10,144,110.875
pf_ut,10,145,134.424
pf_ut,10,146,221.072
pf_ut,10,147,232.091
pf_ut,10,148,22.9596
pf_ut,10,149,171.3
copf_ut,10,0,146.709
copf_ut,10,1,417.147
copf_ut,10,2,339.328
copf_ut,10,3,277.455
copf_ut,10,4,199.531
copf_ut,10,5,417.512
copf_ut,10,6,282.891
copf_ut,10,7,224.795
copf_ut,10,8,373.419
copf_ut,10,9,297.634
copf_ut,10,10,241.269
copf_ut,10,11,384.71
copf_ut,10,12,288.51
copf_ut,10,13,209.716
copf_ut,10,14,364.042
copf_ut,10,15,274.493
copf_ut,10,16,211.101
copf_ut,10,17,405.36
copf_ut,10,18,319.852
copf_ut,10,19,254.296
copf_ut,10,20,357.96
copf_ut,10,21,248.916
copf_ut,10,22,261.675
copf_ut,10,23,173.718
copf_ut,10,24,276.882
copf_ut,10,25,169.883
copf_ut,10,26,343.663
copf_ut,10,27,213.814
copf_ut,10,28,320.875
copf_ut,10,29,233.85
copf_ut,10,30,359.519
copf_ut,10,31,277.002
copf_ut,10,32,215.105
copf_ut,10,33,403.267
copf_ut,10,34,312.65
copf_ut,10,35,229.231
copf_ut,10,36,412.362
copf_ut,10,37,328.573
copf_ut,10,38,215.708
copf_ut,10,39,351.365
copf_ut,10,40,251.229
copf_ut,10,41,357.933
copf_ut,10,42,249.527
copf_ut,10,43,220.548
copf_ut,10,44,311.562
copf_ut,10,45,192.47
copf_ut,10,46,325.193
copf_ut,10,47,251.064
copf_ut,10,48,387.841
copf_ut,10,49,298.807
copf_ut,10,50,217.857
copf_ut,10,51,260.88
copf_ut,10,52,170.386
copf_ut,10,53,330.939
copf_ut,10,54,236.597
copf_ut,10,55,299.246
copf_ut,10,56,185.208
copf_ut,10,57,324.043
copf_ut,10,58,226.924
copf_ut,10,59,366.32
copf_ut,10,60,232.682
copf_ut,10,61,293.399
copf_ut,10,62,155.377
copf_ut,10,63,278.946
copf_ut,10,64,168.481
copf_ut,10,65,289.745
copf_ut,10,66,130.716
copf_ut,10,67,228.282
copf_ut,10,68,248.58
copf_ut,10,69,280.92
copf_ut,10,70,119.702
copf_ut,10,71,193.237
copf_ut,10,72,226.952
copf_ut,10,73,216.536
copf_ut,10,74,228.631
copf_ut,10,75,245.243
copf_ut,10,76,286.37
copf_ut,10,77,191.179
copf_ut,10,78,332.207
copf_ut,10,79,242.959
copf_ut,10,80,364.334
copf_ut,10,81,242.228
copf_ut,10,82,341.816
copf_ut,10,83,216.361
copf_ut,10,84,353.39
copf_ut,10,85,213.207
copf_ut,10,86,280.844
copf_ut,10,87,116.268
copf_ut,10,88,244.313
copf_ut,10,89,232.51
copf_ut,10,90,229.933
copf_ut,10,91,219.697
copf_ut,10,92,250.995
copf_ut,10,93,268.489
copf_ut,10,94,140.97
copf_ut,10,95,310.365
copf_ut,10,96,185.294
copf_ut,10,97,284.916
copf_ut,10,98,186.051
copf_ut,10,99,331.32
copf_ut,10,100,214.437
copf_ut,10,101,355.897
copf_ut,10,102,249.335
copf_ut,10,103,323.841
copf_ut,10,104,231.077
copf_ut,10,105,266.57
copf_ut,10,106,187.096
copf_ut,10,107,325.374
copf_ut,10,108,233.151
copf_ut,10,109,361.643
copf_ut,10,110,273.618
copf_ut,10,111,200.9
copf_ut,10,112,354.66
copf_ut,10,113,241.082
copf_ut,10,114,341.672
copf_ut,10,115,227.363
copf_ut,10,116,363.052
copf_ut,10,117,283.761
copf_ut,10,118,216.203
copf_ut,10,119,384.825
copf_ut,10,120,314.933
copf_ut,10,121,260.587
copf_ut,10,122,186.556
copf_ut,10,123,339.959
copf_ut,10,124,247.443
copf_ut,10,125,358.877
copf_ut,10,126,261.827
copf_ut,10,127,195.995
copf_ut,10,128,365.516
copf_ut,10,129,243.071
copf_ut,10,130,365.032
copf_ut,10,131,288.798
copf_ut,10,132,223.599
copf_ut,10,133,401.624
copf_ut,10,134,314.373
copf_ut,10,135,247.679
copf_ut,10,136,409.617
copf_ut,10,137,291.817
copf_ut,10,138,219.359
copf_ut,10,139,355.475
copf_ut,10,140,232.047
copf_ut,10,141,361.607
copf_ut,10,142,286.257
copf_ut,10,143,206.468
copf_ut,10,144,389.377
copf_ut,10,145,300.792
copf_ut,10,146,234.312
copf_ut,10,147,426.572
copf_ut,10,148,280.169
copf_ut,10,149,208.25
pf_ut,11,0,81.0637
pf_ut,11,1,222.397
pf_ut,11,2,186.387
pf_ut,11,3,250.745
pf_ut,11,4,77.8969
pf_ut,11,5,223.828
pf_ut,11,6,53.7669
pf_ut,11,7,187.527
pf_ut,11,8,153.565
pf_ut,11,9,110.69
pf_ut,11,10,201.85
pf_ut,11,11,162.493
pf_ut,11,12,215.429
pf_ut,11,13,135.781
pf_ut,11,14,191.49
pf_ut,11,15,67.4863
pf_ut,11,16,236.35
pf_ut,11,17,230.221
pf_ut,11,18,146.928
pf_ut,11,19,164.861
pf_ut,11,20,138.195
pf_ut,11,21,193.34
pf_ut,11,22,28.5454
pf_ut,11,23,122.852
pf_ut,11,24,64.2534
pf_ut,11,25,114.031
pf_ut,11,26,101.654
pf_ut,11,27,126.451
pf_ut,11,28,38.4026
pf_ut,11,29,111.622
pf_ut,11,30,157.198
pf_ut,11,31,163.978
pf_ut,11,32,185.739
pf_ut,11,33,216.585
pf_ut,11,34,56.4566
pf_ut,11,35,126.689
pf_ut,11,36,217.61
pf_ut,11,37,236.17
pf_ut,11,38,53.9159
pf_ut,11,39,127.791
pf_ut,11,40,183.711
pf_ut,11,41,160.099
pf_ut,11,42,144.374
pf_ut,11,43,6.27197
pf_ut,11,44,150.778
pf_ut,11,45,164.691
pf_ut,11,46,175.898
pf_ut,11,47,18.6784
pf_ut,11,48,153.845
pf_ut,11,49,218.149
pf_ut,11,50,163.187
pf_ut,11,51,21.3147
pf_ut,11,52,192.838
pf_ut,11,53,38.5286
pf_ut,11,54,206.216
pf_ut,11,55,61.5055
pf_ut,11,56,124.574
pf_ut,11,57,168.37
pf_ut,11,58,124.667
pf_ut,11,59,121.699
pf_ut,11,60,29.6849
pf_ut,11,61,69.3513
pf_ut,11,62,116.844
pf_ut,11,63,111.979
pf_ut,11,64,54.0388
pf_ut,11,65,74.5016
pf_ut,11,66,3.91324
pf_ut,11,67,117.871
pf_ut,11,68,119.102
pf_ut,11,69,120.324
pf_ut,11,70,7.08751
pf_ut,11,71,26.1048
pf_ut,11,72,92.7931
pf_ut,11,73,61.8139
pf_ut,11,74,118.102
pf_ut,11,75,115.565
pf_ut,11,76,29.5454
pf_ut,11,77,36.5668
pf_ut,11,78,131.575
pf_ut,11,79,126.762
pf_ut,11,80,165.353
pf_ut,11,81,127.678
pf_ut,11,82,124.425
pf_ut,11,83,151.803
pf_ut,11,84,146.562
pf_ut,11,85,63.4972
pf_ut,11,86,63.6398
pf_ut,11,87,1.00198
pf_ut,11,88,119.3
pf_ut,11,89,72.7949
pf_ut,11,90,82.1559
pf_ut,11,91,105.675
pf_ut,11,92,95.0302
pf_ut,11,93,91.0194
pf_ut,11,94,138.009
pf_ut,11,95,62.2537
pf_ut,11,96,163.788
pf_ut,11,97,102.348
pf_ut,11,98,108.477
pf_ut,11,99,164.255
pf_ut,11,100,151.882
pf_ut,11,101,173.566
pf_ut,11,102,185.278
pf_ut,11,103,129.85
pf_ut,11,104,129.407
pf_ut,11,105,29.5769
pf_ut,11,106,23.4024
pf_ut,11,107,92.6288
pf_ut,11,108,82.9815
pf_ut,11,109,174.48
pf_ut,11,110,143.097
pf_ut,11,111,211.402
pf_ut,11,112,125.787
pf_ut,11,113,184.782
pf_ut,11,114,128.577
pf_ut,11,115,186.009
pf_ut,11,116,134.446
pf_ut,11,117,161.798
pf_ut,11,118,146.685
pf_ut,11,119,96.228
pf_ut,11,120,254.627
pf_ut,11,121,253.465
pf_ut,11,122,119.869
pf_ut,11,123,94.6036
pf_ut,11,124,180.984
pf_ut,11,125,179.535
pf_ut,11,126,200.045
pf_ut,11,127,207.873
pf_ut,11,128,97.4659
pf_ut,11,129,46.4169
pf_ut,11,130,91.7062
pf_ut,11,131,135.275
pf_ut,11,132,226.636
pf_ut,11,133,210.23
pf_ut,11,134,226.131
pf_ut,11,135,213.819
pf_ut,11,136,221.517
pf_ut,11,137,143.012
pf_ut,11,138,146.22
pf_ut,11,139,70.5397
pf_ut,11,140,48.1079
pf_ut,11,141,191.288
pf_ut,11,142,30.2226
pf_ut,11,143,160.264
pf_ut,11,144,124.017
pf_ut,11,145,164.3
pf_ut,11,146,228.093
pf_ut,11,147,246.156
pf_ut,11,148,26.1054
pf_ut,11,149,173.765
copf_ut,11,0,164.302
copf_ut,11,1,420.76
copf_ut,11,2,340.914
copf_ut,11,3,277.118
copf_ut,11,4,196.835
copf_ut,11,5,405.957
copf_ut,11,6,287.294
copf_ut,11,7,218.158
copf_ut,11,8,369.021
copf_ut,11,9,282.265
copf_ut,11,10,224.552
copf_ut,11,11,371.734
copf_ut,11,12,279.634
copf_ut,11,13,193.528
copf_ut,11,14,361.928
copf_ut,11,15,275.56
copf_ut,11,16,219.788
copf_ut,11,17,413.042
copf_ut,11,18,336.545
copf_ut,11,19,259.208
copf_ut,11,20,187.216
copf_ut,11,21,388.578
copf_ut,11,22,235.791
copf_ut,11,23,336.166
copf_ut,11,24,197.489
copf_ut,11,25,334.864
copf_ut,11,26,222.352
copf_ut,11,27,318.426
copf_ut,11,28,238.992
copf_ut,11,29,340.184
copf_ut,11,30,238.235
copf_ut,11,31,383.656
copf_ut,11,32,288.539
copf_ut,11,33,218.042
copf_ut,11,34,344.924
copf_ut,11,35,253.665
copf_ut,11,36,407.457
copf_ut,11,37,315.732
copf_ut,11,38,210.677
copf_ut,11,39,353.025
copf_ut,11,40,252.677
copf_ut,11,41,351.641
copf_ut,11,42,260.34
copf_ut,11,43,143.988
copf_ut,11,44,309.709
copf_ut,11,45,188.633
copf_ut,11,46,351.545
copf_ut,11,47,260.183
copf_ut,11,48,205.224
copf_ut,11,49,392.362
copf_ut,11,50,284.376
copf_ut,11,51,175.144
copf_ut,11,52,357.825
copf_ut,11,53,265.332
copf_ut,11,54,200.91
copf_ut,11,55,315.075
copf_ut,11,56,200.511
copf_ut,11,57,334.069
copf_ut,11,58,227.462
copf_ut,11,59,350.474
copf_ut,11,60,226.38
copf_ut,11,61,276.733
copf_ut,11,62,147.104
copf_ut,11,63,284.346
copf_ut,11,64,181.53
copf_ut,11,65,284.608
copf_ut,11,66,127.733
copf_ut,11,67,246.847
copf_ut,11,68,246.514
copf_ut,11,69,278.289
copf_ut,11,70,119.882
copf_ut,11,71,186.746
copf_ut,11,72,216.702
copf_ut,11,73,215.655
copf_ut,11,74,228.967
copf_ut,11,75,234.662
copf_ut,11,76,282.425
copf_ut,11,77,187
copf_ut,11,78,345.925
copf_ut,11,79,247.659
copf_ut,11,80,368.245
copf_ut,11,81,242.717
copf_ut,11,82,338.376
copf_ut,11,83,226.708
copf_ut,11,84,351.064
copf_ut,11,85,214.713
copf_ut,11,86,283.98
copf_ut,11,87,124.315
copf_ut,11,88,239.717
copf_ut,11,89,219.971
copf_ut,11,90,210.939
copf_ut,11,91,221.619
copf_ut,11,92,248.244
copf_ut,11,93,272.379
copf_ut,11,94,136.507
copf_ut,11,95,304.481
copf_ut,11,96,185.808
copf_ut,11,97,295.683
copf_ut,11,98,175.55
copf_ut,11,99,335.453
copf_ut,11,100,224.188
copf_ut,11,101,361.874
copf_ut,11,102,246.812
copf_ut,11,103,343.473
copf_ut,11,104,242.18
copf_ut,11,105,274.061
copf_ut,11,106,207.428
copf_ut,11,107,322.449
copf_ut,11,108,223.803
copf_ut,11,109,372.229
copf_ut,11,110,281.285
copf_ut,11,111,200.844
copf_ut,11,112,345.093
copf_ut,11,113,243.259
copf_ut,11,114,348.625
copf_ut,11,115,240.11
copf_ut,11,116,367.659
copf_ut,11,117,276.635
copf_ut,11,118,219.454
copf_ut,11,119,369.01
copf_ut,11,120,300.483
copf_ut,11,121,244.719
copf_ut,11,122,344.38
copf_ut,11,123,236.249
copf_ut,11,124,372.897
copf_ut,11,125,268.034
copf_ut,11,126,201.311
copf_ut,11,127,394.757
copf_ut,11,128,298.545
copf_ut,11,129,189.832
copf_ut,11,130,362.524
copf_ut,11,131,284.978
copf_ut,11,132,218.661
copf_ut,11,133,407.057
copf_ut,11,134,314.694
copf_ut,11,135,247.632
copf_ut,11,136,400.096
copf_ut,11,137,287.522
copf_ut,11,138,197.621
copf_ut,11,139,364.886
copf_ut,11,140,238.473
copf_ut,11,141,380.31
copf_ut,11,142,288.258
copf_ut,11,143,212.454
copf_ut,11,144,377.149
copf_ut,11,145,289.392
copf_ut,11,146,227.783
copf_ut,11,147,423.052
copf_ut,11,148,284.818
copf_ut,11,149,210.925
pf_ut,12,0,84.9214
pf_ut,12,1,212.058
pf_ut,12,2,181.744
pf_ut,12,3,253.153
pf_ut,12,4,68.5081
pf_ut,12,5,201.802
pf_ut,12,6,64.7177
pf_ut,12,7,199.247
pf_ut,12,8,144.828
pf_ut,12,9,127.32
pf_ut,12,10,184.65
pf_ut,12,11,146.498
pf_ut,12,12,187.517
pf_ut,12,13,134.78
pf_ut,12,14,189.559
pf_ut,12,15,54.3704
pf_ut,12,16,237.091
pf_ut,12,17,191.292
pf_ut,12,18,137.556
pf_ut,12,19,168.817
pf_ut,12,20,133.042
pf_ut,12,21,180.901
pf_ut,12,22,25.1124
pf_ut,12,23,112.215
pf_ut,12,24,60.193
pf_ut,12,25,133.857
pf_ut,12,26,108.047
pf_ut,12,27,139.289
pf_ut,12,28,36.5058
pf_ut,12,29,134.243
pf_ut,12,30,179.967
pf_ut,12,31,168.858
pf_ut,12,32,198.322
pf_ut,12,33,203.312
pf_ut,12,34,64.6114
pf_ut,12,35,137.958
pf_ut,12,36,227.891
pf_ut,12,37,227.686
pf_ut,12,38,51.8153
pf_ut,12,39,126.632
pf_ut,12,40,192.306
pf_ut,12,41,154.951
pf_ut,12,42,158.049
pf_ut,12,43,6.71734
pf_ut,12,44,160.385
pf_ut,12,45,147.688
pf_ut,12,46,144.023
pf_ut,12,47,16.3504
pf_ut,12,48,134.127
pf_ut,12,49,226.043
pf_ut,12,50,171.445
pf_ut,12,51,32.2163
pf_ut,12,52,177.324
pf_ut,12,53,43.2021
pf_ut,12,54,203.09
pf_ut,12,55,56.2039
pf_ut,12,56,104.058
pf_ut,12,57,166.709
pf_ut,12,58,122.547
pf_ut,12,59,106.286
pf_ut,12,60,34.4735
pf_ut,12,61,65.612
pf_ut,12,62,97.3588
pf_ut,12,63,106.79
pf_ut,12,64,46.7682
pf_ut,12,65,92.2279
pf_ut,12,66,3.07181
pf_ut,12,67,133.704
pf_ut,12,68,122.184
pf_ut,12,69,123.124
pf_ut,12,70,7.78406
pf_ut,12,71,34.8176
pf_ut,12,72,83.9088
pf_ut,12,73,71.2824
pf_ut,12,74,90.882
pf_ut,12,75,113.051
pf_ut,12,76,30.0976
pf_ut,12,77,41.4376
pf_ut,12,78,122.401
pf_ut,12,79,114.735
pf_ut,12,80,162.724
pf_ut,12,81,127.445
pf_ut,12,82,136.91
pf_ut,12,83,178.328
pf_ut,12,84,159.389
pf_ut,12,85,67.9312
pf_ut,12,86,79.9752
pf_ut,12,87,1.0001
pf_ut,12,88,102.87
pf_ut,12,89,72.735
pf_ut,12,90,78.0765
pf_ut,12,91,100.589
pf_ut,12,92,101.764
pf_ut,12,93,102.14
pf_ut,12,94,126.191
pf_ut,12,95,49.749
pf_ut,12,96,154.849
pf_ut,12,97,108.759
pf_ut,12,98,126.531
pf_ut,12,99,161.04
pf_ut,12,100,158.301
pf_ut,12,101,180.076
pf_ut,12,102,185.322
pf_ut,12,103,120.777
pf_ut,12,104,124.538
pf_ut,12,105,34.9578
pf_ut,12,106,31.5105
pf_ut,12,107,105.9
pf_ut,12,108,79.9522
pf_ut,12,109,171.743
pf_ut,12,110,141.359
pf_ut,12,111,212.634
pf_ut,12,112,107.163
pf_ut,12,113,191.379
pf_ut,12,114,121.729
pf_ut,12,115,187.619
pf_ut,12,116,113.549
pf_ut,12,117,143.234
pf_ut,12,118,156.256
pf_ut,12,119,99.7608
pf_ut,12,120,264.519
pf_ut,12,121,126.846
pf_ut,12,122,109.418
pf_ut,12,123,101.413
pf_ut,12,124,177.007
pf_ut,12,125,198.146
pf_ut,12,126,186.248
pf_ut,12,127,206.464
pf_ut,12,128,88.4656
pf_ut,12,129,37.6472
pf_ut,12,130,95.5691
pf_ut,12,131,143.623
pf_ut,12,132,220.98
pf_ut,12,133,197.716
pf_ut,12,134,218.535
pf_ut,12,135,219.314
pf_ut,12,136,218.901
pf_ut,12,137,146.075
pf_ut,12,138,151.428
pf_ut,12,139,93.4527
pf_ut,12,140,48.1382
pf_ut,12,141,210.77
pf_ut,12,142,29.3937
pf_ut,12,143,144.285
pf_ut,12,144,126.954
pf_ut,12,145,141.892
pf_ut,12,146,221.535
pf_ut,12,147,223.55
pf_ut,12,148,32.3086
pf_ut,12,149,204
copf_ut,12,0,187.107
copf_ut,12,1,420.413
copf_ut,12,2,343.88
copf_ut,12,3,283.084
copf_ut,12,4,192.398
copf_ut,12,5,400.833
copf_ut,12,6,264.544
copf_ut,12,7,200.254
copf_ut,12,8,356.081
copf_ut,12,9,268.436
copf_ut,12,10,210.191
copf_ut,12,11,370.529
copf_ut,12,12,257.12
copf_ut,12,13,180.646
copf_ut,12,14,375.09
copf_ut,12,15,291.245
copf_ut,12,16,225.42
copf_ut,12,17,395.24
copf_ut,12,18,316.731
copf_ut,12,19,238.793
copf_ut,12,20,353.05
copf_ut,12,21,245.851
copf_ut,12,22,277.226
copf_ut,12,23,191.22
copf_ut,12,24,275.604
copf_ut,12,25,173.59
copf_ut,12,26,343.396
copf_ut,12,27,219.373
copf_ut,12,28,326.449
copf_ut,12,29,227.414
copf_ut,12,30,380.378
copf_ut,12,31,285.037
copf_ut,12,32,215.781
copf_ut,12,33,396.895
copf_ut,12,34,302.208
copf_ut,12,35,220.635
copf_ut,12,36,408.063
copf_ut,12,37,320.075
copf_ut,12,38,216.365
copf_ut,12,39,357.274
copf_ut,12,40,251.71
copf_ut,12,41,348.583
copf_ut,12,42,259.636
copf_ut,12,43,144.664
copf_ut,12,44,326.214
copf_ut,12,45,214.787
copf_ut,12,46,349.194
copf_ut,12,47,247.62
copf_ut,12,48,389.96
copf_ut,12,49,297.647
copf_ut,12,50,222.293
copf_ut,12,51,288.028
copf_ut,12,52,193.288
copf_ut,12,53,335.834
copf_ut,12,54,229.488
copf_ut,12,55,306.922
copf_ut,12,56,184.9
copf_ut,12,57,335.613
copf_ut,12,58,232.646
copf_ut,12,59,360.502
copf_ut,12,60,220.851
copf_ut,12,61,286.195
copf_ut,12,62,157.51
copf_ut,12,63,294.253
copf_ut,12,64,190.648
copf_ut,12,65,269.254
copf_ut,12,66,136.54
copf_ut,12,67,238.008
copf_ut,12,68,251.484
copf_ut,12,69,281.132
copf_ut,12,70,119.515
copf_ut,12,71,196.184
copf_ut,12,72,229.238
copf_ut,12,73,222.059
copf_ut,12,74,233
copf_ut,12,75,245.856
copf_ut,12,76,288.643
copf_ut,12,77,188.072
copf_ut,12,78,353.814
copf_ut,12,79,267.934
copf_ut,12,80,191.681
copf_ut,12,81,348.095
copf_ut,12,82,237.605
copf_ut,12,83,337.965
copf_ut,12,84,235.218
copf_ut,12,85,293.979
copf_ut,12,86,176.86
copf_ut,12,87,162.266
copf_ut,12,88,235.259
copf_ut,12,89,226.885
copf_ut,12,90,227.684
copf_ut,12,91,218.135
copf_ut,12,92,242.037
copf_ut,12,93,264.809
copf_ut,12,94,143.379
copf_ut,12,95,309.716
copf_ut,12,96,197.648
copf_ut,12,97,290.204
copf_ut,12,98,181.453
copf_ut,12,99,330.535
copf_ut,12,100,220.741
copf_ut,12,101,347.311
copf_ut,12,102,239.967
copf_ut,12,103,335.312
copf_ut,12,104,220.689
copf_ut,12,105,256.083
copf_ut,12,106,190.313
copf_ut,12,107,319.91
copf_ut,12,108,234.094
copf_ut,12,109,369.005
copf_ut,12,110,269.833
copf_ut,12,111,207.357
copf_ut,12,112,353.469
copf_ut,12,113,256.547
copf_ut,12,114,171.346
copf_ut,12,115,368.562
copf_ut,12,116,272.988
copf_ut,12,117,202.453
copf_ut,12,118,386.831
copf_ut,12,119,300.076
copf_ut,12,120,234.972
copf_ut,12,121,431.234
copf_ut,12,122,313.726
copf_ut,12,123,214.157
copf_ut,12,124,376.506
copf_ut,12,125,266.22
copf_ut,12,126,191.993
copf_ut,12,127,379.519
copf_ut,12,128,293.029
copf_ut,12,129,192.4
copf_ut,12,130,359.025
copf_ut,12,131,276.984
copf_ut,12,132,218.513
copf_ut,12,133,399.072
copf_ut,12,134,307.356
copf_ut,12,135,240.857
copf_ut,12,136,409.962
copf_ut,12,137,287.325
copf_ut,12,138,202.412
copf_ut,12,139,363.758
copf_ut,12,140,240.474
copf_ut,12,141,375.746
copf_ut,12,142,295.752
copf_ut,12,143,215.413
copf_ut,12,144,376.993
copf_ut,12,145,298.167
copf_ut,12,146,237.75
copf_ut,12,147,415.829
copf_ut,12,148,275.679
copf_ut,12,149,208.968
pf_ut,13,0,81.3973
pf_ut,13,1,233.854
pf_ut,13,2,199.617
pf_ut,13,3,251.922
pf_ut,13,4,84.7993
pf_ut,13,5,218.177
pf_ut,13,6,71.1338
pf_ut,13,7,198.269
pf_ut,13,8,150.073
pf_ut,13,9,121.836
pf_ut,13,10,186.659
pf_ut,13,11,169.004
pf_ut,13,12,208.097
pf_ut,13,13,124.076
pf_ut,13,14,202.382
pf_ut,13,15,59.9899
pf_ut,13,16,227.638
pf_ut,13,17,230.721
pf_ut,13,18,142.412
pf_ut,13,19,171.737
pf_ut,13,20,151.672
pf_ut,13,21,189.518
pf_ut,13,22,28.7525
pf_ut,13,23,127.756
pf_ut,13,24,64.7255
pf_ut,13,25,112.621
pf_ut,13,26,106.13
pf_ut,13,27,134.321
pf_ut,13,28,48.2894
pf_ut,13,29,90.3174
pf_ut,13,30,182.109
pf_ut,13,31,170.513
pf_ut,13,32,169.181
pf_ut,13,33,222.125
pf_ut,13,34,70.5397
pf_ut,13,35,137.427
pf_ut,13,36,223.662
pf_ut,13,37,220.649
pf_ut,13,38,59.4175
pf_ut,13,39,108.522
pf_ut,13,40,183.852
pf_ut,13,41,147.793
pf_ut,13,42,162.276
pf_ut,13,43,9.12649
pf_ut,13,44,146.857
pf_ut,13,45,165.101
pf_ut,13,46,164.286
pf_ut,13,47,16.0276
pf_ut,13,48,127.83
pf_ut,13,49,234.444
pf_ut,13,50,165.423
pf_ut,13,51,29.7413
pf_ut,13,52,162.859
pf_ut,13,53,41.1184
pf_ut,13,54,163.424
pf_ut,13,55,59.4895
pf_ut,13,56,115.382
pf_ut,13,57,149.921
pf_ut,13,58,125.589
pf_ut,13,59,110.335
pf_ut,13,60,35.4123
pf_ut,13,61,66.9732
pf_ut,13,62,99.6141
pf_ut,13,63,108.19
pf_ut,13,64,51.4244
pf_ut,13,65,88.6194
pf_ut,13,66,6.26567
pf_ut,13,67,121.037
pf_ut,13,68,123.758
pf_ut,13,69,121.372
pf_ut,13,70,7.87069
pf_ut,13,71,33.7913
pf_ut,13,72,90.2627
pf_ut,13,73,71.0456
pf_ut,13,74,117.712
pf_ut,13,75,110.594
pf_ut,13,76,35.9431
pf_ut,13,77,34.8736
pf_ut,13,78,128.235
pf_ut,13,79,100.411
pf_ut,13,80,184.374
pf_ut,13,81,116.894
pf_ut,13,82,140.726
pf_ut,13,83,160.471
pf_ut,13,84,158.286
pf_ut,13,85,61.2488
pf_ut,13,86,86.478
pf_ut,13,87,1.64059
pf_ut,13,88,109.285
pf_ut,13,89,74.4779
pf_ut,13,90,76.4166
pf_ut,13,91,96.1434
pf_ut,13,92,96.5877
pf_ut,13,93,86.5837
pf_ut,13,94,127.186
pf_ut,13,95,46.4674
pf_ut,13,96,155.636
pf_ut,13,97,105.281
pf_ut,13,98,115.662
pf_ut,13,99,171.39
pf_ut,13,100,165.887
pf_ut,13,101,175.191
pf_ut,13,102,186.474
pf_ut,13,103,118.591
pf_ut,13,104,136.317
pf_ut,13,105,34.2681
pf_ut,13,106,32.5693
pf_ut,13,107,95.313
pf_ut,13,108,88.937
pf_ut,13,109,176.642
pf_ut,13,110,145.056
pf_ut,13,111,207.435
pf_ut,13,112,114.642
pf_ut,13,113,197.802
pf_ut,13,114,140.662
pf_ut,13,115,200.961
pf_ut,13,116,121.736
pf_ut,13,117,158.324
pf_ut,13,118,151.577
pf_ut,13,119,111.432
pf_ut,13,120,247.468
pf_ut,13,121,266.379
pf_ut,13,122,67.5849
pf_ut,13,123,79.7561
pf_ut,13,124,194.031
pf_ut,13,125,194.569
pf_ut,13,126,173.926
pf_ut,13,127,220.289
pf_ut,13,128,105.951
pf_ut,13,129,37.5878
pf_ut,13,130,98.7007
pf_ut,13,131,142.892
pf_ut,13,132,239.109
pf_ut,13,133,223.941
pf_ut,13,134,224.204
pf_ut,13,135,209.287
pf_ut,13,136,221.694
pf_ut,13,137,135.276
pf_ut,13,138,166.431
pf_ut,13,139,86.4611
pf_ut,13,140,53.4563
pf_ut,13,141,187.272
pf_ut,13,142,23.8121
pf_ut,13,143,180.955
pf_ut,13,144,108.243
pf_ut,13,145,151.054
pf_ut,13,146,236.453
pf_ut,13,147,225.56
pf_ut,13,148,20.7313
pf_ut,13,149,170.544
copf_ut,13,0,187.646
copf_ut,13,1,424.521
copf_ut,13,2,342.679
copf_ut,13,3,281.695
copf_ut,13,4,201.274
copf_ut,13,5,403.458
copf_ut,13,6,273.382
copf_ut,13,7,210.614
copf_ut,13,8,365.836
copf_ut,13,9,273.454
copf_ut,13,10,204.97
copf_ut,13,11,380.54
copf_ut,13,12,278.724
copf_ut,13,13,186.521
copf_ut,13,14,372.113
copf_ut,13,15,280.308
copf_ut,13,16,215.263
copf_ut,13,17,413.026
copf_ut,13,18,316.199
copf_ut,13,19,249.601
copf_ut,13,20,371.074
copf_ut,13,21,267.901
copf_ut,13,22,164.316
copf_ut,13,23,325.519
copf_ut,13,24,187.988
copf_ut,13,25,317.421
copf_ut,13,26,222.465
copf_ut,13,27,333.497
copf_ut,13,28,244.042
copf_ut,13,29,344.212
copf_ut,13,30,236.841
copf_ut,13,31,384.828
copf_ut,13,32,290.712
copf_ut,13,33,218.036
copf_ut,13,34,348.839
copf_ut,13,35,270.214
copf_ut,13,36,222.784
copf_ut,13,37,402.14
copf_ut,13,38,280.345
copf_ut,13,39,189.233
copf_ut,13,40,360.367
copf_ut,13,41,243.686
copf_ut,13,42,371.698
copf_ut,13,43,220.582
copf_ut,13,44,308.581
copf_ut,13,45,192.952
copf_ut,13,46,340.885
copf_ut,13,47,252.351
copf_ut,13,48,388.811
copf_ut,13,49,290.061
copf_ut,13,50,214.766
copf_ut,13,51,280.147
copf_ut,13,52,204.447
copf_ut,13,53,321.029
copf_ut,13,54,239.299
copf_ut,13,55,304.846
copf_ut,13,56,184.501
copf_ut,13,57,337.51
copf_ut,13,58,225.449
copf_ut,13,59,356.846
copf_ut,13,60,217.989
copf_ut,13,61,297.506
copf_ut,13,62,165.323
copf_ut,13,63,295.718
copf_ut,13,64,175.024
copf_ut,13,65,290.006
copf_ut,13,66,126.166
copf_ut,13,67,241.006
copf_ut,13,68,245.051
copf_ut,13,69,268.76
copf_ut,13,70,123.596
copf_ut,13,71,194.138
copf_ut,13,72,209.457
copf_ut,13,73,206.695
copf_ut,13,74,214.301
copf_ut,13,75,251.608
copf_ut,13,76,271.141
copf_ut,13,77,183.938
copf_ut,13,78,364.2
copf_ut,13,79,272.829
copf_ut,13,80,202.167
copf_ut,13,81,354.161
copf_ut,13,82,238.609
copf_ut,13,83,334.069
copf_ut,13,84,230.684
copf_ut,13,85,308.948
copf_ut,13,86,193.49
copf_ut,13,87,151.622
copf_ut,13,88,243.758
copf_ut,13,89,222.913
copf_ut,13,90,217.921
copf_ut,13,91,232.258
copf_ut,13,92,246.404
copf_ut,13,93,251.262
copf_ut,13,94,283.137
copf_ut,13,95,177.286
copf_ut,13,96,321.474
copf_ut,13,97,188.364
copf_ut,13,98,327.197
copf_ut,13,99,222.385
copf_ut,13,100,360.463
copf_ut,13,101,241.162
copf_ut,13,102,365.082
copf_ut,13,103,219.77
copf_ut,13,104,346.183
copf_ut,13,105,215.949
copf_ut,13,106,307.878
copf_ut,13,107,193.942
copf_ut,13,108,343.478
copf_ut,13,109,242.154
copf_ut,13,110,379.705
copf_ut,13,111,288.186
copf_ut,13,112,195.951
copf_ut,13,113,367.89
copf_ut,13,114,244.559
copf_ut,13,115,364.841
copf_ut,13,116,258.042
copf_ut,13,117,187.198
copf_ut,13,118,387.315
copf_ut,13,119,302.365
copf_ut,13,120,247.03
copf_ut,13,121,431.122
copf_ut,13,122,327.633
copf_ut,13,123,216.587
copf_ut,13,124,375.268
copf_ut,13,125,267.87
copf_ut,13,126,206.063
copf_ut,13,127,387.055
copf_ut,13,128,297.436
copf_ut,13,129,196.601
copf_ut,13,130,358.624
copf_ut,13,131,267.227
copf_ut,13,132,210.988
copf_ut,13,133,402.529
copf_ut,13,134,317.626
copf_ut,13,135,250.308
copf_ut,13,136,400.543
copf_ut,13,137,281.043
copf_ut,13,138,197.083
copf_ut,13,139,352.862
copf_ut,13,140,231.967
copf_ut,13,141,374.599
copf_ut,13,142,278.88
copf_ut,13,143,208.008
copf_ut,13,144,373.736
copf_ut,13,145,307.184
copf_ut,13,146,243.03
copf_ut,13,147,425.095
copf_ut,13,148,289.217
copf_ut,13,149,225.979
pf_ut,14,0,77.8557
pf_ut,14,1,227.326
pf_ut,14,2,195.962
pf_ut,14,3,272.262
pf_ut,14,4,44.4482
pf_ut,14,5,210.308
pf_ut,14,6,64.8753
pf_ut,14,7,202.942
pf_ut,14,8,138.816
pf_ut,14,9,125.654
pf_ut,14,10,161.108
pf_ut,14,11,168.124
pf_ut,14,12,203.826
pf_ut,14,13,136.996
pf_ut,14,14,210.879
pf_ut,14,15,67.1805
pf_ut,14,16,238.462
pf_ut,14,17,209.986
pf_ut,14,18,144.852
pf_ut,14,19,198.583
pf_ut,14,20,137.998
pf_ut,14,21,192.793
pf_ut,14,22,22.0069
pf_ut,14,23,137.073
pf_ut,14,24,64.5441
pf_ut,14,25,111.264
pf_ut,14,26,98.072
pf_ut,14,27,124.507
pf_ut,14,28,41.2512
pf_ut,14,29,118.9
pf_ut,14,30,162.501
pf_ut,14,31,159.698
pf_ut,14,32,169.954
pf_ut,14,33,205.798
pf_ut,14,34,72.8834
pf_ut,14,35,125.499
pf_ut,14,36,235.567
pf_ut,14,37,237.871
pf_ut,14,38,59.5679
pf_ut,14,39,123.943
pf_ut,14,40,188.478
pf_ut,14,41,165.617
pf_ut,14,42,156.782
pf_ut,14,43,3.27428
pf_ut,14,44,157.62
pf_ut,14,45,168.049
pf_ut,14,46,155.911
pf_ut,14,47,21.8381
pf_ut,14,48,153.423
pf_ut,14,49,223.44
pf_ut,14,50,148.607
pf_ut,14,51,27.4951
pf_ut,14,52,177.989
pf_ut,14,53,41.1533
pf_ut,14,54,183.205
pf_ut,14,55,55.7293
pf_ut,14,56,104.406
pf_ut,14,57,166.907
pf_ut,14,58,126.162
pf_ut,14,59,128.377
pf_ut,14,60,44.4582
pf_ut,14,61,60.7887
pf_ut,14,62,100.449
pf_ut,14,63,112.171
pf_ut,14,64,50.2257
pf_ut,14,65,65.4756
pf_ut,14,66,6.34283
pf_ut,14,67,116.335
pf_ut,14,68,124.791
pf_ut,14,69,122.952
pf_ut,14,70,8.81429
pf_ut,14,71,34.8716
pf_ut,14,72,92.5898
pf_ut,14,73,81.0439
pf_ut,14,74,104.099
pf_ut,14,75,117.438
pf_ut,14,76,37.8249
pf_ut,14,77,35.0274
pf_ut,14,78,144.723
pf_ut,14,79,113.369
pf_ut,14,80,184.162
pf_ut,14,81,121.466
pf_ut,14,82,142.999
pf_ut,14,83,153.499
pf_ut,14,84,153.66
pf_ut,14,85,59.3082
pf_ut,14,86,84.8919
pf_ut,14,87,1.001
pf_ut,14,88,114.62
pf_ut,14,89,66.4816
pf_ut,14,90,91.3036
pf_ut,14,91,103.77
pf_ut,14,92,94.9723
pf_ut,14,93,91.2287
pf_ut,14,94,133.547
pf_ut,14,95,65.1066
pf_ut,14,96,159.93
pf_ut,14,97,119.47
pf_ut,14,98,122.47
pf_ut,14,99,156.353
pf_ut,14,100,152.462
pf_ut,14,101,167.72
pf_ut,14,102,164.546
pf_ut,14,103,104.547
pf_ut,14,104,141.055
pf_ut,14,105,35.7162
pf_ut,14,106,30.9767
pf_ut,14,107,97.0369
pf_ut,14,108,78.7329
pf_ut,14,109,159.779
pf_ut,14,110,145.239
pf_ut,14,111,228.85
pf_ut,14,112,120.964
pf_ut,14,113,186.362
pf_ut,14,114,124.025
pf_ut,14,115,180.866
pf_ut,14,116,118.773
pf_ut,14,117,140.304
pf_ut,14,118,137.57
pf_ut,14,119,96.7434
pf_ut,14,120,272.163
pf_ut,14,121,122.214
pf_ut,14,122,114.506
pf_ut,14,123,105.026
pf_ut,14,124,191.55
pf_ut,14,125,197.628
pf_ut,14,126,197.434
pf_ut,14,127,184.901
pf_ut,14,128,95.6015
pf_ut,14,129,38.4552
pf_ut,14,130,100.505
pf_ut,14,131,173.472
pf_ut,14,132,241.016
pf_ut,14,133,199.15
pf_ut,14,134,233.604
pf_ut,14,135,203.196
pf_ut,14,136,204.079
pf_ut,14,137,150.314
pf_ut,14,138,147.74
pf_ut,14,139,89.7467
pf_ut,14,140,55.4561
pf_ut,14,141,198.851
pf_ut,14,142,25.7476
pf_ut,14,143,160.595
pf_ut,14,144,131.898
pf_ut,14,145,136.894
pf_ut,14,146,235.705
pf_ut,14,147,237.754
pf_ut,14,148,32.0807
pf_ut,14,149,162.623
copf_ut,14,0,160.424
copf_ut,14,1,427.452
copf_ut,14,2,356.616
copf_ut,14,3,287.711
copf_ut,14,4,209.851
copf_ut,14,5,415.807
copf_ut,14,6,288.504
copf_ut,14,7,212.97
copf_ut,14,8,366.998
copf_ut,14,9,277.367
copf_ut,14,10,218.693
copf_ut,14,11,385.106
copf_ut,14,12,285.208
copf_ut,14,13,193.837
copf_ut,14,14,371.283
copf_ut,14,15,285.505
copf_ut,14,16,221.356
copf_ut,14,17,403.186
copf_ut,14,18,313.166
copf_ut,14,19,243.182
copf_ut,14,20,365.35
copf_ut,14,21,260.483
copf_ut,14,22,154.558
copf_ut,14,23,340.72
copf_ut,14,24,199.705
copf_ut,14,25,318.007
copf_ut,14,26,201.143
copf_ut,14,27,334.025
copf_ut,14,28,258.934
copf_ut,14,29,169.068
copf_ut,14,30,374.516
copf_ut,14,31,279.636
copf_ut,14,32,205.36
copf_ut,14,33,396.67
copf_ut,14,34,304.414
copf_ut,14,35,220.445
copf_ut,14,36,409.032
copf_ut,14,37,311.549
copf_ut,14,38,210.621
copf_ut,14,39,343.843
copf_ut,14,40,239.959
copf_ut,14,41,349.833
copf_ut,14,42,249.849
copf_ut,14,43,200.97
copf_ut,14,44,316.905
copf_ut,14,45,210.528
copf_ut,14,46,332.236
copf_ut,14,47,239.461
copf_ut,14,48,390.776
copf_ut,14,49,305.607
copf_ut,14,50,221.811
copf_ut,14,51,285.386
copf_ut,14,52,190.951
copf_ut,14,53,330.108
copf_ut,14,54,241.114
copf_ut,14,55,284.115
copf_ut,14,56,166.85
copf_ut,14,57,353.717
copf_ut,14,58,245.088
copf_ut,14,59,358.832
copf_ut,14,60,237.069
copf_ut,14,61,288.677
copf_ut,14,62,164.276
copf_ut,14,63,290.754
copf_ut,14,64,178.809
copf_ut,14,65,295.616
copf_ut,14,66,135.819
copf_ut,14,67,253.548
copf_ut,14,68,237.597
copf_ut,14,69,268.566
copf_ut,14,70,110.717
copf_ut,14,71,206.62
copf_ut,14,72,230.175
copf_ut,14,73,214.082
copf_ut,14,74,235.074
copf_ut,14,75,257.636
copf_ut,14,76,141.72
copf_ut,14,77,323.993
copf_ut,14,78,215.09
copf_ut,14,79,376.673
copf_ut,14,80,273.553
copf_ut,14,81,181.706
copf_ut,14,82,342.081
copf_ut,14,83,222.912
copf_ut,14,84,356.184
copf_ut,14,85,233.135
copf_ut,14,86,308.831
copf_ut,14,87,143.891
copf_ut,14,88,240.147
copf_ut,14,89,217.734
copf_ut,14,90,230.425
copf_ut,14,91,225.373
copf_ut,14,92,238.961
copf_ut,14,93,254.842
copf_ut,14,94,282.551
copf_ut,14,95,174.832
copf_ut,14,96,320.347
copf_ut,14,97,193.705
copf_ut,14,98,323.129
copf_ut,14,99,216.586
copf_ut,14,100,346.53
copf_ut,14,101,238.322
copf_ut,14,102,341.642
copf_ut,14,103,228.419
copf_ut,14,104,355.166
copf_ut,14,105,210.761
copf_ut,14,106,318.959
copf_ut,14,107,213.227
copf_ut,14,108,345.942
copf_ut,14,109,248.05
copf_ut,14,110,372.394
copf_ut,14,111,274.761
copf_ut,14,112,184.835
copf_ut,14,113,365.519
copf_ut,14,114,237.197
copf_ut,14,115,348.833
copf_ut,14,116,243.24
copf_ut,14,117,379.866
copf_ut,14,118,291.11
copf_ut,14,119,232.528
copf_ut,14,120,435.542
copf_ut,14,121,353.425
copf_ut,14,122,243.125
copf_ut,14,123,344.021
copf_ut,14,124,240.998
copf_ut,14,125,384.842
copf_ut,14,126,280.664
copf_ut,14,127,210.197
copf_ut,14,128,366.968
copf_ut,14,129,244.68
copf_ut,14,130,360.566
copf_ut,14,131,280.591
copf_ut,14,132,214.034
copf_ut,14,133,394.86
copf_ut,14,134,306.264
copf_ut,14,135,244.095
copf_ut,14,136,408.467
copf_ut,14,137,291.025
copf_ut,14,138,199.779
copf_ut,14,139,350.771
copf_ut,14,140,220.779
copf_ut,14,141,374.583
copf_ut,14,142,280.168
copf_ut,14,143,206.42
copf_ut,14,144,376.249
copf_ut,14,145,300.068
copf_ut,14,146,253.189
copf_ut,14,147,421.222
copf_ut,14,148,271.781
copf_ut,14,149,201.896
pf_ut,15,0,75.5197
pf_ut,15,1,222.057
pf_ut,15,2,219.502
pf_ut,15,3,248.376
pf_ut,15,4,66.5868
pf_ut,15,5,239.956
pf_ut,15,6,79.9421
pf_ut,15,7,195.558
pf_ut,15,8,147.031
pf_ut,15,9,123.62
pf_ut,15,10,177.528
pf_ut,15,11,167.342
pf_ut,15,12,207.262
pf_ut,15,13,138.114
pf_ut,15,14,201.391
pf_ut,15,15,68.0085
pf_ut,15,16,243.442
pf_ut,15,17,232.568
pf_ut,15,18,148.684
pf_ut,15,19,158.357
pf_ut,15,20,132.036
pf_ut,15,21,203.656
pf_ut,15,22,27.7858
pf_ut,15,23,137.167
pf_ut,15,24,58.2919
pf_ut,15,25,100.699
pf_ut,15,26,95.7601
pf_ut,15,27,138.901
pf_ut,15,28,35.8422
pf_ut,15,29,106.933
pf_ut,15,30,153.668
pf_ut,15,31,159.559
pf_ut,15,32,184.998
pf_ut,15,33,213.556
pf_ut,15,34,64.596
pf_ut,15,35,139.104
pf_ut,15,36,242.813
pf_ut,15,37,208.475
pf_ut,15,38,75.4403
pf_ut,15,39,108.34
pf_ut,15,40,181.646
pf_ut,15,41,171.172
pf_ut,15,42,149.028
pf_ut,15,43,8.64684
pf_ut,15,44,157.624
pf_ut,15,45,158.182
pf_ut,15,46,176.997
pf_ut,15,47,12.7018
pf_ut,15,48,172.403
pf_ut,15,49,215.867
pf_ut,15,50,152.487
pf_ut,15,51,24.728
pf_ut,15,52,183.065
pf_ut,15,53,43.5073
pf_ut,15,54,196.841
pf_ut,15,55,65.9075
pf_ut,15,56,114.397
pf_ut,15,57,163.171
pf_ut,15,58,120.368
pf_ut,15,59,107.286
pf_ut,15,60,27.8114
pf_ut,15,61,67.1083
pf_ut,15,62,97.7679
pf_ut,15,63,110.528
pf_ut,15,64,48.898
pf_ut,15,65,78.6658
pf_ut,15,66,5.27034
pf_ut,15,67,112.834
pf_ut,15,68,131.178
pf_ut,15,69,125.045
pf_ut,15,70,8.65802
pf_ut,15,71,30.4245
pf_ut,15,72,75.629
pf_ut,15,73,76.4638
pf_ut,15,74,97.7541
pf_ut,15,75,112.014
pf_ut,15,76,31.5119
pf_ut,15,77,41.5084
pf_ut,15,78,114.011
pf_ut,15,79,109.702
pf_ut,15,80,152.934
pf_ut,15,81,123.293
pf_ut,15,82,141.695
pf_ut,15,83,163.767
pf_ut,15,84,153.176
pf_ut,15,85,62.5333
pf_ut,15,86,76.9942
pf_ut,15,87,1.76937
pf_ut,15,88,126.444
pf_ut,15,89,63.2463
pf_ut,15,90,86.9749
pf_ut,15,91,110.944
pf_ut,15,92,109.759
pf_ut,15,93,98.8751
pf_ut,15,94,132.084
pf_ut,15,95,59.5869
pf_ut,15,96,142.638
pf_ut,15,97,111.359
pf_ut,15,98,108.474
pf_ut,15,99,165.427
pf_ut,15,100,161.815
pf_ut,15,101,179.798
pf_ut,15,102,191.471
pf_ut,15,103,131.306
pf_ut,15,104,140.937
pf_ut,15,105,31.9303
pf_ut,15,106,30.942
pf_ut,15,107,88.4309
pf_ut,15,108,98.5634
pf_ut,15,109,164.156
pf_ut,15,110,135.767
pf_ut,15,111,212.874
pf_ut,15,112,108.314
pf_ut,15,113,194.348
pf_ut,15,114,123.13
pf_ut,15,115,173.881
pf_ut,15,116,140.757
pf_ut,15,117,160.62
pf_ut,15,118,153.055
pf_ut,15,119,102.748
pf_ut,15,120,266.707
pf_ut,15,121,135.957
pf_ut,15,122,103.86
pf_ut,15,123,100.076
pf_ut,15,124,201.483
pf_ut,15,125,190.487
pf_ut,15,126,183.142
pf_ut,15,127,202.43
pf_ut,15,128,98.0448
pf_ut,15,129,39.1532
pf_ut,15,130,97.4634
pf_ut,15,131,137.334
pf_ut,15,132,246.126
pf_ut,15,133,195.275
pf_ut,15,134,214.552
pf_ut,15,135,208.355
pf_ut,15,136,230.52
pf_ut,15,137,147.867
pf_ut,15,138,145.31
pf_ut,15,139,79.53
pf_ut,15,140,55.02
pf_ut,15,141,183.498
pf_ut,15,142,37.8796
pf_ut,15,143,150.147
pf_ut,15,144,127.267
pf_ut,15,145,141.799
pf_ut,15,146,234.556
pf_ut,15,147,229.28
pf_ut,15,148,31.154
pf_ut,15,149,198.556
copf_ut,15,0,153.79
copf_ut,15,1,411.728
copf_ut,15,2,334.216
copf_ut,15,3,276.746
copf_ut,15,4,184.671
copf_ut,15,5,410.409
copf_ut,15,6,278.626
copf_ut,15,7,211.665
copf_ut,15,8,371.479
copf_ut,15,9,287.908
copf_ut,15,10,218.325
copf_ut,15,11,380.114
copf_ut,15,12,283.937
copf_ut,15,13,194.574
copf_ut,15,14,362.301
copf_ut,15,15,281.924
copf_ut,15,16,219.657
copf_ut,15,17,399.032
copf_ut,15,18,321.318
copf_ut,15,19,249.949
copf_ut,15,20,365.592
copf_ut,15,21,267.175
copf_ut,15,22,163.535
copf_ut,15,23,331.976
copf_ut,15,24,197.929
copf_ut,15,25,329.639
copf_ut,15,26,235.338
copf_ut,15,27,342.198
copf_ut,15,28,262.94
copf_ut,15,29,178.714
copf_ut,15,30,362.952
copf_ut,15,31,269.9
copf_ut,15,32,213.382
copf_ut,15,33,404.39
copf_ut,15,34,320.054
copf_ut,15,35,229.315
copf_ut,15,36,403.856
copf_ut,15,37,323.202
copf_ut,15,38,214.365
copf_ut,15,39,335.518
copf_ut,15,40,238.181
copf_ut,15,41,359.251
copf_ut,15,42,257.201
copf_ut,15,43,148.265
copf_ut,15,44,320.621
copf_ut,15,45,202.133
copf_ut,15,46,340.269
copf_ut,15,47,241.207
copf_ut,15,48,383.03
copf_ut,15,49,299.109
copf_ut,15,50,215.199
copf_ut,15,51,281.868
copf_ut,15,52,186.878
copf_ut,15,53,340.051
copf_ut,15,54,255.349
copf_ut,15,55,315.054
copf_ut,15,56,195.795
copf_ut,15,57,335.683
copf_ut,15,58,231.069
copf_ut,15,59,367.075
copf_ut,15,60,217.573
copf_ut,15,61,293.935
copf_ut,15,62,166.977
copf_ut,15,63,312.146
copf_ut,15,64,196.606
copf_ut,15,65,281.474
copf_ut,15,66,115.372
copf_ut,15,67,255.377
copf_ut,15,68,272.556
copf_ut,15,69,135.323
copf_ut,15,70,227.014
copf_ut,15,71,187.304
copf_ut,15,72,231.866
copf_ut,15,73,207.344
copf_ut,15,74,231.749
copf_ut,15,75,251.928
copf_ut,15,76,277.138
copf_ut,15,77,177.561
copf_ut,15,78,358.266
copf_ut,15,79,265.503
copf_ut,15,80,190.157
copf_ut,15,81,342.503
copf_ut,15,82,230.803
copf_ut,15,83,348.05
copf_ut,15,84,246.598
copf_ut,15,85,288.714
copf_ut,15,86,170.661
copf_ut,15,87,162.142
copf_ut,15,88,260.858
copf_ut,15,89,117.585
copf_ut,15,90,217.028
copf_ut,15,91,210.121
copf_ut,15,92,264.357
copf_ut,15,93,142.671
copf_ut,15,94,275.669
copf_ut,15,95,172.446
copf_ut,15,96,321.259
copf_ut,15,97,196.512
copf_ut,15,98,317.166
copf_ut,15,99,204.515
copf_ut,15,100,339.011
copf_ut,15,101,242.011
copf_ut,15,102,358.011
copf_ut,15,103,231.338
copf_ut,15,104,348.169
copf_ut,15,105,218.908
copf_ut,15,106,326.981
copf_ut,15,107,221.007
copf_ut,15,108,349.213
copf_ut,15,109,251.149
copf_ut,15,110,377.692
copf_ut,15,111,279.553
copf_ut,15,112,189.404
copf_ut,15,113,371.96
copf_ut,15,114,238.589
copf_ut,15,115,359.527
copf_ut,15,116,265.545
copf_ut,15,117,195.75
copf_ut,15,118,374.616
copf_ut,15,119,293.938
copf_ut,15,120,229.109
copf_ut,15,121,433.727
copf_ut,15,122,311.246
copf_ut,15,123,215.873
copf_ut,15,124,372.862
copf_ut,15,125,270.942
copf_ut,15,126,199.955
copf_ut,15,127,394.419
copf_ut,15,128,300.06
copf_ut,15,129,205.892
copf_ut,15,130,355.2
copf_ut,15,131,270.138
copf_ut,15,132,210.865
copf_ut,15,133,391.867
copf_ut,15,134,300.072
copf_ut,15,135,230.598
copf_ut,15,136,405.285
copf_ut,15,137,301.743
copf_ut,15,138,204.445
copf_ut,15,139,348.593
copf_ut,15,140,232.601
copf_ut,15,141,369.336
copf_ut,15,142,274.95
copf_ut,15,143,203.765
copf_ut,15,144,373.235
copf_ut,15,145,300.188
copf_ut,15,146,242.654
copf_ut,15,147,416.836
copf_ut,15,148,275.661
copf_ut,15,149,202.639
pf_ut,16,0,78.4042
pf_ut,16,1,229.355
pf_ut,16,2,195.628
pf_ut,16,3,252.771
pf_ut,16,4,82.8316
pf_ut,16,5,226.032
pf_ut,16,6,88.6077
pf_ut,16,7,177.96
pf_ut,16,8,152.576
pf_ut,16,9,124.705
pf_ut,16,10,176.145
pf_ut,16,11,166.853
pf_ut,16,12,224.265
pf_ut,16,13,136.998
pf_ut,16,14,184.812
pf_ut,16,15,59.4852
pf_ut,16,16,210.938
pf_ut,16,17,220.46
pf_ut,16,18,156.5
pf_ut,16,19,179.632
pf_ut,16,20,140.701
pf_ut,16,21,174.564
pf_ut,16,22,24.5127
pf_ut,16,23,110.8
pf_ut,16,24,68.8077
pf_ut,16,25,106.486
pf_ut,16,26,93.6038
pf_ut,16,27,119.379
pf_ut,16,28,35.0138
pf_ut,16,29,120.996
pf_ut,16,30,162.26
pf_ut,16,31,173.913
pf_ut,16,32,200.471
pf_ut,16,33,220.932
pf_ut,16,34,61.6569
pf_ut,16,35,135.676
pf_ut,16,36,224.764
pf_ut,16,37,225.553
pf_ut,16,38,63.3125
pf_ut,16,39,105.42
pf_ut,16,40,169.682
pf_ut,16,41,144.347
pf_ut,16,42,148.861
pf_ut,16,43,8.26287
pf_ut,16,44,141.709
pf_ut,16,45,147.921
pf_ut,16,46,155.578
pf_ut,16,47,15.404
pf_ut,16,48,146.491
pf_ut,16,49,218.945
pf_ut,16,50,145.269
pf_ut,16,51,28.2503
pf_ut,16,52,174.489
pf_ut,16,53,38.8837
pf_ut,16,54,185.874
pf_ut,16,55,56.6974
pf_ut,16,56,113.358
pf_ut,16,57,164.063
pf_ut,16,58,131.708
pf_ut,16,59,116.195
pf_ut,16,60,37.1529
pf_ut,16,61,69.4001
pf_ut,16,62,98.9612
pf_ut,16,63,90.9339
pf_ut,16,64,55.4138
pf_ut,16,65,79.4576
pf_ut,16,66,4.57264
pf_ut,16,67,124.082
pf_ut,16,68,110.514
pf_ut,16,69,118.993
pf_ut,16,70,3.3541
pf_ut,16,71,32.4843
pf_ut,16,72,88.8696
pf_ut,16,73,79.1369
pf_ut,16,74,90.4402
pf_ut,16,75,107.948
pf_ut,16,76,26.8152
pf_ut,16,77,26.2977
pf_ut,16,78,129.556
pf_ut,16,79,115.228
pf_ut,16,80,161.266
pf_ut,16,81,129.561
pf_ut,16,82,135.344
pf_ut,16,83,180.233
pf_ut,16,84,149.581
pf_ut,16,85,68.6776
pf_ut,16,86,80.6984
pf_ut,16,87,1.00008
pf_ut,16,88,116.283
pf_ut,16,89,82.357
pf_ut,16,90,74.5363
pf_ut,16,91,108.634
pf_ut,16,92,98.8885
pf_ut,16,93,88.5565
pf_ut,16,94,137.426
pf_ut,16,95,64.6799
pf_ut,16,96,153.46
pf_ut,16,97,103.775
pf_ut,16,98,120.022
pf_ut,16,99,152.662
pf_ut,16,100,157.008
pf_ut,16,101,180.585
pf_ut,16,102,180.503
pf_ut,16,103,127.918
pf_ut,16,104,145.968
pf_ut,16,105,25.6908
pf_ut,16,106,26.9271
pf_ut,16,107,103.261
pf_ut,16,108,98.889
pf_ut,16,109,182.976
pf_ut,16,110,144.815
pf_ut,16,111,209.239
pf_ut,16,112,104.734
pf_ut,16,113,201.866
pf_ut,16,114,138.907
pf_ut,16,115,165.542
pf_ut,16,116,135.823
pf_ut,16,117,150.052
pf_ut,16,118,153.011
pf_ut,16,119,97.6235
pf_ut,16,120,240.595
pf_ut,16,121,269.181
pf_ut,16,122,55.7511
pf_ut,16,123,91.2275
pf_ut,16,124,210.304
pf_ut,16,125,199.241
pf_ut,16,126,170.398
pf_ut,16,127,192.526
pf_ut,16,128,99.1167
pf_ut,16,129,24.2819
pf_ut,16,130,93.3856
pf_ut,16,131,147.266
pf_ut,16,132,236.433
pf_ut,16,133,209.389
pf_ut,16,134,217.324
pf_ut,16,135,210.238
pf_ut,16,136,214.045
pf_ut,16,137,147.555
pf_ut,16,138,142.236
pf_ut,16,139,98.2672
pf_ut,16,140,49.1676
pf_ut,16,141,175.886
pf_ut,16,142,36.9318
pf_ut,16,143,161.785
pf_ut,16,144,114.432
pf_ut,16,145,133.201
pf_ut,16,146,236.013
pf_ut,16,147,229.94
pf_ut,16,148,32.1622
pf_ut,16,149,192.788
copf_ut,16,0,172.42
copf_ut,16,1,411.215
copf_ut,16,2,339.968
copf_ut,16,3,278.564
copf_ut,16,4,198.773
copf_ut,16,5,411.163
copf_ut,16,6,285.649
copf_ut,16,7,219.855
copf_ut,16,8,370.391
copf_ut,16,9,289.528
copf_ut,16,10,223.894
copf_ut,16,11,372.041
copf_ut,16,12,271.041
copf_ut,16,13,192.299
copf_ut,16,14,366.349
copf_ut,16,15,281.383
copf_ut,16,16,221.682
copf_ut,16,17,407.094
copf_ut,16,18,328.586
copf_ut,16,19,257.703
copf_ut,16,20,183.995
copf_ut,16,21,384.482
copf_ut,16,22,239.239
copf_ut,16,23,322.836
copf_ut,16,24,182.195
copf_ut,16,25,321.973
copf_ut,16,26,225.96
copf_ut,16,27,336.137
copf_ut,16,28,250.934
copf_ut,16,29,335.142
copf_ut,16,30,251.428
copf_ut,16,31,367.517
copf_ut,16,32,282.994
copf_ut,16,33,218.994
copf_ut,16,34,336.11
copf_ut,16,35,260.326
copf_ut,16,36,194.85
copf_ut,16,37,415.893
copf_ut,16,38,281.502
copf_ut,16,39,193.539
copf_ut,16,40,366.053
copf_ut,16,41,247.44
copf_ut,16,42,362.099
copf_ut,16,43,194.644
copf_ut,16,44,326.949
copf_ut,16,45,213.412
copf_ut,16,46,332.269
copf_ut,16,47,246.428
copf_ut,16,48,386.677
copf_ut,16,49,290.874
copf_ut,16,50,209.605
copf_ut,16,51,260.627
copf_ut,16,52,165.779
copf_ut,16,53,333.411
copf_ut,16,54,239.288
copf_ut,16,55,302.022
copf_ut,16,56,179.217
copf_ut,16,57,331.339
copf_ut,16,58,225.73
copf_ut,16,59,356.515
copf_ut,16,60,230.458
copf_ut,16,61,288.255
copf_ut,16,62,165.903
copf_ut,16,63,303.486
copf_ut,16,64,183.189
copf_ut,16,65,287.333
copf_ut,16,66,136.072
copf_ut,16,67,248.557
copf_ut,16,68,255.945
copf_ut,16,69,286.061
copf_ut,16,70,122.49
copf_ut,16,71,168.535
copf_ut,16,72,226.343
copf_ut,16,73,211.713
copf_ut,16,74,226.937
copf_ut,16,75,244.025
copf_ut,16,76,267.187
copf_ut,16,77,178.496
copf_ut,16,78,346.81
copf_ut,16,79,257.062
copf_ut,16,80,182.596
copf_ut,16,81,334.445
copf_ut,16,82,214.427
copf_ut,16,83,347.131
copf_ut,16,84,241.686
copf_ut,16,85,294.225
copf_ut,16,86,156.566
copf_ut,16,87,146.185
copf_ut,16,88,266.356
copf_ut,16,89,117.329
copf_ut,16,90,234.16
copf_ut,16,91,225.343
copf_ut,16,92,257.227
copf_ut,16,93,122.323
copf_ut,16,94,278.837
copf_ut,16,95,173.203
copf_ut,16,96,314.81
copf_ut,16,97,192.454
copf_ut,16,98,342.351
copf_ut,16,99,218.607
copf_ut,16,100,331.806
copf_ut,16,101,214.334
copf_ut,16,102,359.602
copf_ut,16,103,227.046
copf_ut,16,104,354.87
copf_ut,16,105,217.532
copf_ut,16,106,315.421
copf_ut,16,107,209.607
copf_ut,16,108,350.388
copf_ut,16,109,248.497
copf_ut,16,110,378.862
copf_ut,16,111,292.664
copf_ut,16,112,197.824
copf_ut,16,113,367.794
copf_ut,16,114,241.274
copf_ut,16,115,363.148
copf_ut,16,116,256.331
copf_ut,16,117,197.822
copf_ut,16,118,374.009
copf_ut,16,119,289.45
copf_ut,16,120,233.538
copf_ut,16,121,422.871
copf_ut,16,122,309.878
copf_ut,16,123,215.405
copf_ut,16,124,380.56
copf_ut,16,125,268.949
copf_ut,16,126,197.62
copf_ut,16,127,381.835
copf_ut,16,128,289.52
copf_ut,16,129,185.253
copf_ut,16,130,356.756
copf_ut,16,131,268.12
copf_ut,16,132,210.905
copf_ut,16,133,394.486
copf_ut,16,134,308.874
copf_ut,16,135,238.723
copf_ut,16,136,412.276
copf_ut,16,137,290.299
copf_ut,16,138,205.76
copf_ut,16,139,356.898
copf_ut,16,140,240.523
copf_ut,16,141,375.871
copf_ut,16,142,298.339
copf_ut,16,143,227.86
copf_ut,16,144,374.46
copf_ut,16,145,291.278
copf_ut,16,146,220.71
copf_ut,16,147,417.296
copf_ut,16,148,270.185
copf_ut,16,149,193.941
pf_ut,17,0,77.4147
pf_ut,17,1,225.113
pf_ut,17,2,192.974
pf_ut,17,3,257.393
pf_ut,17,4,37.0012
pf_ut,17,5,213.959
pf_ut,17,6,73.8373
pf_ut,17,7,194.356
pf_ut,17,8,155.441
pf_ut,17,9,117.513
pf_ut,17,10,167.688
pf_ut,17,11,152.034
pf_ut,17,12,196.15
pf_ut,17,13,149.011
pf_ut,17,14,197.354
pf_ut,17,15,72.613
pf_ut,17,16,225.002
pf_ut,17,17,221.281
pf_ut,17,18,148.504
pf_ut,17,19,164.939
pf_ut,17,20,130.43
pf_ut,17,21,198.493
pf_ut,17,22,34.7108
pf_ut,17,23,122.203
pf_ut,17,24,68.8367
pf_ut,17,25,134.56
pf_ut,17,26,110.62
pf_ut,17,27,123.363
pf_ut,17,28,37.6756
pf_ut,17,29,96.7359
pf_ut,17,30,165.27
pf_ut,17,31,158.699
pf_ut,17,32,189.884
pf_ut,17,33,222.509
pf_ut,17,34,60.7951
pf_ut,17,35,144.377
pf_ut,17,36,243.44
pf_ut,17,37,222.568
pf_ut,17,38,62.7076
pf_ut,17,39,115.811
pf_ut,17,40,195.922
pf_ut,17,41,179.364
pf_ut,17,42,158.292
pf_ut,17,43,5.53763
pf_ut,17,44,143.391
pf_ut,17,45,162.01
pf_ut,17,46,173.146
pf_ut,17,47,19.8136
pf_ut,17,48,144.923
pf_ut,17,49,230.578
pf_ut,17,50,145.677
pf_ut,17,51,30.2827
pf_ut,17,52,175.514
pf_ut,17,53,44.3999
pf_ut,17,54,178.932
pf_ut,17,55,58.0144
pf_ut,17,56,111.687
pf_ut,17,57,164.951
pf_ut,17,58,132.864
pf_ut,17,59,118.109
pf_ut,17,60,38.7748
pf_ut,17,61,68.4199
pf_ut,17,62,105.821
pf_ut,17,63,100.48
pf_ut,17,64,42.4916
pf_ut,17,65,87.5467
pf_ut,17,66,8.45123
pf_ut,17,67,124.837
pf_ut,17,68,103.222
pf_ut,17,69,133.948
pf_ut,17,70,6.96831
pf_ut,17,71,32.7006
pf_ut,17,72,92.1359
pf_ut,17,73,68.2387
pf_ut,17,74,100.469
pf_ut,17,75,127.791
pf_ut,17,76,32.9687
pf_ut,17,77,29.5049
pf_ut,17,78,130.59
pf_ut,17,79,119.589
pf_ut,17,80,173.582
pf_ut,17,81,123.957
pf_ut,17,82,133.34
pf_ut,17,83,176.912
pf_ut,17,84,156.487
pf_ut,17,85,60.9544
pf_ut,17,86,78.6629
pf_ut,17,87,2.88595
pf_ut,17,88,105.009
pf_ut,17,89,74.9357
pf_ut,17,90,79.5982
pf_ut,17,91,109.411
pf_ut,17,92,97.2555
pf_ut,17,93,101.501
pf_ut,17,94,135.226
pf_ut,17,95,58.4571
pf_ut,17,96,167.608
pf_ut,17,97,104.493
pf_ut,17,98,120.915
pf_ut,17,99,158.691
pf_ut,17,100,169.777
pf_ut,17,101,169.452
pf_ut,17,102,164.295
pf_ut,17,103,112.85
pf_ut,17,104,131.583
pf_ut,17,105,36.3819
pf_ut,17,106,23.9252
pf_ut,17,107,104.505
pf_ut,17,108,80.9958
pf_ut,17,109,178.543
pf_ut,17,110,146.107
pf_ut,17,111,222.773
pf_ut,17,112,107.279
pf_ut,17,113,209.16
pf_ut,17,114,125.947
pf_ut,17,115,178.408
pf_ut,17,116,140.562
pf_ut,17,117,154.802
pf_ut,17,118,150.149
pf_ut,17,119,114.305
pf_ut,17,120,263.758
pf_ut,17,121,130.57
pf_ut,17,122,106.698
pf_ut,17,123,97.8746
pf_ut,17,124,193.133
pf_ut,17,125,192.901
pf_ut,17,126,167.794
pf_ut,17,127,204.978
pf_ut,17,128,95.4564
pf_ut,17,129,46.1593
pf_ut,17,130,119.927
pf_ut,17,131,128.448
pf_ut,17,132,217.782
pf_ut,17,133,185.415
pf_ut,17,134,220.148
pf_ut,17,135,207.912
pf_ut,17,136,220.559
pf_ut,17,137,144.756
pf_ut,17,138,160.265
pf_ut,17,139,102.079
pf_ut,17,140,57.7025
pf_ut,17,141,198.227
pf_ut,17,142,36.653
pf_ut,17,143,160.958
pf_ut,17,144,119.192
pf_ut,17,145,144.291
pf_ut,17,146,251.479
pf_ut,17,147,232.763
pf_ut,17,148,25.5506
pf_ut,17,149,200.509
copf_ut,17,0,171.034
copf_ut,17,1,410.859
copf_ut,17,2,341.653
copf_ut,17,3,272.958
copf_ut,17,4,196.723
copf_ut,17,5,405.734
copf_ut,17,6,275.097
copf_ut,17,7,220.409
copf_ut,17,8,368.023
copf_ut,17,9,276.525
copf_ut,17,10,220.006
copf_ut,17,11,374.775
copf_ut,17,12,282.917
copf_ut,17,13,201.897
copf_ut,17,14,368.691
copf_ut,17,15,285.624
copf_ut,17,16,221.404
copf_ut,17,17,408.27
copf_ut,17,18,321.142
copf_ut,17,19,247.645
copf_ut,17,20,369.497
copf_ut,17,21,260.636
copf_ut,17,22,167.821
copf_ut,17,23,328.601
copf_ut,17,24,188.151
copf_ut,17,25,318.372
copf_ut,17,26,231.416
copf_ut,17,27,355.809
copf_ut,17,28,261.897
copf_ut,17,29,196.52
copf_ut,17,30,370.519
copf_ut,17,31,277.137
copf_ut,17,32,214.094
copf_ut,17,33,403.298
copf_ut,17,34,313.925
copf_ut,17,35,230.268
copf_ut,17,36,411.601
copf_ut,17,37,324.6
copf_ut,17,38,229.502
copf_ut,17,39,351.863
copf_ut,17,40,251.26
copf_ut,17,41,363.062
copf_ut,17,42,262.306
copf_ut,17,43,145.883
copf_ut,17,44,309.195
copf_ut,17,45,191.082
copf_ut,17,46,338.202
copf_ut,17,47,261.393
copf_ut,17,48,194.254
copf_ut,17,49,401.841
copf_ut,17,50,285.052
copf_ut,17,51,185.796
copf_ut,17,52,354.406
copf_ut,17,53,263.646
copf_ut,17,54,185.525
copf_ut,17,55,292.859
copf_ut,17,56,172.431
copf_ut,17,57,331.826
copf_ut,17,58,228.778
copf_ut,17,59,357.626
copf_ut,17,60,223.3
copf_ut,17,61,290.19
copf_ut,17,62,163.002
copf_ut,17,63,282.577
copf_ut,17,64,181.337
copf_ut,17,65,303.356
copf_ut,17,66,146.244
copf_ut,17,67,238.596
copf_ut,17,68,258.603
copf_ut,17,69,130.7
copf_ut,17,70,206.879
copf_ut,17,71,190.729
copf_ut,17,72,234.504
copf_ut,17,73,205.578
copf_ut,17,74,247.824
copf_ut,17,75,238.765
copf_ut,17,76,282.703
copf_ut,17,77,188.333
copf_ut,17,78,347.828
copf_ut,17,79,258.629
copf_ut,17,80,194.424
copf_ut,17,81,338.169
copf_ut,17,82,224.719
copf_ut,17,83,333.842
copf_ut,17,84,243.621
copf_ut,17,85,289.153
copf_ut,17,86,169.419
copf_ut,17,87,146.121
copf_ut,17,88,254.549
copf_ut,17,89,235.492
copf_ut,17,90,201.648
copf_ut,17,91,226.223
copf_ut,17,92,237.431
copf_ut,17,93,268.531
copf_ut,17,94,144.226
copf_ut,17,95,310.658
copf_ut,17,96,197.267
copf_ut,17,97,290.967
copf_ut,17,98,174.439
copf_ut,17,99,327.677
copf_ut,17,100,221.991
copf_ut,17,101,371.734
copf_ut,17,102,259.494
copf_ut,17,103,163.402
copf_ut,17,104,352.263
copf_ut,17,105,209.749
copf_ut,17,106,310.963
copf_ut,17,107,197.8
copf_ut,17,108,351.295
copf_ut,17,109,242.557
copf_ut,17,110,362.438
copf_ut,17,111,276.287
copf_ut,17,112,187.822
copf_ut,17,113,367.264
copf_ut,17,114,242.054
copf_ut,17,115,354.192
copf_ut,17,116,251.385
copf_ut,17,117,383.854
copf_ut,17,118,296.707
copf_ut,17,119,237.337
copf_ut,17,120,428.605
copf_ut,17,121,346.463
copf_ut,17,122,248.309
copf_ut,17,123,351.938
copf_ut,17,124,261.498
copf_ut,17,125,178.788
copf_ut,17,126,376.323
copf_ut,17,127,274.162
copf_ut,17,128,205.243
copf_ut,17,129,280.473
copf_ut,17,130,218.084
copf_ut,17,131,384.726
copf_ut,17,132,307.009
copf_ut,17,133,227.19
copf_ut,17,134,395.174
copf_ut,17,135,311.165
copf_ut,17,136,238.6
copf_ut,17,137,371.83
copf_ut,17,138,256.577
copf_ut,17,139,199.51
copf_ut,17,140,321.361
copf_ut,17,141,222.708
copf_ut,17,142,333.038
copf_ut,17,143,243.13
copf_ut,17,144,366.161
copf_ut,17,145,278.768
copf_ut,17,146,219.082
copf_ut,17,147,418.59
copf_ut,17,148,251.592
copf_ut,17,149,379.455
pf_ut,18,0,69.292
pf_ut,18,1,210.862
pf_ut,18,2,205.322
pf_ut,18,3,253.217
pf_ut,18,4,77.863
pf_ut,18,5,234.213
pf_ut,18,6,72.9221
pf_ut,18,7,198.154
pf_ut,18,8,152.092
pf_ut,18,9,111.282
pf_ut,18,10,185.046
pf_ut,18,11,162.862
pf_ut,18,12,196.182
pf_ut,18,13,122.227
pf_ut,18,14,189.171
pf_ut,18,15,61.3416
pf_ut,18,16,223.516
pf_ut,18,17,204.826
pf_ut,18,18,150.696
pf_ut,18,19,196.312
pf_ut,18,20,129.496
pf_ut,18,21,186.304
pf_ut,18,22,23.7275
pf_ut,18,23,129.021
pf_ut,18,24,70.1575
pf_ut,18,25,115.926
pf_ut,18,26,96.1862
pf_ut,18,27,125.018
pf_ut,18,28,40.6666
pf_ut,18,29,106.875
pf_ut,18,30,178.532
pf_ut,18,31,163.854
pf_ut,18,32,178.05
pf_ut,18,33,209.491
pf_ut,18,34,71.0388
pf_ut,18,35,137.521
pf_ut,18,36,228.7
pf_ut,18,37,238.417
pf_ut,18,38,59.2168
pf_ut,18,39,132.241
pf_ut,18,40,200.868
pf_ut,18,41,166.8
pf_ut,18,42,151.884
pf_ut,18,43,5.10425
pf_ut,18,44,167.183
pf_ut,18,45,153.296
pf_ut,18,46,159.533
pf_ut,18,47,19.4769
pf_ut,18,48,165.351
pf_ut,18,49,212.606
pf_ut,18,50,149.089
pf_ut,18,51,33.886
pf_ut,18,52,197.539
pf_ut,18,53,36.1229
pf_ut,18,54,175.545
pf_ut,18,55,49.5159
pf_ut,18,56,116.258
pf_ut,18,57,148.912
pf_ut,18,58,124.084
pf_ut,18,59,117.93
pf_ut,18,60,57.9682
pf_ut,18,61,72.9526
pf_ut,18,62,90.9774
pf_ut,18,63,111.256
pf_ut,18,64,60.9598
pf_ut,18,65,62.8035
pf_ut,18,66,6.32597
pf_ut,18,67,117.252
pf_ut,18,68,129.152
pf_ut,18,69,116.924
pf_ut,18,70,8.74202
pf_ut,18,71,27.3519
pf_ut,18,72,86.637
pf_ut,18,73,74.0259
pf_ut,18,74,95.9938
pf_ut,18,75,126.102
pf_ut,18,76,35.2983
pf_ut,18,77,39.2148
pf_ut,18,78,135.655
pf_ut,18,79,103.563
pf_ut,18,80,181.642
pf_ut,18,81,141.212
pf_ut,18,82,119.3
pf_ut,18,83,163.612
pf_ut,18,84,157.161
pf_ut,18,85,54.5072
pf_ut,18,86,75.5921
pf_ut,18,87,1.00916
pf_ut,18,88,110.741
pf_ut,18,89,66.614
pf_ut,18,90,81.6334
pf_ut,18,91,101.565
pf_ut,18,92,97.9103
pf_ut,18,93,95.9446
pf_ut,18,94,139.479
pf_ut,18,95,71.0917
pf_ut,18,96,146.403
pf_ut,18,97,116.549
pf_ut,18,98,109.951
pf_ut,18,99,177.909
pf_ut,18,100,145.997
pf_ut,18,101,168.59
pf_ut,18,102,181.867
pf_ut,18,103,123.249
pf_ut,18,104,141.533
pf_ut,18,105,38.4072
pf_ut,18,106,25.4719
pf_ut,18,107,86.4278
pf_ut,18,108,91.8582
pf_ut,18,109,170.185
pf_ut,18,110,138.197
pf_ut,18,111,216.152
pf_ut,18,112,112.86
pf_ut,18,113,188.781
pf_ut,18,114,133.977
pf_ut,18,115,196.677
pf_ut,18,116,137.212
pf_ut,18,117,151.71
pf_ut,18,118,160.475
pf_ut,18,119,109.253
pf_ut,18,120,244.314
pf_ut,18,121,246.519
pf_ut,18,122,120.099
pf_ut,18,123,99.8162
pf_ut,18,124,190.011
pf_ut,18,125,199.165
pf_ut,18,126,195.715
pf_ut,18,127,216.74
pf_ut,18,128,87.4212
pf_ut,18,129,27.5013
pf_ut,18,130,103.822
pf_ut,18,131,132.795
pf_ut,18,132,219.092
pf_ut,18,133,202.895
pf_ut,18,134,215.612
pf_ut,18,135,219.864
pf_ut,18,136,217.3
pf_ut,18,137,160.879
pf_ut,18,138,146.656
pf_ut,18,139,80.7652
pf_ut,18,140,57.3934
pf_ut,18,141,181.832
pf_ut,18,142,39.9593
pf_ut,18,143,138.033
pf_ut,18,144,115.838
pf_ut,18,145,148.909
pf_ut,18,146,217.555
pf_ut,18,147,245.917
pf_ut,18,148,31.7062
pf_ut,18,149,193.503
copf_ut,18,0,184.235
copf_ut,18,1,429.939
copf_ut,18,2,340.508
copf_ut,18,3,278.602
copf_ut,18,4,186.069
copf_ut,18,5,421.308
copf_ut,18,6,298.876
copf_ut,18,7,230.911
copf_ut,18,8,375.061
copf_ut,18,9,288.559
copf_ut,18,10,235.967
copf_ut,18,11,386.692
copf_ut,18,12,283.984
copf_ut,18,13,195.184
copf_ut,18,14,374.976
copf_ut,18,15,296.583
copf_ut,18,16,232.87
copf_ut,18,17,408.856
copf_ut,18,18,330.18
copf_ut,18,19,258.143
copf_ut,18,20,189.799
copf_ut,18,21,381.403
copf_ut,18,22,219.62
copf_ut,18,23,324.862
copf_ut,18,24,185.396
copf_ut,18,25,315.975
copf_ut,18,26,225.512
copf_ut,18,27,331.313
copf_ut,18,28,266.172
copf_ut,18,29,183.403
copf_ut,18,30,359.948
copf_ut,18,31,270.614
copf_ut,18,32,207.802
copf_ut,18,33,398.204
copf_ut,18,34,323.309
copf_ut,18,35,230.983
copf_ut,18,36,409.915
copf_ut,18,37,328.563
copf_ut,18,38,225.571
copf_ut,18,39,347.335
copf_ut,18,40,244.719
copf_ut,18,41,349.526
copf_ut,18,42,249.162
copf_ut,18,43,231.257
copf_ut,18,44,331.11
copf_ut,18,45,204.683
copf_ut,18,46,336.201
copf_ut,18,47,231.861
copf_ut,18,48,386.868
copf_ut,18,49,302.474
copf_ut,18,50,218.304
copf_ut,18,51,273.547
copf_ut,18,52,192.019
copf_ut,18,53,327.685
copf_ut,18,54,237.235
copf_ut,18,55,301.339
copf_ut,18,56,179.249
copf_ut,18,57,339.989
copf_ut,18,58,231.349
copf_ut,18,59,351.247
copf_ut,18,60,231.079
copf_ut,18,61,286.755
copf_ut,18,62,161.983
copf_ut,18,63,284.377
copf_ut,18,64,173.729
copf_ut,18,65,285.657
copf_ut,18,66,131.155
copf_ut,18,67,254.089
copf_ut,18,68,242.633
copf_ut,18,69,277.174
copf_ut,18,70,131.576
copf_ut,18,71,200.8
copf_ut,18,72,238.224
copf_ut,18,73,199.736
copf_ut,18,74,225.964
copf_ut,18,75,247.366
copf_ut,18,76,305.277
copf_ut,18,77,190.594
copf_ut,18,78,363.195
copf_ut,18,79,269.25
copf_ut,18,80,192.761
copf_ut,18,81,338.882
copf_ut,18,82,215.152
copf_ut,18,83,324.015
copf_ut,18,84,225.33
copf_ut,18,85,290.599
copf_ut,18,86,169.517
copf_ut,18,87,170.09
copf_ut,18,88,240.261
copf_ut,18,89,238.494
copf_ut,18,90,233.648
copf_ut,18,91,228.896
copf_ut,18,92,236.39
copf_ut,18,93,257.515
copf_ut,18,94,134.857
copf_ut,18,95,307.711
copf_ut,18,96,186.161
copf_ut,18,97,299.443
copf_ut,18,98,204.547
copf_ut,18,99,324.667
copf_ut,18,100,214.449
copf_ut,18,101,356.764
copf_ut,18,102,239.355
copf_ut,18,103,327.387
copf_ut,18,104,234.337
copf_ut,18,105,262.101
copf_ut,18,106,189.694
copf_ut,18,107,329.212
copf_ut,18,108,245.272
copf_ut,18,109,367.384
copf_ut,18,110,273.418
copf_ut,18,111,209.186
copf_ut,18,112,343.251
copf_ut,18,113,245.477
copf_ut,18,114,354.137
copf_ut,18,115,246.966
copf_ut,18,116,371.507
copf_ut,18,117,275.046
copf_ut,18,118,216.957
copf_ut,18,119,370.959
copf_ut,18,120,307.075
copf_ut,18,121,244.159
copf_ut,18,122,359.718
copf_ut,18,123,227.925
copf_ut,18,124,380.487
copf_ut,18,125,272.742
copf_ut,18,126,186.262
copf_ut,18,127,378.55
copf_ut,18,128,288.754
copf_ut,18,129,188.974
copf_ut,18,130,360.237
copf_ut,18,131,275.801
copf_ut,18,132,216.826
copf_ut,18,133,393.016
copf_ut,18,134,305.101
copf_ut,18,135,242.101
copf_ut,18,136,403.933
copf_ut,18,137,286.83
copf_ut,18,138,195.827
copf_ut,18,139,364.061
copf_ut,18,140,241.241
copf_ut,18,141,383.841
copf_ut,18,142,289.909
copf_ut,18,143,206.932
copf_ut,18,144,378.648
copf_ut,18,145,309.527
copf_ut,18,146,255.018
copf_ut,18,147,422.189
copf_ut,18,148,284.167
copf_ut,18,149,195.192
pf_ut,19,0,73.122
pf_ut,19,1,227.948
pf_ut,19,2,195.082
pf_ut,19,3,246.146
pf_ut,19,4,63.1499
pf_ut,19,5,218.2
pf_ut,19,6,67.9942
pf_ut,19,7,187.244
pf_ut,19,8,158.446
pf_ut,19,9,113.018
pf_ut,19,10,189.882
pf_ut,19,11,157.18
pf_ut,19,12,216.493
pf_ut,19,13,135.563
pf_ut,19,14,201.441
pf_ut,19,15,63.2544
pf_ut,19,16,230.278
pf_ut,19,17,220.495
pf_ut,19,18,136.501
pf_ut,19,19,172.142
pf_ut,19,20,134.939
pf_ut,19,21,181.985
pf_ut,19,22,31.472
pf_ut,19,23,145.353
pf_ut,19,24,53.2146
pf_ut,19,25,119.859
pf_ut,19,26,104.689
pf_ut,19,27,127.436
pf_ut,19,28,30.9964
pf_ut,19,29,106.89
pf_ut,19,30,173.854
pf_ut,19,31,156.029
pf_ut,19,32,181.551
pf_ut,19,33,223.075
pf_ut,19,34,64.8856
pf_ut,19,35,137.513
pf_ut,19,36,234.803
pf_ut,19,37,255.846
pf_ut,19,38,61.7714
pf_ut,19,39,125.247
pf_ut,19,40,183.714
pf_ut,19,41,164.024
pf_ut,19,42,152.843
pf_ut,19,43,6.23928
pf_ut,19,44,150.535
pf_ut,19,45,153.444
pf_ut,19,46,162.388
pf_ut,19,47,19.3293
pf_ut,19,48,139.366
pf_ut,19,49,221.879
pf_ut,19,50,153.454
pf_ut,19,51,31.818
pf_ut,19,52,174.726
pf_ut,19,53,46.1508
pf_ut,19,54,167.385
pf_ut,19,55,68.5727
pf_ut,19,56,114.905
pf_ut,19,57,175.278
pf_ut,19,58,132.162
pf_ut,19,59,113.726
pf_ut,19,60,41.9732
pf_ut,19,61,70.0709
pf_ut,19,62,114.864
pf_ut,19,63,118.564
pf_ut,19,64,51.0351
pf_ut,19,65,76.3907
pf_ut,19,66,2.57617
pf_ut,19,67,104.837
pf_ut,19,68,115.046
pf_ut,19,69,111.532
pf_ut,19,70,14.566
pf_ut,19,71,27.6796
pf_ut,19,72,84.1621
pf_ut,19,73,66.4121
pf_ut,19,74,105.429
pf_ut,19,75,122.343
pf_ut,19,76,27.5637
pf_ut,19,77,27.0544
pf_ut,19,78,108.213
pf_ut,19,79,102.351
pf_ut,19,80,188.253
pf_ut,19,81,109.95
pf_ut,19,82,131.44
pf_ut,19,83,172.98
pf_ut,19,84,158.396
pf_ut,19,85,74.7679
pf_ut,19,86,74.0156
pf_ut,19,87,1.00024
pf_ut,19,88,107.767
pf_ut,19,89,80.3914
pf_ut,19,90,75.019
pf_ut,19,91,91.9441
pf_ut,19,92,93.9185
pf_ut,19,93,89.8323
pf_ut,19,94,125.195
pf_ut,19,95,71.5914
pf_ut,19,96,152.191
pf_ut,19,97,107.558
pf_ut,19,98,118.954
pf_ut,19,99,169.167
pf_ut,19,100,159.407
pf_ut,19,101,190.11
pf_ut,19,102,178.999
pf_ut,19,103,113.047
pf_ut,19,104,122.548
pf_ut,19,105,32.1482
pf_ut,19,106,24.3005
pf_ut,19,107,97.6377
pf_ut,19,108,91.3076
pf_ut,19,109,190.219
pf_ut,19,110,137.08
pf_ut,19,111,201.682
pf_ut,19,112,118.984
pf_ut,19,113,195.789
pf_ut,19,114,124.4
pf_ut,19,115,172.962
pf_ut,19,116,137.801
pf_ut,19,117,164.317
pf_ut,19,118,159.293
pf_ut,19,119,111.215
pf_ut,19,120,269.882
pf_ut,19,121,132.304
pf_ut,19,122,111.726
pf_ut,19,123,90.6989
pf_ut,19,124,181.947
pf_ut,19,125,206.632
pf_ut,19,126,184.07
pf_ut,19,127,203.508
pf_ut,19,128,102.914
pf_ut,19,129,31.6046
pf_ut,19,130,115.252
pf_ut,19,131,125.903
pf_ut,19,132,231.374
pf_ut,19,133,208.906
pf_ut,19,134,217.212
pf_ut,19,135,200.357
pf_ut,19,136,211.582
pf_ut,19,137,143.33
pf_ut,19,138,152.576
pf_ut,19,139,75.4643
pf_ut,19,140,63.4747
pf_ut,19,141,187.67
pf_ut,19,142,43.6123
pf_ut,19,143,159.921
pf_ut,19,144,104.217
pf_ut,19,145,138.516
pf_ut,19,146,229.575
pf_ut,19,147,260.304
pf_ut,19,148,17.4027
pf_ut,19,149,191.661
copf_ut,19,0,173.912
copf_ut,19,1,412.85
copf_ut,19,2,326.134
copf_ut,19,3,266.47
copf_ut,19,4,190.697
copf_ut,19,5,410.266
copf_ut,19,6,280.839
copf_ut,19,7,207.137
copf_ut,19,8,370.024
copf_ut,19,9,271.96
copf_ut,19,10,210.493
copf_ut,19,11,378.257
copf_ut,19,12,278.163
copf_ut,19,13,190.045
copf_ut,19,14,389.167
copf_ut,19,15,284.131
copf_ut,19,16,232.862
copf_ut,19,17,408.575
copf_ut,19,18,306.814
copf_ut,19,19,231
copf_ut,19,20,360.111
copf_ut,19,21,263.836
copf_ut,19,22,149.973
copf_ut,19,23,329.638
copf_ut,19,24,181.508
copf_ut,19,25,327.537
copf_ut,19,26,228.047
copf_ut,19,27,320.067
copf_ut,19,28,233.034
copf_ut,19,29,346.346
copf_ut,19,30,258.258
copf_ut,19,31,192.832
copf_ut,19,32,380.761
copf_ut,19,33,294.492
copf_ut,19,34,231.909
copf_ut,19,35,369.059
copf_ut,19,36,296.054
copf_ut,19,37,229.94
copf_ut,19,38,307.233
copf_ut,19,39,213.734
copf_ut,19,40,365.437
copf_ut,19,41,259.956
copf_ut,19,42,187.152
copf_ut,19,43,245.205
copf_ut,19,44,319.131
copf_ut,19,45,206.971
copf_ut,19,46,326.295
copf_ut,19,47,234.188
copf_ut,19,48,390.084
copf_ut,19,49,295.488
copf_ut,19,50,212.935
copf_ut,19,51,269.472
copf_ut,19,52,181.309
copf_ut,19,53,328.497
copf_ut,19,54,243.855
copf_ut,19,55,306.761
copf_ut,19,56,186.047
copf_ut,19,57,343.489
copf_ut,19,58,239.777
copf_ut,19,59,357.287
copf_ut,19,60,213.989
copf_ut,19,61,286.918
copf_ut,19,62,162.576
copf_ut,19,63,262.803
copf_ut,19,64,169.79
copf_ut,19,65,292.74
copf_ut,19,66,125.882
copf_ut,19,67,240.627
copf_ut,19,68,263.475
copf_ut,19,69,126.708
copf_ut,19,70,202.152
copf_ut,19,71,181.824
copf_ut,19,72,249.297
copf_ut,19,73,217.795
copf_ut,19,74,221.867
copf_ut,19,75,255.362
copf_ut,19,76,280.283
copf_ut,19,77,191.693
copf_ut,19,78,352.424
copf_ut,19,79,260.454
copf_ut,19,80,180.628
copf_ut,19,81,343.16
copf_ut,19,82,221.223
copf_ut,19,83,340.468
copf_ut,19,84,231.996
copf_ut,19,85,296.478
copf_ut,19,86,172.995
copf_ut,19,87,141.539
copf_ut,19,88,250.022
copf_ut,19,89,236.673
copf_ut,19,90,229.838
copf_ut,19,91,227.647
copf_ut,19,92,246.46
copf_ut,19,93,272.951
copf_ut,19,94,152.129
copf_ut,19,95,301.647
copf_ut,19,96,181.563
copf_ut,19,97,303.082
copf_ut,19,98,194.925
copf_ut,19,99,334.127
copf_ut,19,100,217.956
copf_ut,19,101,358.607
copf_ut,19,102,253.721
copf_ut,19,103,325.303
copf_ut,19,104,233.474
copf_ut,19,105,284.228
copf_ut,19,106,195.948
copf_ut,19,107,332.481
copf_ut,19,108,243.826
copf_ut,19,109,365.173
copf_ut,19,110,263.187
copf_ut,19,111,197.745
copf_ut,19,112,338.215
copf_ut,19,113,238.372
copf_ut,19,114,328.466
copf_ut,19,115,212.596
copf_ut,19,116,360.693
copf_ut,19,117,265.267
copf_ut,19,118,199.895
copf_ut,19,119,372.865
copf_ut,19,120,305.803
copf_ut,19,121,252.588
copf_ut,19,122,360.247
copf_ut,19,123,248.457
copf_ut,19,124,388.461
copf_ut,19,125,283.373
copf_ut,19,126,200.789
copf_ut,19,127,385.056
copf_ut,19,128,295.521
copf_ut,19,129,189.093
copf_ut,19,130,357.794
copf_ut,19,131,266.927
copf_ut,19,132,215.738
copf_ut,19,133,380.812
copf_ut,19,134,296.951
copf_ut,19,135,238.289
copf_ut,19,136,403.049
copf_ut,19,137,288.002
copf_ut,19,138,206.749
copf_ut,19,139,351.876
copf_ut,19,140,234.622
copf_ut,19,141,369.985
copf_ut,19,142,287.587
copf_ut,19,143,216.233
copf_ut,19,144,381.593
copf_ut,19,145,297.026
copf_ut,19,146,246.352
copf_ut,19,147,420.614
copf_ut,19,148,282.735
copf_ut,19,149,211.956
